{"level":"error","ts":"2026-08-18T15:08:20.753+0430","caller":"postgresproduct/smm_service_create_or_update.go:42","msg":"smm service upsert failed","op":"postgresproduct.SMMServiceCreateOrUpdate","service_id":7102,"error":"ERROR: there is no unique or exclusion constraint matching the ON CONFLICT specification (SQLSTATE 42P10)","duration":0.004197237,"stacktrace":"telegram-service-platform/repository/postgresproduct.(*DB).SMMServiceCreateOrUpdate\n\t/home/prince/bots/telegram-service-platform/repository/postgresproduct/smm_service_create_or_update.go:42\nmain.main\n\t/home/prince/bots/telegram-service-platform/cmd/example/smm/main.go:75\nruntime.main\n\t/snap/go/11227/src/runtime/proc.go:290"}
{"level":"error","ts":"2026-08-18T15:08:20.757+0430","caller":"postgresproduct/smm_service_create_or_update.go:42","msg":"smm service upsert failed","op":"postgresproduct.SMMServiceCreateOrUpdate","service_id":5994,"error":"ERROR: there is no unique or exclusion constraint matching the ON CONFLICT specification (SQLSTATE 42P10)","duration":0.001503828,"stacktrace":"telegram-service-platform/repository/postgresproduct.(*DB).SMMServiceCreateOrUpdate\n\t/home/prince/bots/telegram-service-platform/repository/postgresproduct/smm_service_create_or_update.go:42\nmain.main\n\t/home/prince/bots/telegram-service-platform/cmd/example/smm/main.go:102\nruntime.main\n\t/snap/go/11227/src/runtime/proc.go:290"}
{"level":"error","ts":"2026-08-18T15:08:20.758+0430","caller":"postgresproduct/smm_service_create_or_update.go:42","msg":"smm service upsert failed","op":"postgresproduct.SMMServiceCreateOrUpdate","service_id":10338,"error":"ERROR: there is no unique or exclusion constraint matching the ON CONFLICT specification (SQLSTATE 42P10)","duration":0.001554126,"stacktrace":"telegram-service-platform/repository/postgresproduct.(*DB).SMMServiceCreateOrUpdate\n\t/home/prince/bots/telegram-service-platform/repository/postgresproduct/smm_service_create_or_update.go:42\nmain.main\n\t/home/prince/bots/telegram-service-platform/cmd/example/smm/main.go:129\nruntime.main\n\t/snap/go/11227/src/runtime/proc.go:290"}
{"level":"error","ts":"2026-08-18T15:15:11.425+0430","caller":"postgresproduct/smm_service_get_by_id.go:25","msg":"smm service get by service id failed","op":"postgresproduct.SMMServiceGetByID","service_id":1,"error":"can't scan into dest[13] (col: created_at): cannot scan timestamp (OID 1114) in binary format into *string","duration":0.001621538,"stacktrace":"telegram-service-platform/repository/postgresproduct.(*DB).SMMServiceGetByD\n\t/home/prince/bots/telegram-service-platform/repository/postgresproduct/smm_service_get_by_id.go:25\nmain.main\n\t/home/prince/bots/telegram-service-platform/cmd/example/smm/main.go:142\nruntime.main\n\t/snap/go/11227/src/runtime/proc.go:290"}
{"level":"error","ts":"2026-08-18T15:15:11.428+0430","caller":"postgresproduct/smm_service_get_all.go:40","msg":"smm service scan failed","op":"postgresproduct.SMMServiceGetAll","error":"can't scan into dest[13] (col: created_at): cannot scan timestamp (OID 1114) in binary format into *string","stacktrace":"telegram-service-platform/repository/postgresproduct.(*DB).SMMServiceGetAll\n\t/home/prince/bots/telegram-service-platform/repository/postgresproduct/smm_service_get_all.go:40\nmain.main\n\t/home/prince/bots/telegram-service-platform/cmd/example/smm/main.go:143\nruntime.main\n\t/snap/go/11227/src/runtime/proc.go:290"}
{"level":"error","ts":"2026-08-18T15:16:55.204+0430","caller":"postgresproduct/smm_service_get_by_id.go:25","msg":"smm service get by service id failed","op":"postgresproduct.SMMServiceGetByID","service_id":1,"error":"can't scan into dest[13] (col: created_at): cannot scan timestamp (OID 1114) in binary format into *time.Duration","duration":0.001337254,"stacktrace":"telegram-service-platform/repository/postgresproduct.(*DB).SMMServiceGetByD\n\t/home/prince/bots/telegram-service-platform/repository/postgresproduct/smm_service_get_by_id.go:25\nmain.main\n\t/home/prince/bots/telegram-service-platform/cmd/example/smm/main.go:142\nruntime.main\n\t/snap/go/11227/src/runtime/proc.go:290"}
{"level":"error","ts":"2026-08-18T15:16:55.205+0430","caller":"postgresproduct/smm_service_get_all.go:40","msg":"smm service scan failed","op":"postgresproduct.SMMServiceGetAll","error":"can't scan into dest[13] (col: created_at): cannot scan timestamp (OID 1114) in binary format into *time.Duration","stacktrace":"telegram-service-platform/repository/postgresproduct.(*DB).SMMServiceGetAll\n\t/home/prince/bots/telegram-service-platform/repository/postgresproduct/smm_service_get_all.go:40\nmain.main\n\t/home/prince/bots/telegram-service-platform/cmd/example/smm/main.go:143\nruntime.main\n\t/snap/go/11227/src/runtime/proc.go:290"}
{"level":"error","ts":"2026-08-18T15:31:09.256+0430","caller":"postgresproduct/smm_mapping_create.go:24","msg":"smm mapping create failed","op":"postgresproduct.SMMMappingCreate","name":"Instagram Views","error":"ERROR: relation \"smm_service_mapping\" does not exist (SQLSTATE 42P01)","duration":0.00240498,"stacktrace":"telegram-service-platform/repository/postgresproduct.(*DB).SMMMappingCreate\n\t/home/prince/bots/telegram-service-platform/repository/postgresproduct/smm_mapping_create.go:24\ntelegram-service-platform/service/productservice.Service.CreateSMMMapping\n\t/home/prince/bots/telegram-service-platform/service/productservice/createSMMMapping.go:31\nmain.main\n\t/home/prince/bots/telegram-service-platform/cmd/example/smm/main.go:153\nruntime.main\n\t/snap/go/11227/src/runtime/proc.go:290"}
{"level":"error","ts":"2026-08-18T15:31:09.257+0430","caller":"productservice/createSMMMapping.go:32","msg":"admin create smm mapping failed","op":"productservice.AdminCreateSMMMapping","name":"Instagram Views","error":"failed to query","duration":0.003214789,"stacktrace":"telegram-service-platform/service/productservice.Service.CreateSMMMapping\n\t/home/prince/bots/telegram-service-platform/service/productservice/createSMMMapping.go:32\nmain.main\n\t/home/prince/bots/telegram-service-platform/cmd/example/smm/main.go:153\nruntime.main\n\t/snap/go/11227/src/runtime/proc.go:290"}
{"level":"error","ts":"2026-08-18T15:36:36.323+0430","caller":"postgresproduct/smm_mapping_create.go:24","msg":"smm mapping create failed","op":"postgresproduct.SMMMappingCreate","name":"Instagram Views","error":"ERROR: relation \"smm_service_mapping\" does not exist (SQLSTATE 42P01)","duration":0.000625663,"stacktrace":"telegram-service-platform/repository/postgresproduct.(*DB).SMMMappingCreate\n\t/home/prince/bots/telegram-service-platform/repository/postgresproduct/smm_mapping_create.go:24\ntelegram-service-platform/service/productservice.Service.CreateSMMMapping\n\t/home/prince/bots/telegram-service-platform/service/productservice/createSMMMapping.go:31\nmain.main\n\t/home/prince/bots/telegram-service-platform/cmd/example/smm/main.go:156\nruntime.main\n\t/snap/go/11227/src/runtime/proc.go:290"}
{"level":"error","ts":"2026-08-18T15:36:36.323+0430","caller":"productservice/createSMMMapping.go:32","msg":"admin create smm mapping failed","op":"productservice.AdminCreateSMMMapping","name":"Instagram Views","error":"failed to query","duration":0.000967885,"stacktrace":"telegram-service-platform/service/productservice.Service.CreateSMMMapping\n\t/home/prince/bots/telegram-service-platform/service/productservice/createSMMMapping.go:32\nmain.main\n\t/home/prince/bots/telegram-service-platform/cmd/example/smm/main.go:156\nruntime.main\n\t/snap/go/11227/src/runtime/proc.go:290"}
{"level":"error","ts":"2026-08-18T15:37:24.710+0430","caller":"postgresproduct/smm_mapping_create.go:24","msg":"smm mapping create failed","op":"postgresproduct.SMMMappingCreate","name":"Instagram Views","error":"ERROR: relation \"smm_service_mapping\" does not exist (SQLSTATE 42P01)","duration":0.000491524,"stacktrace":"telegram-service-platform/repository/postgresproduct.(*DB).SMMMappingCreate\n\t/home/prince/bots/telegram-service-platform/repository/postgresproduct/smm_mapping_create.go:24\ntelegram-service-platform/service/productservice.Service.CreateSMMMapping\n\t/home/prince/bots/telegram-service-platform/service/productservice/createSMMMapping.go:31\nmain.main\n\t/home/prince/bots/telegram-service-platform/cmd/example/smm/main.go:156\nruntime.main\n\t/snap/go/11227/src/runtime/proc.go:290"}
{"level":"error","ts":"2026-08-18T15:37:24.710+0430","caller":"productservice/createSMMMapping.go:32","msg":"admin create smm mapping failed","op":"productservice.AdminCreateSMMMapping","name":"Instagram Views","error":"failed to query","duration":0.000706945,"stacktrace":"telegram-service-platform/service/productservice.Service.CreateSMMMapping\n\t/home/prince/bots/telegram-service-platform/service/productservice/createSMMMapping.go:32\nmain.main\n\t/home/prince/bots/telegram-service-platform/cmd/example/smm/main.go:156\nruntime.main\n\t/snap/go/11227/src/runtime/proc.go:290"}
{"level":"info","ts":"2026-08-18T15:42:15.865+0430","caller":"postgresproduct/smm_mapping_create.go:35","msg":"smm mapping created","id":1,"name":"Instagram Views","platform":"Instagram","category":"view","duration":0.00468599}
{"level":"info","ts":"2026-08-18T15:42:15.866+0430","caller":"productservice/createSMMMapping.go:43","msg":"admin created smm mapping","id":1,"name":"Instagram Views","platform":"Instagram","category":"view","duration":0.005802219}
{"level":"info","ts":"2026-08-18T15:42:15.867+0430","caller":"postgresproduct/smm_mapping_create.go:35","msg":"smm mapping created","id":2,"name":"Telegram Members","platform":"Telegram","category":"member","duration":0.001114637}
{"level":"info","ts":"2026-08-18T15:42:15.867+0430","caller":"productservice/createSMMMapping.go:43","msg":"admin created smm mapping","id":2,"name":"Telegram Members","platform":"Telegram","category":"member","duration":0.001184555}
{"level":"info","ts":"2026-08-18T15:42:15.868+0430","caller":"postgresproduct/smm_mapping_create.go:35","msg":"smm mapping created","id":3,"name":"TikTok Followers","platform":"TickTock","category":"follower","duration":0.000627307}
{"level":"info","ts":"2026-08-18T15:42:15.868+0430","caller":"productservice/createSMMMapping.go:43","msg":"admin created smm mapping","id":3,"name":"TikTok Followers","platform":"TickTock","category":"follower","duration":0.000690922}
{"level":"error","ts":"2026-08-18T15:47:29.891+0430","caller":"postgresproduct/smm_mapping_get_by_id.go:26","msg":"smm mapping get by id failed","op":"postgresproduct.SMMMappingGetByID","id":1,"error":"number of field descriptions must equal number of destinations, got 9 and 10","duration":0.000812365,"stacktrace":"telegram-service-platform/repository/postgresproduct.(*DB).SMMMappingGetByID\n\t/home/prince/bots/telegram-service-platform/repository/postgresproduct/smm_mapping_get_by_id.go:26\ntelegram-service-platform/service/productservice.Service.GetSMMMappingByID\n\t/home/prince/bots/telegram-service-platform/service/productservice/getSMMMappingByID.go:18\nmain.main\n\t/home/prince/bots/telegram-service-platform/cmd/example/smm/main.go:185\nruntime.main\n\t/snap/go/11227/src/runtime/proc.go:290"}
{"level":"error","ts":"2026-08-18T15:47:29.891+0430","caller":"productservice/getSMMMappingByID.go:20","msg":"get smm mapping by id failed","op":"productservice.GetSMMMappingByID","id":1,"error":"productkeyboard not found","duration":0.001161207,"stacktrace":"telegram-service-platform/service/productservice.Service.GetSMMMappingByID\n\t/home/prince/bots/telegram-service-platform/service/productservice/getSMMMappingByID.go:20\nmain.main\n\t/home/prince/bots/telegram-service-platform/cmd/example/smm/main.go:185\nruntime.main\n\t/snap/go/11227/src/runtime/proc.go:290"}
{"level":"error","ts":"2026-08-18T15:47:29.893+0430","caller":"postgresproduct/smm_mapping_get_by_platform_category.go:42","msg":"smm mapping scan failed","op":"postgresproduct.SMMMappingGetByPlatformCategory","error":"number of field descriptions must equal number of destinations, got 9 and 10","stacktrace":"telegram-service-platform/repository/postgresproduct.(*DB).SMMMappingGetByPlatformCategory\n\t/home/prince/bots/telegram-service-platform/repository/postgresproduct/smm_mapping_get_by_platform_category.go:42\ntelegram-service-platform/service/productservice.Service.GetSMMMappingsByPlatformCategory\n\t/home/prince/bots/telegram-service-platform/service/productservice/getSMMMappingByPlatformCategory.go:19\nmain.main\n\t/home/prince/bots/telegram-service-platform/cmd/example/smm/main.go:189\nruntime.main\n\t/snap/go/11227/src/runtime/proc.go:290"}
{"level":"error","ts":"2026-08-18T15:47:29.893+0430","caller":"productservice/getSMMMappingByPlatformCategory.go:21","msg":"get smm mappings by platform category failed","op":"productservice.GetSMMMappingsByPlatformCategory","platform":"TickTock","category":"follower","error":"failed to query scan","duration":0.001992338,"stacktrace":"telegram-service-platform/service/productservice.Service.GetSMMMappingsByPlatformCategory\n\t/home/prince/bots/telegram-service-platform/service/productservice/getSMMMappingByPlatformCategory.go:21\nmain.main\n\t/home/prince/bots/telegram-service-platform/cmd/example/smm/main.go:189\nruntime.main\n\t/snap/go/11227/src/runtime/proc.go:290"}
{"level":"error","ts":"2026-08-18T15:48:09.659+0430","caller":"postgresproduct/smm_mapping_get_by_id.go:26","msg":"smm mapping get by id failed","op":"postgresproduct.SMMMappingGetByID","id":1,"error":"number of field descriptions must equal number of destinations, got 9 and 10","duration":0.001417226,"stacktrace":"telegram-service-platform/repository/postgresproduct.(*DB).SMMMappingGetByID\n\t/home/prince/bots/telegram-service-platform/repository/postgresproduct/smm_mapping_get_by_id.go:26\ntelegram-service-platform/service/productservice.Service.GetSMMMappingByID\n\t/home/prince/bots/telegram-service-platform/service/productservice/getSMMMappingByID.go:18\nmain.main\n\t/home/prince/bots/telegram-service-platform/cmd/example/smm/main.go:185\nruntime.main\n\t/snap/go/11227/src/runtime/proc.go:290"}
{"level":"error","ts":"2026-08-18T15:48:09.660+0430","caller":"productservice/getSMMMappingByID.go:20","msg":"get smm mapping by id failed","op":"productservice.GetSMMMappingByID","id":1,"error":"productkeyboard not found","duration":0.002093154,"stacktrace":"telegram-service-platform/service/productservice.Service.GetSMMMappingByID\n\t/home/prince/bots/telegram-service-platform/service/productservice/getSMMMappingByID.go:20\nmain.main\n\t/home/prince/bots/telegram-service-platform/cmd/example/smm/main.go:185\nruntime.main\n\t/snap/go/11227/src/runtime/proc.go:290"}
{"level":"error","ts":"2026-08-18T15:48:09.661+0430","caller":"postgresproduct/smm_mapping_get_by_platform_category.go:42","msg":"smm mapping scan failed","op":"postgresproduct.SMMMappingGetByPlatformCategory","error":"number of field descriptions must equal number of destinations, got 9 and 10","stacktrace":"telegram-service-platform/repository/postgresproduct.(*DB).SMMMappingGetByPlatformCategory\n\t/home/prince/bots/telegram-service-platform/repository/postgresproduct/smm_mapping_get_by_platform_category.go:42\ntelegram-service-platform/service/productservice.Service.GetSMMMappingsByPlatformCategory\n\t/home/prince/bots/telegram-service-platform/service/productservice/getSMMMappingByPlatformCategory.go:19\nmain.main\n\t/home/prince/bots/telegram-service-platform/cmd/example/smm/main.go:189\nruntime.main\n\t/snap/go/11227/src/runtime/proc.go:290"}
{"level":"error","ts":"2026-08-18T15:48:09.661+0430","caller":"productservice/getSMMMappingByPlatformCategory.go:21","msg":"get smm mappings by platform category failed","op":"productservice.GetSMMMappingsByPlatformCategory","platform":"TickTock","category":"follower","error":"failed to query scan","duration":0.00174598,"stacktrace":"telegram-service-platform/service/productservice.Service.GetSMMMappingsByPlatformCategory\n\t/home/prince/bots/telegram-service-platform/service/productservice/getSMMMappingByPlatformCategory.go:21\nmain.main\n\t/home/prince/bots/telegram-service-platform/cmd/example/smm/main.go:189\nruntime.main\n\t/snap/go/11227/src/runtime/proc.go:290"}
{"level":"error","ts":"2026-08-18T15:50:54.633+0430","caller":"postgresproduct/smm_mapping_get_by_id.go:27","msg":"smm mapping get by id failed","op":"postgresproduct.SMMMappingGetByID","id":1,"error":"number of field descriptions must equal number of destinations, got 9 and 10","duration":0.001089587,"stacktrace":"telegram-service-platform/repository/postgresproduct.(*DB).SMMMappingGetByID\n\t/home/prince/bots/telegram-service-platform/repository/postgresproduct/smm_mapping_get_by_id.go:27\ntelegram-service-platform/service/productservice.Service.GetSMMMappingByID\n\t/home/prince/bots/telegram-service-platform/service/productservice/getSMMMappingByID.go:18\nmain.main\n\t/home/prince/bots/telegram-service-platform/cmd/example/smm/main.go:185\nruntime.main\n\t/snap/go/11227/src/runtime/proc.go:290"}
{"level":"error","ts":"2026-08-18T15:50:54.633+0430","caller":"productservice/getSMMMappingByID.go:20","msg":"get smm mapping by id failed","op":"productservice.GetSMMMappingByID","id":1,"error":"productkeyboard not found","duration":0.001551942,"stacktrace":"telegram-service-platform/service/productservice.Service.GetSMMMappingByID\n\t/home/prince/bots/telegram-service-platform/service/productservice/getSMMMappingByID.go:20\nmain.main\n\t/home/prince/bots/telegram-service-platform/cmd/example/smm/main.go:185\nruntime.main\n\t/snap/go/11227/src/runtime/proc.go:290"}
{"level":"error","ts":"2026-08-18T15:50:54.635+0430","caller":"postgresproduct/smm_mapping_get_by_platform_category.go:42","msg":"smm mapping scan failed","op":"postgresproduct.SMMMappingGetByPlatformCategory","error":"number of field descriptions must equal number of destinations, got 9 and 10","stacktrace":"telegram-service-platform/repository/postgresproduct.(*DB).SMMMappingGetByPlatformCategory\n\t/home/prince/bots/telegram-service-platform/repository/postgresproduct/smm_mapping_get_by_platform_category.go:42\ntelegram-service-platform/service/productservice.Service.GetSMMMappingsByPlatformCategory\n\t/home/prince/bots/telegram-service-platform/service/productservice/getSMMMappingByPlatformCategory.go:19\nmain.main\n\t/home/prince/bots/telegram-service-platform/cmd/example/smm/main.go:189\nruntime.main\n\t/snap/go/11227/src/runtime/proc.go:290"}
{"level":"error","ts":"2026-08-18T15:50:54.635+0430","caller":"productservice/getSMMMappingByPlatformCategory.go:21","msg":"get smm mappings by platform category failed","op":"productservice.GetSMMMappingsByPlatformCategory","platform":"TickTock","category":"follower","error":"failed to query scan","duration":0.001805596,"stacktrace":"telegram-service-platform/service/productservice.Service.GetSMMMappingsByPlatformCategory\n\t/home/prince/bots/telegram-service-platform/service/productservice/getSMMMappingByPlatformCategory.go:21\nmain.main\n\t/home/prince/bots/telegram-service-platform/cmd/example/smm/main.go:189\nruntime.main\n\t/snap/go/11227/src/runtime/proc.go:290"}
{"level":"info","ts":"2026-08-20T20:34:34.561+0430","caller":"scheduler/register.go:15","msg":"scheduler register start"}
{"level":"info","ts":"2026-08-20T20:34:34.561+0430","caller":"scheduler/register.go:48","msg":"job registered","job":"price-refresh","interval":3600}
{"level":"info","ts":"2026-08-20T20:34:34.561+0430","caller":"scheduler/register.go:48","msg":"job registered","job":"payment-verify","interval":60}
{"level":"info","ts":"2026-08-20T20:34:34.561+0430","caller":"scheduler/register.go:48","msg":"job registered","job":"order-fulfiller","interval":1}
{"level":"info","ts":"2026-08-20T20:34:34.561+0430","caller":"scheduler/register.go:48","msg":"job registered","job":"status-sync","interval":300}
{"level":"info","ts":"2026-08-20T20:34:34.561+0430","caller":"scheduler/register.go:48","msg":"job registered","job":"payment-expiry","interval":120}
{"level":"info","ts":"2026-08-20T20:34:34.561+0430","caller":"scheduler/register.go:48","msg":"job registered","job":"notification-dispatch","interval":1}
{"level":"info","ts":"2026-08-20T20:34:34.561+0430","caller":"scheduler/register.go:48","msg":"job registered","job":"smm-validation","interval":60}
{"level":"info","ts":"2026-08-20T20:34:35.702+0430","caller":"httpserver/server.go:44","msg":"http server starting","port":8183}
{"level":"info","ts":"2026-08-20T20:34:35.704+0430","caller":"smmvalidationjob/run.go:24","msg":"SMM validation job started","job":"smm-validation"}
{"level":"info","ts":"2026-08-20T20:34:35.704+0430","caller":"statussyncJob/run.go:25","msg":"worker started","job":"status-sync"}
{"level":"info","ts":"2026-08-20T20:34:35.705+0430","caller":"orderfulfillerjob/run.go:27","msg":"worker started","job":"order-fulfiller"}
{"level":"info","ts":"2026-08-20T20:34:35.704+0430","caller":"paymentexpiryjob/run.go:27","msg":"worker started","job":"payment-expiry"}
{"level":"info","ts":"2026-08-20T20:34:35.706+0430","caller":"notificationdispatchjob/run.go:26","msg":"worker started","job":"notification-dispatch"}
{"level":"info","ts":"2026-08-20T20:34:35.735+0430","caller":"statussyncJob/run.go:39","msg":"processing orders fetched","job":"status-sync","count":0}
{"level":"info","ts":"2026-08-20T20:34:35.736+0430","caller":"paymentverifyjob/run.go:37","msg":"worker pending payments fetched","job":"payment-verify","count":0}
{"level":"info","ts":"2026-08-20T20:34:35.736+0430","caller":"statussyncJob/run.go:101","msg":"worker completed","job":"status-sync","duration":0.031851763}
{"level":"info","ts":"2026-08-20T20:34:35.736+0430","caller":"paymentverifyjob/run.go:119","msg":"worker completed","job":"payment-verify","duration":0.030297614}
{"level":"info","ts":"2026-08-20T20:34:35.736+0430","caller":"paymentexpiryjob/run.go:39","msg":"expired payments fetched","job":"payment-expiry","count":0}
{"level":"info","ts":"2026-08-20T20:34:35.737+0430","caller":"paymentexpiryjob/run.go:76","msg":"worker completed","job":"payment-expiry","duration":0.033043253}
{"level":"info","ts":"2026-08-20T20:34:36.703+0430","caller":"notificationdispatchjob/run.go:26","msg":"worker started","job":"notification-dispatch"}
{"level":"info","ts":"2026-08-20T20:34:36.703+0430","caller":"orderfulfillerjob/run.go:27","msg":"worker started","job":"order-fulfiller"}
{"level":"info","ts":"2026-08-20T20:34:37.540+0430","caller":"smmvalidationjob/run.go:65","msg":"SMM validation completed successfully, all services are valid","job":"smm-validation"}
{"level":"info","ts":"2026-08-20T20:34:37.703+0430","caller":"notificationdispatchjob/run.go:26","msg":"worker started","job":"notification-dispatch"}
{"level":"info","ts":"2026-08-20T20:34:37.703+0430","caller":"orderfulfillerjob/run.go:27","msg":"worker started","job":"order-fulfiller"}
{"level":"info","ts":"2026-08-20T20:34:38.703+0430","caller":"notificationdispatchjob/run.go:26","msg":"worker started","job":"notification-dispatch"}
{"level":"info","ts":"2026-08-20T20:34:38.703+0430","caller":"orderfulfillerjob/run.go:27","msg":"worker started","job":"order-fulfiller"}
{"level":"info","ts":"2026-08-20T20:34:39.703+0430","caller":"orderfulfillerjob/run.go:27","msg":"worker started","job":"order-fulfiller"}
{"level":"info","ts":"2026-08-20T20:34:39.703+0430","caller":"notificationdispatchjob/run.go:26","msg":"worker started","job":"notification-dispatch"}
{"level":"info","ts":"2026-08-20T20:34:40.704+0430","caller":"notificationdispatchjob/run.go:26","msg":"worker started","job":"notification-dispatch"}
{"level":"info","ts":"2026-08-20T20:34:40.704+0430","caller":"orderfulfillerjob/run.go:27","msg":"worker started","job":"order-fulfiller"}
{"level":"info","ts":"2026-08-20T20:34:41.703+0430","caller":"orderfulfillerjob/run.go:27","msg":"worker started","job":"order-fulfiller"}
{"level":"info","ts":"2026-08-20T20:34:41.703+0430","caller":"notificationdispatchjob/run.go:26","msg":"worker started","job":"notification-dispatch"}
{"level":"info","ts":"2026-08-20T20:34:42.703+0430","caller":"orderfulfillerjob/run.go:27","msg":"worker started","job":"order-fulfiller"}
{"level":"info","ts":"2026-08-20T20:34:42.704+0430","caller":"notificationdispatchjob/run.go:26","msg":"worker started","job":"notification-dispatch"}
{"level":"error","ts":"2026-08-20T20:34:43.202+0430","caller":"scheduler/register.go:31","msg":"job execution failed","job":"price-refresh","error":"external service failed","duration":7.497692878,"stacktrace":"telegram-service-platform/scheduler.(*Scheduler).Register.func1\n\t/home/prince/bots/telegram-service-platform/scheduler/register.go:31\nreflect.Value.call\n\t/snap/go/11227/src/reflect/value.go:586\nreflect.Value.Call\n\t/snap/go/11227/src/reflect/value.go:369\ngithub.com/go-co-op/gocron/v2.callJobFuncWithParams\n\t/home/prince/go/pkg/mod/github.com/go-co-op/gocron/v2@v2.22.0/util.go:28\ngithub.com/go-co-op/gocron/v2.(*executor).runJob\n\t/home/prince/go/pkg/mod/github.com/go-co-op/gocron/v2@v2.22.0/executor.go:526\ngithub.com/go-co-op/gocron/v2.(*executor).start.func1.1\n\t/home/prince/go/pkg/mod/github.com/go-co-op/gocron/v2@v2.22.0/executor.go:268"}
{"level":"info","ts":"2026-08-20T20:34:43.703+0430","caller":"notificationdispatchjob/run.go:26","msg":"worker started","job":"notification-dispatch"}
{"level":"info","ts":"2026-08-20T20:34:43.703+0430","caller":"orderfulfillerjob/run.go:27","msg":"worker started","job":"order-fulfiller"}
{"level":"info","ts":"2026-08-20T20:34:44.703+0430","caller":"notificationdispatchjob/run.go:26","msg":"worker started","job":"notification-dispatch"}
{"level":"info","ts":"2026-08-20T20:34:44.703+0430","caller":"orderfulfillerjob/run.go:27","msg":"worker started","job":"order-fulfiller"}
{"level":"info","ts":"2026-08-20T20:34:45.703+0430","caller":"orderfulfillerjob/run.go:27","msg":"worker started","job":"order-fulfiller"}
{"level":"info","ts":"2026-08-20T20:34:45.704+0430","caller":"notificationdispatchjob/run.go:26","msg":"worker started","job":"notification-dispatch"}
{"level":"info","ts":"2026-08-20T20:34:46.704+0430","caller":"notificationdispatchjob/run.go:26","msg":"worker started","job":"notification-dispatch"}
{"level":"info","ts":"2026-08-20T20:34:46.705+0430","caller":"orderfulfillerjob/run.go:27","msg":"worker started","job":"order-fulfiller"}
{"level":"info","ts":"2026-08-20T20:34:47.704+0430","caller":"notificationdispatchjob/run.go:26","msg":"worker started","job":"notification-dispatch"}
{"level":"info","ts":"2026-08-20T20:34:47.704+0430","caller":"orderfulfillerjob/run.go:27","msg":"worker started","job":"order-fulfiller"}
{"level":"info","ts":"2026-08-20T20:34:48.704+0430","caller":"orderfulfillerjob/run.go:27","msg":"worker started","job":"order-fulfiller"}
{"level":"info","ts":"2026-08-20T20:34:48.704+0430","caller":"notificationdispatchjob/run.go:26","msg":"worker started","job":"notification-dispatch"}
{"level":"info","ts":"2026-08-20T20:34:49.703+0430","caller":"notificationdispatchjob/run.go:26","msg":"worker started","job":"notification-dispatch"}
{"level":"info","ts":"2026-08-20T20:34:49.703+0430","caller":"orderfulfillerjob/run.go:27","msg":"worker started","job":"order-fulfiller"}
{"level":"info","ts":"2026-08-20T20:34:50.703+0430","caller":"orderfulfillerjob/run.go:27","msg":"worker started","job":"order-fulfiller"}
{"level":"info","ts":"2026-08-20T20:34:50.703+0430","caller":"notificationdispatchjob/run.go:26","msg":"worker started","job":"notification-dispatch"}
{"level":"info","ts":"2026-08-20T20:34:51.703+0430","caller":"notificationdispatchjob/run.go:26","msg":"worker started","job":"notification-dispatch"}
{"level":"info","ts":"2026-08-20T20:34:51.704+0430","caller":"orderfulfillerjob/run.go:27","msg":"worker started","job":"order-fulfiller"}
{"level":"info","ts":"2026-08-20T20:34:52.703+0430","caller":"orderfulfillerjob/run.go:27","msg":"worker started","job":"order-fulfiller"}
{"level":"info","ts":"2026-08-20T20:34:52.703+0430","caller":"notificationdispatchjob/run.go:26","msg":"worker started","job":"notification-dispatch"}
{"level":"info","ts":"2026-08-20T20:34:53.703+0430","caller":"notificationdispatchjob/run.go:26","msg":"worker started","job":"notification-dispatch"}
{"level":"info","ts":"2026-08-20T20:34:53.703+0430","caller":"orderfulfillerjob/run.go:27","msg":"worker started","job":"order-fulfiller"}
{"level":"info","ts":"2026-08-20T20:34:54.704+0430","caller":"orderfulfillerjob/run.go:27","msg":"worker started","job":"order-fulfiller"}
{"level":"info","ts":"2026-08-20T20:34:54.704+0430","caller":"notificationdispatchjob/run.go:26","msg":"worker started","job":"notification-dispatch"}
{"level":"info","ts":"2026-08-20T20:34:55.704+0430","caller":"notificationdispatchjob/run.go:26","msg":"worker started","job":"notification-dispatch"}
{"level":"info","ts":"2026-08-20T20:34:55.705+0430","caller":"orderfulfillerjob/run.go:27","msg":"worker started","job":"order-fulfiller"}
{"level":"info","ts":"2026-08-20T20:34:56.703+0430","caller":"notificationdispatchjob/run.go:26","msg":"worker started","job":"notification-dispatch"}
{"level":"info","ts":"2026-08-20T20:34:56.704+0430","caller":"orderfulfillerjob/run.go:27","msg":"worker started","job":"order-fulfiller"}
{"level":"info","ts":"2026-08-20T20:34:57.703+0430","caller":"notificationdispatchjob/run.go:26","msg":"worker started","job":"notification-dispatch"}
{"level":"info","ts":"2026-08-20T20:34:57.703+0430","caller":"orderfulfillerjob/run.go:27","msg":"worker started","job":"order-fulfiller"}
{"level":"info","ts":"2026-08-20T20:34:58.703+0430","caller":"orderfulfillerjob/run.go:27","msg":"worker started","job":"order-fulfiller"}
{"level":"info","ts":"2026-08-20T20:34:58.704+0430","caller":"notificationdispatchjob/run.go:26","msg":"worker started","job":"notification-dispatch"}
{"level":"info","ts":"2026-08-20T20:34:59.704+0430","caller":"orderfulfillerjob/run.go:27","msg":"worker started","job":"order-fulfiller"}
{"level":"info","ts":"2026-08-20T20:34:59.704+0430","caller":"notificationdispatchjob/run.go:26","msg":"worker started","job":"notification-dispatch"}
{"level":"info","ts":"2026-08-20T20:35:00.705+0430","caller":"notificationdispatchjob/run.go:26","msg":"worker started","job":"notification-dispatch"}
{"level":"info","ts":"2026-08-20T20:35:00.705+0430","caller":"orderfulfillerjob/run.go:27","msg":"worker started","job":"order-fulfiller"}
{"level":"info","ts":"2026-08-20T20:35:01.704+0430","caller":"notificationdispatchjob/run.go:26","msg":"worker started","job":"notification-dispatch"}
{"level":"info","ts":"2026-08-20T20:35:01.704+0430","caller":"orderfulfillerjob/run.go:27","msg":"worker started","job":"order-fulfiller"}
{"level":"info","ts":"2026-08-20T20:35:02.703+0430","caller":"notificationdispatchjob/run.go:26","msg":"worker started","job":"notification-dispatch"}
{"level":"info","ts":"2026-08-20T20:35:02.703+0430","caller":"orderfulfillerjob/run.go:27","msg":"worker started","job":"order-fulfiller"}
{"level":"info","ts":"2026-08-20T20:35:03.703+0430","caller":"notificationdispatchjob/run.go:26","msg":"worker started","job":"notification-dispatch"}
{"level":"info","ts":"2026-08-20T20:35:03.704+0430","caller":"orderfulfillerjob/run.go:27","msg":"worker started","job":"order-fulfiller"}
{"level":"info","ts":"2026-08-20T20:35:04.704+0430","caller":"notificationdispatchjob/run.go:26","msg":"worker started","job":"notification-dispatch"}
{"level":"info","ts":"2026-08-20T20:35:04.704+0430","caller":"orderfulfillerjob/run.go:27","msg":"worker started","job":"order-fulfiller"}
{"level":"info","ts":"2026-08-20T20:35:05.705+0430","caller":"notificationdispatchjob/run.go:26","msg":"worker started","job":"notification-dispatch"}
{"level":"info","ts":"2026-08-20T20:35:05.705+0430","caller":"orderfulfillerjob/run.go:27","msg":"worker started","job":"order-fulfiller"}
{"level":"info","ts":"2026-08-20T20:35:06.703+0430","caller":"notificationdispatchjob/run.go:26","msg":"worker started","job":"notification-dispatch"}
{"level":"info","ts":"2026-08-20T20:35:06.703+0430","caller":"orderfulfillerjob/run.go:27","msg":"worker started","job":"order-fulfiller"}
{"level":"info","ts":"2026-08-20T20:35:07.704+0430","caller":"notificationdispatchjob/run.go:26","msg":"worker started","job":"notification-dispatch"}
{"level":"info","ts":"2026-08-20T20:35:07.704+0430","caller":"orderfulfillerjob/run.go:27","msg":"worker started","job":"order-fulfiller"}
{"level":"info","ts":"2026-08-20T20:35:08.703+0430","caller":"notificationdispatchjob/run.go:26","msg":"worker started","job":"notification-dispatch"}
{"level":"info","ts":"2026-08-20T20:35:08.703+0430","caller":"orderfulfillerjob/run.go:27","msg":"worker started","job":"order-fulfiller"}
{"level":"info","ts":"2026-08-20T20:35:09.704+0430","caller":"notificationdispatchjob/run.go:26","msg":"worker started","job":"notification-dispatch"}
{"level":"info","ts":"2026-08-20T20:35:09.704+0430","caller":"orderfulfillerjob/run.go:27","msg":"worker started","job":"order-fulfiller"}
{"level":"info","ts":"2026-08-20T20:35:10.704+0430","caller":"orderfulfillerjob/run.go:27","msg":"worker started","job":"order-fulfiller"}
{"level":"info","ts":"2026-08-20T20:35:10.704+0430","caller":"notificationdispatchjob/run.go:26","msg":"worker started","job":"notification-dispatch"}
{"level":"info","ts":"2026-08-20T20:35:11.704+0430","caller":"orderfulfillerjob/run.go:27","msg":"worker started","job":"order-fulfiller"}
{"level":"info","ts":"2026-08-20T20:35:11.704+0430","caller":"notificationdispatchjob/run.go:26","msg":"worker started","job":"notification-dispatch"}
{"level":"info","ts":"2026-08-20T20:35:12.705+0430","caller":"orderfulfillerjob/run.go:27","msg":"worker started","job":"order-fulfiller"}
{"level":"info","ts":"2026-08-20T20:35:12.705+0430","caller":"notificationdispatchjob/run.go:26","msg":"worker started","job":"notification-dispatch"}
{"level":"info","ts":"2026-08-20T20:35:13.704+0430","caller":"orderfulfillerjob/run.go:27","msg":"worker started","job":"order-fulfiller"}
{"level":"info","ts":"2026-08-20T20:35:13.704+0430","caller":"notificationdispatchjob/run.go:26","msg":"worker started","job":"notification-dispatch"}
{"level":"info","ts":"2026-08-20T20:35:14.704+0430","caller":"orderfulfillerjob/run.go:27","msg":"worker started","job":"order-fulfiller"}
{"level":"info","ts":"2026-08-20T20:35:14.704+0430","caller":"notificationdispatchjob/run.go:26","msg":"worker started","job":"notification-dispatch"}
{"level":"info","ts":"2026-08-20T20:35:15.704+0430","caller":"notificationdispatchjob/run.go:26","msg":"worker started","job":"notification-dispatch"}
{"level":"info","ts":"2026-08-20T20:35:15.704+0430","caller":"orderfulfillerjob/run.go:27","msg":"worker started","job":"order-fulfiller"}
{"level":"info","ts":"2026-08-20T20:35:16.704+0430","caller":"notificationdispatchjob/run.go:26","msg":"worker started","job":"notification-dispatch"}
{"level":"info","ts":"2026-08-20T20:35:16.704+0430","caller":"orderfulfillerjob/run.go:27","msg":"worker started","job":"order-fulfiller"}
{"level":"info","ts":"2026-08-20T20:35:17.704+0430","caller":"notificationdispatchjob/run.go:26","msg":"worker started","job":"notification-dispatch"}
{"level":"info","ts":"2026-08-20T20:35:17.704+0430","caller":"orderfulfillerjob/run.go:27","msg":"worker started","job":"order-fulfiller"}
{"level":"info","ts":"2026-08-20T20:35:18.704+0430","caller":"orderfulfillerjob/run.go:27","msg":"worker started","job":"order-fulfiller"}
{"level":"info","ts":"2026-08-20T20:35:18.705+0430","caller":"notificationdispatchjob/run.go:26","msg":"worker started","job":"notification-dispatch"}
{"level":"info","ts":"2026-08-20T20:35:19.703+0430","caller":"orderfulfillerjob/run.go:27","msg":"worker started","job":"order-fulfiller"}
{"level":"info","ts":"2026-08-20T20:35:19.703+0430","caller":"notificationdispatchjob/run.go:26","msg":"worker started","job":"notification-dispatch"}
{"level":"info","ts":"2026-08-20T20:35:20.704+0430","caller":"orderfulfillerjob/run.go:27","msg":"worker started","job":"order-fulfiller"}
{"level":"info","ts":"2026-08-20T20:35:20.704+0430","caller":"notificationdispatchjob/run.go:26","msg":"worker started","job":"notification-dispatch"}
{"level":"info","ts":"2026-08-20T20:35:21.704+0430","caller":"notificationdispatchjob/run.go:26","msg":"worker started","job":"notification-dispatch"}
{"level":"info","ts":"2026-08-20T20:35:21.705+0430","caller":"orderfulfillerjob/run.go:27","msg":"worker started","job":"order-fulfiller"}
{"level":"info","ts":"2026-08-20T20:35:22.703+0430","caller":"orderfulfillerjob/run.go:27","msg":"worker started","job":"order-fulfiller"}
{"level":"info","ts":"2026-08-20T20:35:22.704+0430","caller":"notificationdispatchjob/run.go:26","msg":"worker started","job":"notification-dispatch"}
{"level":"info","ts":"2026-08-20T20:35:23.705+0430","caller":"notificationdispatchjob/run.go:26","msg":"worker started","job":"notification-dispatch"}
{"level":"info","ts":"2026-08-20T20:35:23.706+0430","caller":"orderfulfillerjob/run.go:27","msg":"worker started","job":"order-fulfiller"}
{"level":"info","ts":"2026-08-20T20:35:24.703+0430","caller":"notificationdispatchjob/run.go:26","msg":"worker started","job":"notification-dispatch"}
{"level":"info","ts":"2026-08-20T20:35:24.703+0430","caller":"orderfulfillerjob/run.go:27","msg":"worker started","job":"order-fulfiller"}
{"level":"info","ts":"2026-08-20T20:35:25.704+0430","caller":"notificationdispatchjob/run.go:26","msg":"worker started","job":"notification-dispatch"}
{"level":"info","ts":"2026-08-20T20:35:25.704+0430","caller":"orderfulfillerjob/run.go:27","msg":"worker started","job":"order-fulfiller"}
{"level":"info","ts":"2026-08-20T20:35:26.703+0430","caller":"notificationdispatchjob/run.go:26","msg":"worker started","job":"notification-dispatch"}
{"level":"info","ts":"2026-08-20T20:35:26.703+0430","caller":"orderfulfillerjob/run.go:27","msg":"worker started","job":"order-fulfiller"}
{"level":"info","ts":"2026-08-20T20:35:27.704+0430","caller":"orderfulfillerjob/run.go:27","msg":"worker started","job":"order-fulfiller"}
{"level":"info","ts":"2026-08-20T20:35:27.704+0430","caller":"notificationdispatchjob/run.go:26","msg":"worker started","job":"notification-dispatch"}
{"level":"info","ts":"2026-08-20T20:35:28.704+0430","caller":"orderfulfillerjob/run.go:27","msg":"worker started","job":"order-fulfiller"}
{"level":"info","ts":"2026-08-20T20:35:28.705+0430","caller":"notificationdispatchjob/run.go:26","msg":"worker started","job":"notification-dispatch"}
{"level":"info","ts":"2026-08-20T20:35:29.705+0430","caller":"orderfulfillerjob/run.go:27","msg":"worker started","job":"order-fulfiller"}
{"level":"info","ts":"2026-08-20T20:35:29.705+0430","caller":"notificationdispatchjob/run.go:26","msg":"worker started","job":"notification-dispatch"}
{"level":"info","ts":"2026-08-20T20:35:30.704+0430","caller":"notificationdispatchjob/run.go:26","msg":"worker started","job":"notification-dispatch"}
{"level":"info","ts":"2026-08-20T20:35:30.704+0430","caller":"orderfulfillerjob/run.go:27","msg":"worker started","job":"order-fulfiller"}
{"level":"info","ts":"2026-08-20T20:35:31.704+0430","caller":"orderfulfillerjob/run.go:27","msg":"worker started","job":"order-fulfiller"}
{"level":"info","ts":"2026-08-20T20:35:31.704+0430","caller":"notificationdispatchjob/run.go:26","msg":"worker started","job":"notification-dispatch"}
{"level":"info","ts":"2026-08-20T20:35:32.705+0430","caller":"notificationdispatchjob/run.go:26","msg":"worker started","job":"notification-dispatch"}
{"level":"info","ts":"2026-08-20T20:35:32.705+0430","caller":"orderfulfillerjob/run.go:27","msg":"worker started","job":"order-fulfiller"}
{"level":"info","ts":"2026-08-20T20:35:33.704+0430","caller":"notificationdispatchjob/run.go:26","msg":"worker started","job":"notification-dispatch"}
{"level":"info","ts":"2026-08-20T20:35:33.705+0430","caller":"orderfulfillerjob/run.go:27","msg":"worker started","job":"order-fulfiller"}
{"level":"info","ts":"2026-08-20T20:35:34.703+0430","caller":"notificationdispatchjob/run.go:26","msg":"worker started","job":"notification-dispatch"}
{"level":"info","ts":"2026-08-20T20:35:34.704+0430","caller":"orderfulfillerjob/run.go:27","msg":"worker started","job":"order-fulfiller"}
{"level":"info","ts":"2026-08-20T20:35:35.704+0430","caller":"notificationdispatchjob/run.go:26","msg":"worker started","job":"notification-dispatch"}
{"level":"info","ts":"2026-08-20T20:35:35.704+0430","caller":"orderfulfillerjob/run.go:27","msg":"worker started","job":"order-fulfiller"}
{"level":"info","ts":"2026-08-20T20:35:35.705+0430","caller":"smmvalidationjob/run.go:24","msg":"SMM validation job started","job":"smm-validation"}
{"level":"info","ts":"2026-08-20T20:35:35.709+0430","caller":"paymentverifyjob/run.go:37","msg":"worker pending payments fetched","job":"payment-verify","count":0}
{"level":"info","ts":"2026-08-20T20:35:35.709+0430","caller":"paymentverifyjob/run.go:119","msg":"worker completed","job":"payment-verify","duration":0.004347762}
{"level":"info","ts":"2026-08-20T20:35:36.205+0430","caller":"smmvalidationjob/run.go:65","msg":"SMM validation completed successfully, all services are valid","job":"smm-validation"}
{"level":"info","ts":"2026-08-20T20:35:36.703+0430","caller":"notificationdispatchjob/run.go:26","msg":"worker started","job":"notification-dispatch"}
{"level":"info","ts":"2026-08-20T20:35:36.704+0430","caller":"orderfulfillerjob/run.go:27","msg":"worker started","job":"order-fulfiller"}
{"level":"info","ts":"2026-08-20T20:35:37.703+0430","caller":"notificationdispatchjob/run.go:26","msg":"worker started","job":"notification-dispatch"}
{"level":"info","ts":"2026-08-20T20:35:37.704+0430","caller":"orderfulfillerjob/run.go:27","msg":"worker started","job":"order-fulfiller"}
{"level":"info","ts":"2026-08-20T20:35:38.704+0430","caller":"notificationdispatchjob/run.go:26","msg":"worker started","job":"notification-dispatch"}
{"level":"info","ts":"2026-08-20T20:35:38.704+0430","caller":"orderfulfillerjob/run.go:27","msg":"worker started","job":"order-fulfiller"}
{"level":"info","ts":"2026-08-20T20:35:39.704+0430","caller":"orderfulfillerjob/run.go:27","msg":"worker started","job":"order-fulfiller"}
{"level":"info","ts":"2026-08-20T20:35:39.705+0430","caller":"notificationdispatchjob/run.go:26","msg":"worker started","job":"notification-dispatch"}
{"level":"info","ts":"2026-08-20T20:35:40.705+0430","caller":"notificationdispatchjob/run.go:26","msg":"worker started","job":"notification-dispatch"}
{"level":"info","ts":"2026-08-20T20:35:40.706+0430","caller":"orderfulfillerjob/run.go:27","msg":"worker started","job":"order-fulfiller"}
{"level":"info","ts":"2026-08-20T20:35:41.704+0430","caller":"orderfulfillerjob/run.go:27","msg":"worker started","job":"order-fulfiller"}
{"level":"info","ts":"2026-08-20T20:35:41.704+0430","caller":"notificationdispatchjob/run.go:26","msg":"worker started","job":"notification-dispatch"}
{"level":"info","ts":"2026-08-20T20:35:42.703+0430","caller":"orderfulfillerjob/run.go:27","msg":"worker started","job":"order-fulfiller"}
{"level":"info","ts":"2026-08-20T20:35:42.703+0430","caller":"notificationdispatchjob/run.go:26","msg":"worker started","job":"notification-dispatch"}
{"level":"info","ts":"2026-08-20T20:35:43.705+0430","caller":"notificationdispatchjob/run.go:26","msg":"worker started","job":"notification-dispatch"}
{"level":"info","ts":"2026-08-20T20:35:43.705+0430","caller":"orderfulfillerjob/run.go:27","msg":"worker started","job":"order-fulfiller"}
{"level":"info","ts":"2026-08-20T20:35:44.704+0430","caller":"orderfulfillerjob/run.go:27","msg":"worker started","job":"order-fulfiller"}
{"level":"info","ts":"2026-08-20T20:35:44.704+0430","caller":"notificationdispatchjob/run.go:26","msg":"worker started","job":"notification-dispatch"}
{"level":"info","ts":"2026-08-20T20:35:45.704+0430","caller":"notificationdispatchjob/run.go:26","msg":"worker started","job":"notification-dispatch"}
{"level":"info","ts":"2026-08-20T20:35:45.705+0430","caller":"orderfulfillerjob/run.go:27","msg":"worker started","job":"order-fulfiller"}
{"level":"info","ts":"2026-08-20T20:35:46.703+0430","caller":"orderfulfillerjob/run.go:27","msg":"worker started","job":"order-fulfiller"}
{"level":"info","ts":"2026-08-20T20:35:46.703+0430","caller":"notificationdispatchjob/run.go:26","msg":"worker started","job":"notification-dispatch"}
{"level":"info","ts":"2026-08-20T20:35:47.704+0430","caller":"notificationdispatchjob/run.go:26","msg":"worker started","job":"notification-dispatch"}
{"level":"info","ts":"2026-08-20T20:35:47.704+0430","caller":"orderfulfillerjob/run.go:27","msg":"worker started","job":"order-fulfiller"}
{"level":"info","ts":"2026-08-20T20:35:48.704+0430","caller":"notificationdispatchjob/run.go:26","msg":"worker started","job":"notification-dispatch"}
{"level":"info","ts":"2026-08-20T20:35:48.704+0430","caller":"orderfulfillerjob/run.go:27","msg":"worker started","job":"order-fulfiller"}
{"level":"info","ts":"2026-08-20T20:35:49.704+0430","caller":"orderfulfillerjob/run.go:27","msg":"worker started","job":"order-fulfiller"}
{"level":"info","ts":"2026-08-20T20:35:49.704+0430","caller":"notificationdispatchjob/run.go:26","msg":"worker started","job":"notification-dispatch"}
{"level":"info","ts":"2026-08-20T20:35:50.705+0430","caller":"notificationdispatchjob/run.go:26","msg":"worker started","job":"notification-dispatch"}
{"level":"info","ts":"2026-08-20T20:35:50.705+0430","caller":"orderfulfillerjob/run.go:27","msg":"worker started","job":"order-fulfiller"}
{"level":"info","ts":"2026-08-20T20:35:51.704+0430","caller":"notificationdispatchjob/run.go:26","msg":"worker started","job":"notification-dispatch"}
{"level":"info","ts":"2026-08-20T20:35:51.704+0430","caller":"orderfulfillerjob/run.go:27","msg":"worker started","job":"order-fulfiller"}
{"level":"info","ts":"2026-08-20T20:35:52.703+0430","caller":"notificationdispatchjob/run.go:26","msg":"worker started","job":"notification-dispatch"}
{"level":"info","ts":"2026-08-20T20:35:52.703+0430","caller":"orderfulfillerjob/run.go:27","msg":"worker started","job":"order-fulfiller"}
{"level":"info","ts":"2026-08-20T20:35:53.586+0430","caller":"httpserver/server.go:56","msg":"http server shutting down"}
{"level":"info","ts":"2026-08-20T20:35:53.704+0430","caller":"notificationdispatchjob/run.go:26","msg":"worker started","job":"notification-dispatch"}
{"level":"info","ts":"2026-08-20T20:35:53.704+0430","caller":"orderfulfillerjob/run.go:27","msg":"worker started","job":"order-fulfiller"}
{"level":"error","ts":"2026-08-20T20:35:53.970+0430","caller":"app/lifecycle.go:42","msg":"telegram server shutdown error","error":"too many requests, Too Many Requests: retry after 521: retry_after 521","stacktrace":"telegram-service-platform/app.(*App).Shutdown\n\t/home/prince/bots/telegram-service-platform/app/lifecycle.go:42\nmain.main\n\t/home/prince/bots/telegram-service-platform/cmd/bot/main.go:51\nruntime.main\n\t/snap/go/11227/src/runtime/proc.go:290"}
{"level":"info","ts":"2026-08-20T20:37:16.452+0430","caller":"scheduler/register.go:15","msg":"scheduler register start"}
{"level":"info","ts":"2026-08-20T20:37:16.452+0430","caller":"scheduler/register.go:48","msg":"job registered","job":"price-refresh","interval":3600}
{"level":"info","ts":"2026-08-20T20:37:16.452+0430","caller":"scheduler/register.go:48","msg":"job registered","job":"payment-verify","interval":60}
{"level":"info","ts":"2026-08-20T20:37:16.452+0430","caller":"scheduler/register.go:48","msg":"job registered","job":"order-fulfiller","interval":1}
{"level":"info","ts":"2026-08-20T20:37:16.453+0430","caller":"scheduler/register.go:48","msg":"job registered","job":"status-sync","interval":300}
{"level":"info","ts":"2026-08-20T20:37:16.453+0430","caller":"scheduler/register.go:48","msg":"job registered","job":"payment-expiry","interval":120}
{"level":"info","ts":"2026-08-20T20:37:16.453+0430","caller":"scheduler/register.go:48","msg":"job registered","job":"notification-dispatch","interval":1}
{"level":"info","ts":"2026-08-20T20:37:16.453+0430","caller":"scheduler/register.go:48","msg":"job registered","job":"smm-validation","interval":60}
{"level":"info","ts":"2026-08-20T20:37:17.450+0430","caller":"httpserver/server.go:44","msg":"http server starting","port":8183}
{"level":"info","ts":"2026-08-20T20:37:17.451+0430","caller":"smmvalidationjob/run.go:24","msg":"SMM validation job started","job":"smm-validation"}
{"level":"info","ts":"2026-08-20T20:37:17.452+0430","caller":"notificationdispatchjob/run.go:26","msg":"worker started","job":"notification-dispatch"}
{"level":"info","ts":"2026-08-20T20:37:17.452+0430","caller":"orderfulfillerjob/run.go:27","msg":"worker started","job":"order-fulfiller"}
{"level":"info","ts":"2026-08-20T20:37:17.453+0430","caller":"statussyncJob/run.go:25","msg":"worker started","job":"status-sync"}
{"level":"info","ts":"2026-08-20T20:37:17.452+0430","caller":"paymentexpiryjob/run.go:27","msg":"worker started","job":"payment-expiry"}
{"level":"info","ts":"2026-08-20T20:37:17.454+0430","caller":"paymentverifyjob/run.go:37","msg":"worker pending payments fetched","job":"payment-verify","count":0}
{"level":"info","ts":"2026-08-20T20:37:17.455+0430","caller":"paymentverifyjob/run.go:119","msg":"worker completed","job":"payment-verify","duration":0.002957841}
{"level":"info","ts":"2026-08-20T20:37:17.460+0430","caller":"statussyncJob/run.go:39","msg":"processing orders fetched","job":"status-sync","count":0}
{"level":"info","ts":"2026-08-20T20:37:17.460+0430","caller":"statussyncJob/run.go:101","msg":"worker completed","job":"status-sync","duration":0.006966164}
{"level":"info","ts":"2026-08-20T20:37:17.461+0430","caller":"paymentexpiryjob/run.go:39","msg":"expired payments fetched","job":"payment-expiry","count":0}
{"level":"info","ts":"2026-08-20T20:37:17.461+0430","caller":"paymentexpiryjob/run.go:76","msg":"worker completed","job":"payment-expiry","duration":0.008840867}
{"level":"info","ts":"2026-08-20T20:37:18.452+0430","caller":"orderfulfillerjob/run.go:27","msg":"worker started","job":"order-fulfiller"}
{"level":"info","ts":"2026-08-20T20:37:18.453+0430","caller":"notificationdispatchjob/run.go:26","msg":"worker started","job":"notification-dispatch"}
{"level":"info","ts":"2026-08-20T20:37:19.012+0430","caller":"smmvalidationjob/run.go:65","msg":"SMM validation completed successfully, all services are valid","job":"smm-validation"}
{"level":"info","ts":"2026-08-20T20:37:19.453+0430","caller":"notificationdispatchjob/run.go:26","msg":"worker started","job":"notification-dispatch"}
{"level":"info","ts":"2026-08-20T20:37:19.453+0430","caller":"orderfulfillerjob/run.go:27","msg":"worker started","job":"order-fulfiller"}
{"level":"info","ts":"2026-08-20T20:37:20.452+0430","caller":"orderfulfillerjob/run.go:27","msg":"worker started","job":"order-fulfiller"}
{"level":"info","ts":"2026-08-20T20:37:20.453+0430","caller":"notificationdispatchjob/run.go:26","msg":"worker started","job":"notification-dispatch"}
{"level":"error","ts":"2026-08-20T20:37:21.237+0430","caller":"scheduler/register.go:31","msg":"job execution failed","job":"price-refresh","error":"external service failed","duration":3.785391263,"stacktrace":"telegram-service-platform/scheduler.(*Scheduler).Register.func1\n\t/home/prince/bots/telegram-service-platform/scheduler/register.go:31\nreflect.Value.call\n\t/snap/go/11227/src/reflect/value.go:586\nreflect.Value.Call\n\t/snap/go/11227/src/reflect/value.go:369\ngithub.com/go-co-op/gocron/v2.callJobFuncWithParams\n\t/home/prince/go/pkg/mod/github.com/go-co-op/gocron/v2@v2.22.0/util.go:28\ngithub.com/go-co-op/gocron/v2.(*executor).runJob\n\t/home/prince/go/pkg/mod/github.com/go-co-op/gocron/v2@v2.22.0/executor.go:526\ngithub.com/go-co-op/gocron/v2.(*executor).start.func1.1\n\t/home/prince/go/pkg/mod/github.com/go-co-op/gocron/v2@v2.22.0/executor.go:268"}
{"level":"info","ts":"2026-08-20T20:37:21.452+0430","caller":"notificationdispatchjob/run.go:26","msg":"worker started","job":"notification-dispatch"}
{"level":"info","ts":"2026-08-20T20:37:21.453+0430","caller":"orderfulfillerjob/run.go:27","msg":"worker started","job":"order-fulfiller"}
{"level":"info","ts":"2026-08-20T20:37:22.452+0430","caller":"orderfulfillerjob/run.go:27","msg":"worker started","job":"order-fulfiller"}
{"level":"info","ts":"2026-08-20T20:37:22.452+0430","caller":"notificationdispatchjob/run.go:26","msg":"worker started","job":"notification-dispatch"}
{"level":"info","ts":"2026-08-20T20:37:23.452+0430","caller":"orderfulfillerjob/run.go:27","msg":"worker started","job":"order-fulfiller"}
{"level":"info","ts":"2026-08-20T20:37:23.453+0430","caller":"notificationdispatchjob/run.go:26","msg":"worker started","job":"notification-dispatch"}
{"level":"info","ts":"2026-08-20T20:37:24.452+0430","caller":"notificationdispatchjob/run.go:26","msg":"worker started","job":"notification-dispatch"}
{"level":"info","ts":"2026-08-20T20:37:24.452+0430","caller":"orderfulfillerjob/run.go:27","msg":"worker started","job":"order-fulfiller"}
{"level":"info","ts":"2026-08-20T20:37:25.453+0430","caller":"notificationdispatchjob/run.go:26","msg":"worker started","job":"notification-dispatch"}
{"level":"info","ts":"2026-08-20T20:37:25.453+0430","caller":"orderfulfillerjob/run.go:27","msg":"worker started","job":"order-fulfiller"}
{"level":"info","ts":"2026-08-20T20:37:26.453+0430","caller":"notificationdispatchjob/run.go:26","msg":"worker started","job":"notification-dispatch"}
{"level":"info","ts":"2026-08-20T20:37:26.453+0430","caller":"orderfulfillerjob/run.go:27","msg":"worker started","job":"order-fulfiller"}
{"level":"info","ts":"2026-08-20T20:37:27.452+0430","caller":"notificationdispatchjob/run.go:26","msg":"worker started","job":"notification-dispatch"}
{"level":"info","ts":"2026-08-20T20:37:27.453+0430","caller":"orderfulfillerjob/run.go:27","msg":"worker started","job":"order-fulfiller"}
{"level":"info","ts":"2026-08-20T20:37:28.453+0430","caller":"notificationdispatchjob/run.go:26","msg":"worker started","job":"notification-dispatch"}
{"level":"info","ts":"2026-08-20T20:37:28.453+0430","caller":"orderfulfillerjob/run.go:27","msg":"worker started","job":"order-fulfiller"}
{"level":"info","ts":"2026-08-20T20:37:29.453+0430","caller":"orderfulfillerjob/run.go:27","msg":"worker started","job":"order-fulfiller"}
{"level":"info","ts":"2026-08-20T20:37:29.453+0430","caller":"notificationdispatchjob/run.go:26","msg":"worker started","job":"notification-dispatch"}
{"level":"info","ts":"2026-08-20T20:37:30.453+0430","caller":"notificationdispatchjob/run.go:26","msg":"worker started","job":"notification-dispatch"}
{"level":"info","ts":"2026-08-20T20:37:30.453+0430","caller":"orderfulfillerjob/run.go:27","msg":"worker started","job":"order-fulfiller"}
{"level":"info","ts":"2026-08-20T20:37:31.452+0430","caller":"orderfulfillerjob/run.go:27","msg":"worker started","job":"order-fulfiller"}
{"level":"info","ts":"2026-08-20T20:37:31.453+0430","caller":"notificationdispatchjob/run.go:26","msg":"worker started","job":"notification-dispatch"}
{"level":"info","ts":"2026-08-20T20:37:32.453+0430","caller":"notificationdispatchjob/run.go:26","msg":"worker started","job":"notification-dispatch"}
{"level":"info","ts":"2026-08-20T20:37:32.453+0430","caller":"orderfulfillerjob/run.go:27","msg":"worker started","job":"order-fulfiller"}
{"level":"info","ts":"2026-08-20T20:37:33.452+0430","caller":"orderfulfillerjob/run.go:27","msg":"worker started","job":"order-fulfiller"}
{"level":"info","ts":"2026-08-20T20:37:33.452+0430","caller":"notificationdispatchjob/run.go:26","msg":"worker started","job":"notification-dispatch"}
{"level":"info","ts":"2026-08-20T20:37:34.453+0430","caller":"notificationdispatchjob/run.go:26","msg":"worker started","job":"notification-dispatch"}
{"level":"info","ts":"2026-08-20T20:37:34.453+0430","caller":"orderfulfillerjob/run.go:27","msg":"worker started","job":"order-fulfiller"}
{"level":"info","ts":"2026-08-20T20:37:35.453+0430","caller":"notificationdispatchjob/run.go:26","msg":"worker started","job":"notification-dispatch"}
{"level":"info","ts":"2026-08-20T20:37:35.453+0430","caller":"orderfulfillerjob/run.go:27","msg":"worker started","job":"order-fulfiller"}
{"level":"info","ts":"2026-08-20T20:37:36.452+0430","caller":"notificationdispatchjob/run.go:26","msg":"worker started","job":"notification-dispatch"}
{"level":"info","ts":"2026-08-20T20:37:36.452+0430","caller":"orderfulfillerjob/run.go:27","msg":"worker started","job":"order-fulfiller"}
{"level":"info","ts":"2026-08-20T20:37:37.452+0430","caller":"orderfulfillerjob/run.go:27","msg":"worker started","job":"order-fulfiller"}
{"level":"info","ts":"2026-08-20T20:37:37.453+0430","caller":"notificationdispatchjob/run.go:26","msg":"worker started","job":"notification-dispatch"}
{"level":"info","ts":"2026-08-20T20:37:38.452+0430","caller":"orderfulfillerjob/run.go:27","msg":"worker started","job":"order-fulfiller"}
{"level":"info","ts":"2026-08-20T20:37:38.452+0430","caller":"notificationdispatchjob/run.go:26","msg":"worker started","job":"notification-dispatch"}
{"level":"info","ts":"2026-08-20T20:37:39.452+0430","caller":"orderfulfillerjob/run.go:27","msg":"worker started","job":"order-fulfiller"}
{"level":"info","ts":"2026-08-20T20:37:39.453+0430","caller":"notificationdispatchjob/run.go:26","msg":"worker started","job":"notification-dispatch"}
{"level":"info","ts":"2026-08-20T20:37:40.452+0430","caller":"notificationdispatchjob/run.go:26","msg":"worker started","job":"notification-dispatch"}
{"level":"info","ts":"2026-08-20T20:37:40.452+0430","caller":"orderfulfillerjob/run.go:27","msg":"worker started","job":"order-fulfiller"}
{"level":"info","ts":"2026-08-20T20:37:41.453+0430","caller":"notificationdispatchjob/run.go:26","msg":"worker started","job":"notification-dispatch"}
{"level":"info","ts":"2026-08-20T20:37:41.454+0430","caller":"orderfulfillerjob/run.go:27","msg":"worker started","job":"order-fulfiller"}
{"level":"info","ts":"2026-08-20T20:37:42.453+0430","caller":"orderfulfillerjob/run.go:27","msg":"worker started","job":"order-fulfiller"}
{"level":"info","ts":"2026-08-20T20:37:42.453+0430","caller":"notificationdispatchjob/run.go:26","msg":"worker started","job":"notification-dispatch"}
{"level":"info","ts":"2026-08-20T20:37:43.452+0430","caller":"orderfulfillerjob/run.go:27","msg":"worker started","job":"order-fulfiller"}
{"level":"info","ts":"2026-08-20T20:37:43.453+0430","caller":"notificationdispatchjob/run.go:26","msg":"worker started","job":"notification-dispatch"}
{"level":"info","ts":"2026-08-20T20:37:44.452+0430","caller":"notificationdispatchjob/run.go:26","msg":"worker started","job":"notification-dispatch"}
{"level":"info","ts":"2026-08-20T20:37:44.452+0430","caller":"orderfulfillerjob/run.go:27","msg":"worker started","job":"order-fulfiller"}
{"level":"info","ts":"2026-08-20T20:37:45.452+0430","caller":"orderfulfillerjob/run.go:27","msg":"worker started","job":"order-fulfiller"}
{"level":"info","ts":"2026-08-20T20:37:45.453+0430","caller":"notificationdispatchjob/run.go:26","msg":"worker started","job":"notification-dispatch"}
{"level":"info","ts":"2026-08-20T20:37:46.452+0430","caller":"orderfulfillerjob/run.go:27","msg":"worker started","job":"order-fulfiller"}
{"level":"info","ts":"2026-08-20T20:37:46.452+0430","caller":"notificationdispatchjob/run.go:26","msg":"worker started","job":"notification-dispatch"}
{"level":"info","ts":"2026-08-20T20:37:47.452+0430","caller":"notificationdispatchjob/run.go:26","msg":"worker started","job":"notification-dispatch"}
{"level":"info","ts":"2026-08-20T20:37:47.452+0430","caller":"orderfulfillerjob/run.go:27","msg":"worker started","job":"order-fulfiller"}
{"level":"info","ts":"2026-08-20T20:37:48.302+0430","caller":"httpserver/server.go:56","msg":"http server shutting down"}
{"level":"info","ts":"2026-08-20T20:37:48.453+0430","caller":"notificationdispatchjob/run.go:26","msg":"worker started","job":"notification-dispatch"}
{"level":"info","ts":"2026-08-20T20:37:48.453+0430","caller":"orderfulfillerjob/run.go:27","msg":"worker started","job":"order-fulfiller"}
{"level":"error","ts":"2026-08-20T20:37:48.649+0430","caller":"app/lifecycle.go:42","msg":"telegram server shutdown error","error":"too many requests, Too Many Requests: retry after 407: retry_after 407","stacktrace":"telegram-service-platform/app.(*App).Shutdown\n\t/home/prince/bots/telegram-service-platform/app/lifecycle.go:42\nmain.main\n\t/home/prince/bots/telegram-service-platform/cmd/bot/main.go:51\nruntime.main\n\t/snap/go/11227/src/runtime/proc.go:290"}
{"level":"info","ts":"2026-08-20T20:39:10.538+0430","caller":"scheduler/register.go:15","msg":"scheduler register start"}
{"level":"info","ts":"2026-08-20T20:39:10.538+0430","caller":"scheduler/register.go:48","msg":"job registered","job":"price-refresh","interval":3600}
{"level":"info","ts":"2026-08-20T20:39:10.538+0430","caller":"scheduler/register.go:48","msg":"job registered","job":"payment-verify","interval":60}
{"level":"info","ts":"2026-08-20T20:39:10.538+0430","caller":"scheduler/register.go:48","msg":"job registered","job":"order-fulfiller","interval":1}
{"level":"info","ts":"2026-08-20T20:39:10.538+0430","caller":"scheduler/register.go:48","msg":"job registered","job":"status-sync","interval":300}
{"level":"info","ts":"2026-08-20T20:39:10.538+0430","caller":"scheduler/register.go:48","msg":"job registered","job":"payment-expiry","interval":120}
{"level":"info","ts":"2026-08-20T20:39:10.538+0430","caller":"scheduler/register.go:48","msg":"job registered","job":"notification-dispatch","interval":1}
{"level":"info","ts":"2026-08-20T20:39:10.538+0430","caller":"scheduler/register.go:48","msg":"job registered","job":"smm-validation","interval":60}
{"level":"info","ts":"2026-08-20T20:39:33.197+0430","caller":"scheduler/register.go:15","msg":"scheduler register start"}
{"level":"info","ts":"2026-08-20T20:39:33.197+0430","caller":"scheduler/register.go:48","msg":"job registered","job":"price-refresh","interval":3600}
{"level":"info","ts":"2026-08-20T20:39:33.197+0430","caller":"scheduler/register.go:48","msg":"job registered","job":"payment-verify","interval":60}
{"level":"info","ts":"2026-08-20T20:39:33.197+0430","caller":"scheduler/register.go:48","msg":"job registered","job":"order-fulfiller","interval":1}
{"level":"info","ts":"2026-08-20T20:39:33.197+0430","caller":"scheduler/register.go:48","msg":"job registered","job":"status-sync","interval":300}
{"level":"info","ts":"2026-08-20T20:39:33.197+0430","caller":"scheduler/register.go:48","msg":"job registered","job":"payment-expiry","interval":120}
{"level":"info","ts":"2026-08-20T20:39:33.197+0430","caller":"scheduler/register.go:48","msg":"job registered","job":"notification-dispatch","interval":1}
{"level":"info","ts":"2026-08-20T20:39:33.197+0430","caller":"scheduler/register.go:48","msg":"job registered","job":"smm-validation","interval":60}
{"level":"info","ts":"2026-08-20T20:40:27.031+0430","caller":"scheduler/register.go:15","msg":"scheduler register start"}
{"level":"info","ts":"2026-08-20T20:40:27.031+0430","caller":"scheduler/register.go:48","msg":"job registered","job":"price-refresh","interval":3600}
{"level":"info","ts":"2026-08-20T20:40:27.031+0430","caller":"scheduler/register.go:48","msg":"job registered","job":"payment-verify","interval":60}
{"level":"info","ts":"2026-08-20T20:40:27.031+0430","caller":"scheduler/register.go:48","msg":"job registered","job":"order-fulfiller","interval":1}
{"level":"info","ts":"2026-08-20T20:40:27.031+0430","caller":"scheduler/register.go:48","msg":"job registered","job":"status-sync","interval":300}
{"level":"info","ts":"2026-08-20T20:40:27.031+0430","caller":"scheduler/register.go:48","msg":"job registered","job":"payment-expiry","interval":120}
{"level":"info","ts":"2026-08-20T20:40:27.031+0430","caller":"scheduler/register.go:48","msg":"job registered","job":"notification-dispatch","interval":1}
{"level":"info","ts":"2026-08-20T20:40:27.031+0430","caller":"scheduler/register.go:48","msg":"job registered","job":"smm-validation","interval":60}
{"level":"info","ts":"2026-08-20T20:40:28.193+0430","caller":"httpserver/server.go:44","msg":"http server starting","port":8183}
{"level":"info","ts":"2026-08-20T20:40:28.195+0430","caller":"smmvalidationjob/run.go:24","msg":"SMM validation job started","job":"smm-validation"}
{"level":"info","ts":"2026-08-20T20:40:28.195+0430","caller":"paymentexpiryjob/run.go:27","msg":"worker started","job":"payment-expiry"}
{"level":"info","ts":"2026-08-20T20:40:28.196+0430","caller":"orderfulfillerjob/run.go:27","msg":"worker started","job":"order-fulfiller"}
{"level":"info","ts":"2026-08-20T20:40:28.196+0430","caller":"notificationdispatchjob/run.go:26","msg":"worker started","job":"notification-dispatch"}
{"level":"info","ts":"2026-08-20T20:40:28.196+0430","caller":"statussyncJob/run.go:25","msg":"worker started","job":"status-sync"}
{"level":"info","ts":"2026-08-20T20:40:28.200+0430","caller":"paymentverifyjob/run.go:37","msg":"worker pending payments fetched","job":"payment-verify","count":0}
{"level":"info","ts":"2026-08-20T20:40:28.201+0430","caller":"paymentverifyjob/run.go:119","msg":"worker completed","job":"payment-verify","duration":0.006246536}
{"level":"info","ts":"2026-08-20T20:40:28.205+0430","caller":"paymentexpiryjob/run.go:39","msg":"expired payments fetched","job":"payment-expiry","count":0}
{"level":"info","ts":"2026-08-20T20:40:28.205+0430","caller":"paymentexpiryjob/run.go:76","msg":"worker completed","job":"payment-expiry","duration":0.009701703}
{"level":"info","ts":"2026-08-20T20:40:28.205+0430","caller":"statussyncJob/run.go:39","msg":"processing orders fetched","job":"status-sync","count":0}
{"level":"info","ts":"2026-08-20T20:40:28.205+0430","caller":"statussyncJob/run.go:101","msg":"worker completed","job":"status-sync","duration":0.008691495}
{"level":"info","ts":"2026-08-20T20:40:29.196+0430","caller":"orderfulfillerjob/run.go:27","msg":"worker started","job":"order-fulfiller"}
{"level":"info","ts":"2026-08-20T20:40:29.196+0430","caller":"notificationdispatchjob/run.go:26","msg":"worker started","job":"notification-dispatch"}
{"level":"info","ts":"2026-08-20T20:40:29.771+0430","caller":"smmvalidationjob/run.go:65","msg":"SMM validation completed successfully, all services are valid","job":"smm-validation"}
{"level":"info","ts":"2026-08-20T20:40:30.195+0430","caller":"notificationdispatchjob/run.go:26","msg":"worker started","job":"notification-dispatch"}
{"level":"info","ts":"2026-08-20T20:40:30.197+0430","caller":"orderfulfillerjob/run.go:27","msg":"worker started","job":"order-fulfiller"}
{"level":"info","ts":"2026-08-20T20:40:31.195+0430","caller":"orderfulfillerjob/run.go:27","msg":"worker started","job":"order-fulfiller"}
{"level":"info","ts":"2026-08-20T20:40:31.195+0430","caller":"notificationdispatchjob/run.go:26","msg":"worker started","job":"notification-dispatch"}
{"level":"error","ts":"2026-08-20T20:40:32.006+0430","caller":"scheduler/register.go:31","msg":"job execution failed","job":"price-refresh","error":"external service failed","duration":3.810007469,"stacktrace":"telegram-service-platform/scheduler.(*Scheduler).Register.func1\n\t/home/prince/bots/telegram-service-platform/scheduler/register.go:31\nreflect.Value.call\n\t/snap/go/11227/src/reflect/value.go:586\nreflect.Value.Call\n\t/snap/go/11227/src/reflect/value.go:369\ngithub.com/go-co-op/gocron/v2.callJobFuncWithParams\n\t/home/prince/go/pkg/mod/github.com/go-co-op/gocron/v2@v2.22.0/util.go:28\ngithub.com/go-co-op/gocron/v2.(*executor).runJob\n\t/home/prince/go/pkg/mod/github.com/go-co-op/gocron/v2@v2.22.0/executor.go:526\ngithub.com/go-co-op/gocron/v2.(*executor).start.func1.1\n\t/home/prince/go/pkg/mod/github.com/go-co-op/gocron/v2@v2.22.0/executor.go:268"}
{"level":"info","ts":"2026-08-20T20:40:32.195+0430","caller":"notificationdispatchjob/run.go:26","msg":"worker started","job":"notification-dispatch"}
{"level":"info","ts":"2026-08-20T20:40:32.195+0430","caller":"orderfulfillerjob/run.go:27","msg":"worker started","job":"order-fulfiller"}
{"level":"info","ts":"2026-08-20T20:40:33.195+0430","caller":"notificationdispatchjob/run.go:26","msg":"worker started","job":"notification-dispatch"}
{"level":"info","ts":"2026-08-20T20:40:33.195+0430","caller":"orderfulfillerjob/run.go:27","msg":"worker started","job":"order-fulfiller"}
{"level":"info","ts":"2026-08-20T20:40:34.195+0430","caller":"notificationdispatchjob/run.go:26","msg":"worker started","job":"notification-dispatch"}
{"level":"info","ts":"2026-08-20T20:40:34.195+0430","caller":"orderfulfillerjob/run.go:27","msg":"worker started","job":"order-fulfiller"}
{"level":"info","ts":"2026-08-20T20:40:35.195+0430","caller":"orderfulfillerjob/run.go:27","msg":"worker started","job":"order-fulfiller"}
{"level":"info","ts":"2026-08-20T20:40:35.196+0430","caller":"notificationdispatchjob/run.go:26","msg":"worker started","job":"notification-dispatch"}
{"level":"info","ts":"2026-08-20T20:40:36.195+0430","caller":"notificationdispatchjob/run.go:26","msg":"worker started","job":"notification-dispatch"}
{"level":"info","ts":"2026-08-20T20:40:36.195+0430","caller":"orderfulfillerjob/run.go:27","msg":"worker started","job":"order-fulfiller"}
{"level":"info","ts":"2026-08-20T20:40:37.195+0430","caller":"orderfulfillerjob/run.go:27","msg":"worker started","job":"order-fulfiller"}
{"level":"info","ts":"2026-08-20T20:40:37.196+0430","caller":"notificationdispatchjob/run.go:26","msg":"worker started","job":"notification-dispatch"}
{"level":"info","ts":"2026-08-20T20:40:38.195+0430","caller":"notificationdispatchjob/run.go:26","msg":"worker started","job":"notification-dispatch"}
{"level":"info","ts":"2026-08-20T20:40:38.196+0430","caller":"orderfulfillerjob/run.go:27","msg":"worker started","job":"order-fulfiller"}
{"level":"info","ts":"2026-08-20T20:40:39.196+0430","caller":"notificationdispatchjob/run.go:26","msg":"worker started","job":"notification-dispatch"}
{"level":"info","ts":"2026-08-20T20:40:39.196+0430","caller":"orderfulfillerjob/run.go:27","msg":"worker started","job":"order-fulfiller"}
{"level":"info","ts":"2026-08-20T20:40:40.195+0430","caller":"notificationdispatchjob/run.go:26","msg":"worker started","job":"notification-dispatch"}
{"level":"info","ts":"2026-08-20T20:40:40.196+0430","caller":"orderfulfillerjob/run.go:27","msg":"worker started","job":"order-fulfiller"}
{"level":"info","ts":"2026-08-20T20:40:41.195+0430","caller":"orderfulfillerjob/run.go:27","msg":"worker started","job":"order-fulfiller"}
{"level":"info","ts":"2026-08-20T20:40:41.195+0430","caller":"notificationdispatchjob/run.go:26","msg":"worker started","job":"notification-dispatch"}
{"level":"info","ts":"2026-08-20T20:40:42.196+0430","caller":"notificationdispatchjob/run.go:26","msg":"worker started","job":"notification-dispatch"}
{"level":"info","ts":"2026-08-20T20:40:42.197+0430","caller":"orderfulfillerjob/run.go:27","msg":"worker started","job":"order-fulfiller"}
{"level":"info","ts":"2026-08-20T20:40:43.196+0430","caller":"orderfulfillerjob/run.go:27","msg":"worker started","job":"order-fulfiller"}
{"level":"info","ts":"2026-08-20T20:40:43.196+0430","caller":"notificationdispatchjob/run.go:26","msg":"worker started","job":"notification-dispatch"}
{"level":"info","ts":"2026-08-20T20:40:44.196+0430","caller":"orderfulfillerjob/run.go:27","msg":"worker started","job":"order-fulfiller"}
{"level":"info","ts":"2026-08-20T20:40:44.196+0430","caller":"notificationdispatchjob/run.go:26","msg":"worker started","job":"notification-dispatch"}
{"level":"info","ts":"2026-08-20T20:40:45.195+0430","caller":"notificationdispatchjob/run.go:26","msg":"worker started","job":"notification-dispatch"}
{"level":"info","ts":"2026-08-20T20:40:45.195+0430","caller":"orderfulfillerjob/run.go:27","msg":"worker started","job":"order-fulfiller"}
{"level":"info","ts":"2026-08-20T20:40:46.195+0430","caller":"notificationdispatchjob/run.go:26","msg":"worker started","job":"notification-dispatch"}
{"level":"info","ts":"2026-08-20T20:40:46.196+0430","caller":"orderfulfillerjob/run.go:27","msg":"worker started","job":"order-fulfiller"}
{"level":"info","ts":"2026-08-20T20:40:47.196+0430","caller":"orderfulfillerjob/run.go:27","msg":"worker started","job":"order-fulfiller"}
{"level":"info","ts":"2026-08-20T20:40:47.197+0430","caller":"notificationdispatchjob/run.go:26","msg":"worker started","job":"notification-dispatch"}
{"level":"info","ts":"2026-08-20T20:40:48.195+0430","caller":"notificationdispatchjob/run.go:26","msg":"worker started","job":"notification-dispatch"}
{"level":"info","ts":"2026-08-20T20:40:48.196+0430","caller":"orderfulfillerjob/run.go:27","msg":"worker started","job":"order-fulfiller"}
{"level":"info","ts":"2026-08-20T20:40:49.197+0430","caller":"orderfulfillerjob/run.go:27","msg":"worker started","job":"order-fulfiller"}
{"level":"info","ts":"2026-08-20T20:40:49.197+0430","caller":"notificationdispatchjob/run.go:26","msg":"worker started","job":"notification-dispatch"}
{"level":"info","ts":"2026-08-20T20:40:50.195+0430","caller":"notificationdispatchjob/run.go:26","msg":"worker started","job":"notification-dispatch"}
{"level":"info","ts":"2026-08-20T20:40:50.195+0430","caller":"orderfulfillerjob/run.go:27","msg":"worker started","job":"order-fulfiller"}
{"level":"info","ts":"2026-08-20T20:40:51.196+0430","caller":"notificationdispatchjob/run.go:26","msg":"worker started","job":"notification-dispatch"}
{"level":"info","ts":"2026-08-20T20:40:51.196+0430","caller":"orderfulfillerjob/run.go:27","msg":"worker started","job":"order-fulfiller"}
{"level":"info","ts":"2026-08-20T20:40:52.195+0430","caller":"orderfulfillerjob/run.go:27","msg":"worker started","job":"order-fulfiller"}
{"level":"info","ts":"2026-08-20T20:40:52.195+0430","caller":"notificationdispatchjob/run.go:26","msg":"worker started","job":"notification-dispatch"}
{"level":"info","ts":"2026-08-20T20:40:53.196+0430","caller":"orderfulfillerjob/run.go:27","msg":"worker started","job":"order-fulfiller"}
{"level":"info","ts":"2026-08-20T20:40:53.197+0430","caller":"notificationdispatchjob/run.go:26","msg":"worker started","job":"notification-dispatch"}
{"level":"info","ts":"2026-08-20T20:40:54.196+0430","caller":"notificationdispatchjob/run.go:26","msg":"worker started","job":"notification-dispatch"}
{"level":"info","ts":"2026-08-20T20:40:54.196+0430","caller":"orderfulfillerjob/run.go:27","msg":"worker started","job":"order-fulfiller"}
{"level":"info","ts":"2026-08-20T20:40:55.196+0430","caller":"orderfulfillerjob/run.go:27","msg":"worker started","job":"order-fulfiller"}
{"level":"info","ts":"2026-08-20T20:40:55.196+0430","caller":"notificationdispatchjob/run.go:26","msg":"worker started","job":"notification-dispatch"}
{"level":"info","ts":"2026-08-20T20:40:56.195+0430","caller":"notificationdispatchjob/run.go:26","msg":"worker started","job":"notification-dispatch"}
{"level":"info","ts":"2026-08-20T20:40:56.195+0430","caller":"orderfulfillerjob/run.go:27","msg":"worker started","job":"order-fulfiller"}
{"level":"info","ts":"2026-08-20T20:40:57.196+0430","caller":"notificationdispatchjob/run.go:26","msg":"worker started","job":"notification-dispatch"}
{"level":"info","ts":"2026-08-20T20:40:57.196+0430","caller":"orderfulfillerjob/run.go:27","msg":"worker started","job":"order-fulfiller"}
{"level":"info","ts":"2026-08-20T20:40:58.197+0430","caller":"orderfulfillerjob/run.go:27","msg":"worker started","job":"order-fulfiller"}
{"level":"info","ts":"2026-08-20T20:40:58.197+0430","caller":"notificationdispatchjob/run.go:26","msg":"worker started","job":"notification-dispatch"}
{"level":"info","ts":"2026-08-20T20:40:59.197+0430","caller":"notificationdispatchjob/run.go:26","msg":"worker started","job":"notification-dispatch"}
{"level":"info","ts":"2026-08-20T20:40:59.197+0430","caller":"orderfulfillerjob/run.go:27","msg":"worker started","job":"order-fulfiller"}
{"level":"info","ts":"2026-08-20T20:41:00.196+0430","caller":"orderfulfillerjob/run.go:27","msg":"worker started","job":"order-fulfiller"}
{"level":"info","ts":"2026-08-20T20:41:00.196+0430","caller":"notificationdispatchjob/run.go:26","msg":"worker started","job":"notification-dispatch"}
{"level":"info","ts":"2026-08-20T20:41:01.196+0430","caller":"notificationdispatchjob/run.go:26","msg":"worker started","job":"notification-dispatch"}
{"level":"info","ts":"2026-08-20T20:41:01.196+0430","caller":"orderfulfillerjob/run.go:27","msg":"worker started","job":"order-fulfiller"}
{"level":"info","ts":"2026-08-20T20:41:02.196+0430","caller":"notificationdispatchjob/run.go:26","msg":"worker started","job":"notification-dispatch"}
{"level":"info","ts":"2026-08-20T20:41:02.196+0430","caller":"orderfulfillerjob/run.go:27","msg":"worker started","job":"order-fulfiller"}
{"level":"info","ts":"2026-08-20T20:41:03.195+0430","caller":"orderfulfillerjob/run.go:27","msg":"worker started","job":"order-fulfiller"}
{"level":"info","ts":"2026-08-20T20:41:03.195+0430","caller":"notificationdispatchjob/run.go:26","msg":"worker started","job":"notification-dispatch"}
{"level":"info","ts":"2026-08-20T20:41:04.195+0430","caller":"orderfulfillerjob/run.go:27","msg":"worker started","job":"order-fulfiller"}
{"level":"info","ts":"2026-08-20T20:41:04.196+0430","caller":"notificationdispatchjob/run.go:26","msg":"worker started","job":"notification-dispatch"}
{"level":"info","ts":"2026-08-20T20:41:05.196+0430","caller":"notificationdispatchjob/run.go:26","msg":"worker started","job":"notification-dispatch"}
{"level":"info","ts":"2026-08-20T20:41:05.196+0430","caller":"orderfulfillerjob/run.go:27","msg":"worker started","job":"order-fulfiller"}
{"level":"info","ts":"2026-08-20T20:41:06.196+0430","caller":"orderfulfillerjob/run.go:27","msg":"worker started","job":"order-fulfiller"}
{"level":"info","ts":"2026-08-20T20:41:06.196+0430","caller":"notificationdispatchjob/run.go:26","msg":"worker started","job":"notification-dispatch"}
{"level":"info","ts":"2026-08-20T20:41:07.196+0430","caller":"notificationdispatchjob/run.go:26","msg":"worker started","job":"notification-dispatch"}
{"level":"info","ts":"2026-08-20T20:41:07.196+0430","caller":"orderfulfillerjob/run.go:27","msg":"worker started","job":"order-fulfiller"}
{"level":"info","ts":"2026-08-20T20:41:08.195+0430","caller":"orderfulfillerjob/run.go:27","msg":"worker started","job":"order-fulfiller"}
{"level":"info","ts":"2026-08-20T20:41:08.196+0430","caller":"notificationdispatchjob/run.go:26","msg":"worker started","job":"notification-dispatch"}
{"level":"info","ts":"2026-08-20T20:41:09.196+0430","caller":"notificationdispatchjob/run.go:26","msg":"worker started","job":"notification-dispatch"}
{"level":"info","ts":"2026-08-20T20:41:09.196+0430","caller":"orderfulfillerjob/run.go:27","msg":"worker started","job":"order-fulfiller"}
{"level":"info","ts":"2026-08-20T20:41:10.195+0430","caller":"orderfulfillerjob/run.go:27","msg":"worker started","job":"order-fulfiller"}
{"level":"info","ts":"2026-08-20T20:41:10.195+0430","caller":"notificationdispatchjob/run.go:26","msg":"worker started","job":"notification-dispatch"}
{"level":"info","ts":"2026-08-20T20:41:11.195+0430","caller":"notificationdispatchjob/run.go:26","msg":"worker started","job":"notification-dispatch"}
{"level":"info","ts":"2026-08-20T20:41:11.195+0430","caller":"orderfulfillerjob/run.go:27","msg":"worker started","job":"order-fulfiller"}
{"level":"info","ts":"2026-08-20T20:41:12.196+0430","caller":"notificationdispatchjob/run.go:26","msg":"worker started","job":"notification-dispatch"}
{"level":"info","ts":"2026-08-20T20:41:12.196+0430","caller":"orderfulfillerjob/run.go:27","msg":"worker started","job":"order-fulfiller"}
{"level":"info","ts":"2026-08-20T20:41:13.195+0430","caller":"notificationdispatchjob/run.go:26","msg":"worker started","job":"notification-dispatch"}
{"level":"info","ts":"2026-08-20T20:41:13.195+0430","caller":"orderfulfillerjob/run.go:27","msg":"worker started","job":"order-fulfiller"}
{"level":"info","ts":"2026-08-20T20:41:14.196+0430","caller":"orderfulfillerjob/run.go:27","msg":"worker started","job":"order-fulfiller"}
{"level":"info","ts":"2026-08-20T20:41:14.196+0430","caller":"notificationdispatchjob/run.go:26","msg":"worker started","job":"notification-dispatch"}
{"level":"info","ts":"2026-08-20T20:41:15.195+0430","caller":"orderfulfillerjob/run.go:27","msg":"worker started","job":"order-fulfiller"}
{"level":"info","ts":"2026-08-20T20:41:15.196+0430","caller":"notificationdispatchjob/run.go:26","msg":"worker started","job":"notification-dispatch"}
{"level":"info","ts":"2026-08-20T20:41:16.195+0430","caller":"notificationdispatchjob/run.go:26","msg":"worker started","job":"notification-dispatch"}
{"level":"info","ts":"2026-08-20T20:41:16.195+0430","caller":"orderfulfillerjob/run.go:27","msg":"worker started","job":"order-fulfiller"}
{"level":"info","ts":"2026-08-20T20:41:17.196+0430","caller":"notificationdispatchjob/run.go:26","msg":"worker started","job":"notification-dispatch"}
{"level":"info","ts":"2026-08-20T20:41:17.196+0430","caller":"orderfulfillerjob/run.go:27","msg":"worker started","job":"order-fulfiller"}
{"level":"info","ts":"2026-08-20T20:41:18.195+0430","caller":"notificationdispatchjob/run.go:26","msg":"worker started","job":"notification-dispatch"}
{"level":"info","ts":"2026-08-20T20:41:18.195+0430","caller":"orderfulfillerjob/run.go:27","msg":"worker started","job":"order-fulfiller"}
{"level":"info","ts":"2026-08-20T20:41:19.195+0430","caller":"orderfulfillerjob/run.go:27","msg":"worker started","job":"order-fulfiller"}
{"level":"info","ts":"2026-08-20T20:41:19.196+0430","caller":"notificationdispatchjob/run.go:26","msg":"worker started","job":"notification-dispatch"}
{"level":"info","ts":"2026-08-20T20:41:20.196+0430","caller":"notificationdispatchjob/run.go:26","msg":"worker started","job":"notification-dispatch"}
{"level":"info","ts":"2026-08-20T20:41:20.197+0430","caller":"orderfulfillerjob/run.go:27","msg":"worker started","job":"order-fulfiller"}
{"level":"info","ts":"2026-08-20T20:41:21.195+0430","caller":"notificationdispatchjob/run.go:26","msg":"worker started","job":"notification-dispatch"}
{"level":"info","ts":"2026-08-20T20:41:21.195+0430","caller":"orderfulfillerjob/run.go:27","msg":"worker started","job":"order-fulfiller"}
{"level":"info","ts":"2026-08-20T20:41:22.195+0430","caller":"orderfulfillerjob/run.go:27","msg":"worker started","job":"order-fulfiller"}
{"level":"info","ts":"2026-08-20T20:41:22.196+0430","caller":"notificationdispatchjob/run.go:26","msg":"worker started","job":"notification-dispatch"}
{"level":"info","ts":"2026-08-20T20:41:23.195+0430","caller":"notificationdispatchjob/run.go:26","msg":"worker started","job":"notification-dispatch"}
{"level":"info","ts":"2026-08-20T20:41:23.195+0430","caller":"orderfulfillerjob/run.go:27","msg":"worker started","job":"order-fulfiller"}
{"level":"info","ts":"2026-08-20T20:41:24.195+0430","caller":"notificationdispatchjob/run.go:26","msg":"worker started","job":"notification-dispatch"}
{"level":"info","ts":"2026-08-20T20:41:24.195+0430","caller":"orderfulfillerjob/run.go:27","msg":"worker started","job":"order-fulfiller"}
{"level":"info","ts":"2026-08-20T20:41:25.196+0430","caller":"orderfulfillerjob/run.go:27","msg":"worker started","job":"order-fulfiller"}
{"level":"info","ts":"2026-08-20T20:41:25.196+0430","caller":"notificationdispatchjob/run.go:26","msg":"worker started","job":"notification-dispatch"}
{"level":"info","ts":"2026-08-20T20:41:26.196+0430","caller":"notificationdispatchjob/run.go:26","msg":"worker started","job":"notification-dispatch"}
{"level":"info","ts":"2026-08-20T20:41:26.197+0430","caller":"orderfulfillerjob/run.go:27","msg":"worker started","job":"order-fulfiller"}
{"level":"info","ts":"2026-08-20T20:41:27.195+0430","caller":"orderfulfillerjob/run.go:27","msg":"worker started","job":"order-fulfiller"}
{"level":"info","ts":"2026-08-20T20:41:27.195+0430","caller":"notificationdispatchjob/run.go:26","msg":"worker started","job":"notification-dispatch"}
{"level":"info","ts":"2026-08-20T20:41:28.195+0430","caller":"smmvalidationjob/run.go:24","msg":"SMM validation job started","job":"smm-validation"}
{"level":"info","ts":"2026-08-20T20:41:28.195+0430","caller":"orderfulfillerjob/run.go:27","msg":"worker started","job":"order-fulfiller"}
{"level":"info","ts":"2026-08-20T20:41:28.195+0430","caller":"notificationdispatchjob/run.go:26","msg":"worker started","job":"notification-dispatch"}
{"level":"info","ts":"2026-08-20T20:41:28.197+0430","caller":"paymentverifyjob/run.go:37","msg":"worker pending payments fetched","job":"payment-verify","count":0}
{"level":"info","ts":"2026-08-20T20:41:28.197+0430","caller":"paymentverifyjob/run.go:119","msg":"worker completed","job":"payment-verify","duration":0.002423338}
{"level":"info","ts":"2026-08-20T20:41:28.721+0430","caller":"smmvalidationjob/run.go:65","msg":"SMM validation completed successfully, all services are valid","job":"smm-validation"}
{"level":"info","ts":"2026-08-20T20:41:29.196+0430","caller":"notificationdispatchjob/run.go:26","msg":"worker started","job":"notification-dispatch"}
{"level":"info","ts":"2026-08-20T20:41:29.197+0430","caller":"orderfulfillerjob/run.go:27","msg":"worker started","job":"order-fulfiller"}
{"level":"info","ts":"2026-08-20T20:41:30.195+0430","caller":"notificationdispatchjob/run.go:26","msg":"worker started","job":"notification-dispatch"}
{"level":"info","ts":"2026-08-20T20:41:30.196+0430","caller":"orderfulfillerjob/run.go:27","msg":"worker started","job":"order-fulfiller"}
{"level":"info","ts":"2026-08-20T20:41:31.196+0430","caller":"orderfulfillerjob/run.go:27","msg":"worker started","job":"order-fulfiller"}
{"level":"info","ts":"2026-08-20T20:41:31.197+0430","caller":"notificationdispatchjob/run.go:26","msg":"worker started","job":"notification-dispatch"}
{"level":"info","ts":"2026-08-20T20:41:32.195+0430","caller":"orderfulfillerjob/run.go:27","msg":"worker started","job":"order-fulfiller"}
{"level":"info","ts":"2026-08-20T20:41:32.196+0430","caller":"notificationdispatchjob/run.go:26","msg":"worker started","job":"notification-dispatch"}
{"level":"info","ts":"2026-08-20T20:41:33.196+0430","caller":"orderfulfillerjob/run.go:27","msg":"worker started","job":"order-fulfiller"}
{"level":"info","ts":"2026-08-20T20:41:33.196+0430","caller":"notificationdispatchjob/run.go:26","msg":"worker started","job":"notification-dispatch"}
{"level":"info","ts":"2026-08-20T20:41:34.197+0430","caller":"orderfulfillerjob/run.go:27","msg":"worker started","job":"order-fulfiller"}
{"level":"info","ts":"2026-08-20T20:41:34.198+0430","caller":"notificationdispatchjob/run.go:26","msg":"worker started","job":"notification-dispatch"}
{"level":"info","ts":"2026-08-20T20:41:35.196+0430","caller":"orderfulfillerjob/run.go:27","msg":"worker started","job":"order-fulfiller"}
{"level":"info","ts":"2026-08-20T20:41:35.196+0430","caller":"notificationdispatchjob/run.go:26","msg":"worker started","job":"notification-dispatch"}
{"level":"info","ts":"2026-08-20T20:41:36.196+0430","caller":"notificationdispatchjob/run.go:26","msg":"worker started","job":"notification-dispatch"}
{"level":"info","ts":"2026-08-20T20:41:36.196+0430","caller":"orderfulfillerjob/run.go:27","msg":"worker started","job":"order-fulfiller"}
{"level":"info","ts":"2026-08-20T20:41:37.196+0430","caller":"orderfulfillerjob/run.go:27","msg":"worker started","job":"order-fulfiller"}
{"level":"info","ts":"2026-08-20T20:41:37.196+0430","caller":"notificationdispatchjob/run.go:26","msg":"worker started","job":"notification-dispatch"}
{"level":"info","ts":"2026-08-20T20:41:38.196+0430","caller":"notificationdispatchjob/run.go:26","msg":"worker started","job":"notification-dispatch"}
{"level":"info","ts":"2026-08-20T20:41:38.196+0430","caller":"orderfulfillerjob/run.go:27","msg":"worker started","job":"order-fulfiller"}
{"level":"info","ts":"2026-08-20T20:41:39.195+0430","caller":"notificationdispatchjob/run.go:26","msg":"worker started","job":"notification-dispatch"}
{"level":"info","ts":"2026-08-20T20:41:39.195+0430","caller":"orderfulfillerjob/run.go:27","msg":"worker started","job":"order-fulfiller"}
{"level":"info","ts":"2026-08-20T20:41:40.195+0430","caller":"notificationdispatchjob/run.go:26","msg":"worker started","job":"notification-dispatch"}
{"level":"info","ts":"2026-08-20T20:41:40.195+0430","caller":"orderfulfillerjob/run.go:27","msg":"worker started","job":"order-fulfiller"}
{"level":"info","ts":"2026-08-20T20:41:41.195+0430","caller":"orderfulfillerjob/run.go:27","msg":"worker started","job":"order-fulfiller"}
{"level":"info","ts":"2026-08-20T20:41:41.195+0430","caller":"notificationdispatchjob/run.go:26","msg":"worker started","job":"notification-dispatch"}
{"level":"info","ts":"2026-08-20T20:41:41.423+0430","caller":"httpserver/server.go:56","msg":"http server shutting down"}
{"level":"error","ts":"2026-08-20T20:41:41.748+0430","caller":"app/lifecycle.go:42","msg":"telegram server shutdown error","error":"too many requests, Too Many Requests: retry after 173: retry_after 173","stacktrace":"telegram-service-platform/app.(*App).Shutdown\n\t/home/prince/bots/telegram-service-platform/app/lifecycle.go:42\nmain.main\n\t/home/prince/bots/telegram-service-platform/cmd/bot/main.go:51\nruntime.main\n\t/snap/go/11227/src/runtime/proc.go:290"}
{"level":"info","ts":"2026-08-21T00:10:00.544+0430","caller":"scheduler/register.go:15","msg":"scheduler register start"}
{"level":"info","ts":"2026-08-21T00:10:00.546+0430","caller":"scheduler/register.go:48","msg":"job registered","job":"price-refresh","interval":3600}
{"level":"info","ts":"2026-08-21T00:10:00.546+0430","caller":"scheduler/register.go:48","msg":"job registered","job":"payment-verify","interval":60}
{"level":"info","ts":"2026-08-21T00:10:00.546+0430","caller":"scheduler/register.go:48","msg":"job registered","job":"order-fulfiller","interval":1}
{"level":"info","ts":"2026-08-21T00:10:00.546+0430","caller":"scheduler/register.go:48","msg":"job registered","job":"status-sync","interval":300}
{"level":"info","ts":"2026-08-21T00:10:00.546+0430","caller":"scheduler/register.go:48","msg":"job registered","job":"payment-expiry","interval":120}
{"level":"info","ts":"2026-08-21T00:10:00.546+0430","caller":"scheduler/register.go:48","msg":"job registered","job":"notification-dispatch","interval":1}
{"level":"info","ts":"2026-08-21T00:10:00.546+0430","caller":"scheduler/register.go:48","msg":"job registered","job":"smm-validation","interval":60}
{"level":"info","ts":"2026-08-21T00:10:01.591+0430","caller":"httpserver/server.go:44","msg":"http server starting","port":8183}
{"level":"info","ts":"2026-08-21T00:10:01.593+0430","caller":"paymentexpiryjob/run.go:27","msg":"worker started","job":"payment-expiry"}
{"level":"info","ts":"2026-08-21T00:10:01.593+0430","caller":"orderfulfillerjob/run.go:27","msg":"worker started","job":"order-fulfiller"}
{"level":"info","ts":"2026-08-21T00:10:01.594+0430","caller":"notificationdispatchjob/run.go:26","msg":"worker started","job":"notification-dispatch"}
{"level":"info","ts":"2026-08-21T00:10:01.594+0430","caller":"smmvalidationjob/run.go:24","msg":"SMM validation job started","job":"smm-validation"}
{"level":"info","ts":"2026-08-21T00:10:01.594+0430","caller":"statussyncJob/run.go:25","msg":"worker started","job":"status-sync"}
{"level":"info","ts":"2026-08-21T00:10:01.598+0430","caller":"paymentexpiryjob/run.go:39","msg":"expired payments fetched","job":"payment-expiry","count":0}
{"level":"info","ts":"2026-08-21T00:10:01.598+0430","caller":"paymentexpiryjob/run.go:76","msg":"worker completed","job":"payment-expiry","duration":0.004644508}
{"level":"info","ts":"2026-08-21T00:10:01.605+0430","caller":"paymentverifyjob/run.go:37","msg":"worker pending payments fetched","job":"payment-verify","count":0}
{"level":"info","ts":"2026-08-21T00:10:01.605+0430","caller":"paymentverifyjob/run.go:119","msg":"worker completed","job":"payment-verify","duration":0.010972936}
{"level":"info","ts":"2026-08-21T00:10:01.606+0430","caller":"statussyncJob/run.go:39","msg":"processing orders fetched","job":"status-sync","count":0}
{"level":"info","ts":"2026-08-21T00:10:01.607+0430","caller":"statussyncJob/run.go:101","msg":"worker completed","job":"status-sync","duration":0.012127235}
{"level":"info","ts":"2026-08-21T00:10:02.593+0430","caller":"notificationdispatchjob/run.go:26","msg":"worker started","job":"notification-dispatch"}
{"level":"info","ts":"2026-08-21T00:10:02.593+0430","caller":"orderfulfillerjob/run.go:27","msg":"worker started","job":"order-fulfiller"}
{"level":"info","ts":"2026-08-21T00:10:31.754+0430","caller":"scheduler/register.go:15","msg":"scheduler register start"}
{"level":"info","ts":"2026-08-21T00:10:31.755+0430","caller":"scheduler/register.go:48","msg":"job registered","job":"price-refresh","interval":3600}
{"level":"info","ts":"2026-08-21T00:10:31.755+0430","caller":"scheduler/register.go:48","msg":"job registered","job":"payment-verify","interval":60}
{"level":"info","ts":"2026-08-21T00:10:31.755+0430","caller":"scheduler/register.go:48","msg":"job registered","job":"order-fulfiller","interval":1}
{"level":"info","ts":"2026-08-21T00:10:31.755+0430","caller":"scheduler/register.go:48","msg":"job registered","job":"status-sync","interval":300}
{"level":"info","ts":"2026-08-21T00:10:31.755+0430","caller":"scheduler/register.go:48","msg":"job registered","job":"payment-expiry","interval":120}
{"level":"info","ts":"2026-08-21T00:10:31.755+0430","caller":"scheduler/register.go:48","msg":"job registered","job":"notification-dispatch","interval":1}
{"level":"info","ts":"2026-08-21T00:10:31.755+0430","caller":"scheduler/register.go:48","msg":"job registered","job":"smm-validation","interval":60}
{"level":"info","ts":"2026-08-21T00:10:32.667+0430","caller":"httpserver/server.go:44","msg":"http server starting","port":8183}
{"level":"info","ts":"2026-08-21T00:10:32.668+0430","caller":"smmvalidationjob/run.go:24","msg":"SMM validation job started","job":"smm-validation"}
{"level":"info","ts":"2026-08-21T00:10:32.668+0430","caller":"notificationdispatchjob/run.go:26","msg":"worker started","job":"notification-dispatch"}
{"level":"info","ts":"2026-08-21T00:10:32.668+0430","caller":"paymentexpiryjob/run.go:27","msg":"worker started","job":"payment-expiry"}
{"level":"info","ts":"2026-08-21T00:10:32.668+0430","caller":"orderfulfillerjob/run.go:27","msg":"worker started","job":"order-fulfiller"}
{"level":"info","ts":"2026-08-21T00:10:32.668+0430","caller":"statussyncJob/run.go:25","msg":"worker started","job":"status-sync"}
{"level":"info","ts":"2026-08-21T00:10:32.670+0430","caller":"paymentverifyjob/run.go:37","msg":"worker pending payments fetched","job":"payment-verify","count":0}
{"level":"info","ts":"2026-08-21T00:10:32.670+0430","caller":"paymentverifyjob/run.go:119","msg":"worker completed","job":"payment-verify","duration":0.002967086}
{"level":"info","ts":"2026-08-21T00:10:32.676+0430","caller":"statussyncJob/run.go:39","msg":"processing orders fetched","job":"status-sync","count":0}
{"level":"info","ts":"2026-08-21T00:10:32.676+0430","caller":"statussyncJob/run.go:101","msg":"worker completed","job":"status-sync","duration":0.008257719}
{"level":"info","ts":"2026-08-21T00:10:32.677+0430","caller":"paymentexpiryjob/run.go:39","msg":"expired payments fetched","job":"payment-expiry","count":0}
{"level":"info","ts":"2026-08-21T00:10:32.677+0430","caller":"paymentexpiryjob/run.go:76","msg":"worker completed","job":"payment-expiry","duration":0.009424627}
{"level":"info","ts":"2026-08-21T00:10:33.668+0430","caller":"notificationdispatchjob/run.go:26","msg":"worker started","job":"notification-dispatch"}
{"level":"info","ts":"2026-08-21T00:10:33.668+0430","caller":"orderfulfillerjob/run.go:27","msg":"worker started","job":"order-fulfiller"}
{"level":"warn","ts":"2026-08-21T00:10:34.416+0430","caller":"smmvalidationjob/run.go:58","msg":"SMM validation found missing services, admin notified","missing_count":8,"job":"smm-validation"}
{"level":"info","ts":"2026-08-21T00:13:00.385+0430","caller":"scheduler/register.go:15","msg":"scheduler register start"}
{"level":"info","ts":"2026-08-21T00:13:00.385+0430","caller":"scheduler/register.go:48","msg":"job registered","job":"price-refresh","interval":3600}
{"level":"info","ts":"2026-08-21T00:13:00.385+0430","caller":"scheduler/register.go:48","msg":"job registered","job":"payment-verify","interval":60}
{"level":"info","ts":"2026-08-21T00:13:00.385+0430","caller":"scheduler/register.go:48","msg":"job registered","job":"order-fulfiller","interval":300}
{"level":"info","ts":"2026-08-21T00:13:00.385+0430","caller":"scheduler/register.go:48","msg":"job registered","job":"status-sync","interval":300}
{"level":"info","ts":"2026-08-21T00:13:00.385+0430","caller":"scheduler/register.go:48","msg":"job registered","job":"payment-expiry","interval":300}
{"level":"info","ts":"2026-08-21T00:13:00.385+0430","caller":"scheduler/register.go:48","msg":"job registered","job":"notification-dispatch","interval":300}
{"level":"info","ts":"2026-08-21T00:13:00.385+0430","caller":"scheduler/register.go:48","msg":"job registered","job":"smm-validation","interval":60}
{"level":"info","ts":"2026-08-21T00:13:01.390+0430","caller":"httpserver/server.go:44","msg":"http server starting","port":8183}
{"level":"info","ts":"2026-08-21T00:13:01.390+0430","caller":"orderfulfillerjob/run.go:27","msg":"worker started","job":"order-fulfiller"}
{"level":"info","ts":"2026-08-21T00:13:01.391+0430","caller":"notificationdispatchjob/run.go:26","msg":"worker started","job":"notification-dispatch"}
{"level":"info","ts":"2026-08-21T00:13:01.391+0430","caller":"statussyncJob/run.go:25","msg":"worker started","job":"status-sync"}
{"level":"info","ts":"2026-08-21T00:13:01.391+0430","caller":"smmvalidationjob/run.go:24","msg":"SMM validation job started","job":"smm-validation"}
{"level":"info","ts":"2026-08-21T00:13:01.391+0430","caller":"paymentexpiryjob/run.go:27","msg":"worker started","job":"payment-expiry"}
{"level":"info","ts":"2026-08-21T00:13:01.395+0430","caller":"paymentverifyjob/run.go:37","msg":"worker pending payments fetched","job":"payment-verify","count":0}
{"level":"info","ts":"2026-08-21T00:13:01.395+0430","caller":"paymentverifyjob/run.go:119","msg":"worker completed","job":"payment-verify","duration":0.004038935}
{"level":"info","ts":"2026-08-21T00:13:01.399+0430","caller":"statussyncJob/run.go:39","msg":"processing orders fetched","job":"status-sync","count":0}
{"level":"info","ts":"2026-08-21T00:13:01.399+0430","caller":"statussyncJob/run.go:101","msg":"worker completed","job":"status-sync","duration":0.008379457}
{"level":"info","ts":"2026-08-21T00:13:01.400+0430","caller":"paymentexpiryjob/run.go:39","msg":"expired payments fetched","job":"payment-expiry","count":0}
{"level":"info","ts":"2026-08-21T00:13:01.401+0430","caller":"paymentexpiryjob/run.go:76","msg":"worker completed","job":"payment-expiry","duration":0.009515}
{"level":"warn","ts":"2026-08-21T00:13:02.953+0430","caller":"smmvalidationjob/run.go:58","msg":"SMM validation found missing services, admin notified","missing_count":8,"job":"smm-validation"}
{"level":"info","ts":"2026-08-21T00:15:35.311+0430","caller":"scheduler/register.go:15","msg":"scheduler register start"}
{"level":"info","ts":"2026-08-21T00:15:35.311+0430","caller":"scheduler/register.go:48","msg":"job registered","job":"price-refresh","interval":3600}
{"level":"info","ts":"2026-08-21T00:15:35.312+0430","caller":"scheduler/register.go:48","msg":"job registered","job":"payment-verify","interval":60}
{"level":"info","ts":"2026-08-21T00:15:35.312+0430","caller":"scheduler/register.go:48","msg":"job registered","job":"order-fulfiller","interval":300}
{"level":"info","ts":"2026-08-21T00:15:35.312+0430","caller":"scheduler/register.go:48","msg":"job registered","job":"status-sync","interval":300}
{"level":"info","ts":"2026-08-21T00:15:35.312+0430","caller":"scheduler/register.go:48","msg":"job registered","job":"payment-expiry","interval":300}
{"level":"info","ts":"2026-08-21T00:15:35.312+0430","caller":"scheduler/register.go:48","msg":"job registered","job":"notification-dispatch","interval":300}
{"level":"info","ts":"2026-08-21T00:15:35.312+0430","caller":"scheduler/register.go:48","msg":"job registered","job":"smm-validation","interval":60}
{"level":"info","ts":"2026-08-21T00:15:36.214+0430","caller":"httpserver/server.go:44","msg":"http server starting","port":8183}
{"level":"info","ts":"2026-08-21T00:15:36.215+0430","caller":"notificationdispatchjob/run.go:26","msg":"worker started","job":"notification-dispatch"}
{"level":"info","ts":"2026-08-21T00:15:36.216+0430","caller":"orderfulfillerjob/run.go:27","msg":"worker started","job":"order-fulfiller"}
{"level":"info","ts":"2026-08-21T00:15:36.216+0430","caller":"statussyncJob/run.go:25","msg":"worker started","job":"status-sync"}
{"level":"info","ts":"2026-08-21T00:15:36.216+0430","caller":"smmvalidationjob/run.go:24","msg":"SMM validation job started","job":"smm-validation"}
{"level":"info","ts":"2026-08-21T00:15:36.217+0430","caller":"paymentexpiryjob/run.go:27","msg":"worker started","job":"payment-expiry"}
{"level":"info","ts":"2026-08-21T00:15:36.219+0430","caller":"statussyncJob/run.go:39","msg":"processing orders fetched","job":"status-sync","count":0}
{"level":"info","ts":"2026-08-21T00:15:36.219+0430","caller":"statussyncJob/run.go:101","msg":"worker completed","job":"status-sync","duration":0.003186425}
{"level":"info","ts":"2026-08-21T00:15:36.225+0430","caller":"paymentverifyjob/run.go:37","msg":"worker pending payments fetched","job":"payment-verify","count":0}
{"level":"info","ts":"2026-08-21T00:15:36.225+0430","caller":"paymentexpiryjob/run.go:39","msg":"expired payments fetched","job":"payment-expiry","count":0}
{"level":"info","ts":"2026-08-21T00:15:36.225+0430","caller":"paymentverifyjob/run.go:119","msg":"worker completed","job":"payment-verify","duration":0.008772449}
{"level":"info","ts":"2026-08-21T00:15:36.225+0430","caller":"paymentexpiryjob/run.go:76","msg":"worker completed","job":"payment-expiry","duration":0.008305907}
{"level":"warn","ts":"2026-08-21T00:15:37.782+0430","caller":"smmvalidationjob/run.go:58","msg":"SMM validation found missing services, admin notified","missing_count":8,"job":"smm-validation"}
{"level":"info","ts":"2026-08-21T00:19:13.332+0430","caller":"scheduler/register.go:15","msg":"scheduler register start"}
{"level":"info","ts":"2026-08-21T00:19:13.333+0430","caller":"scheduler/register.go:48","msg":"job registered","job":"price-refresh","interval":3600}
{"level":"info","ts":"2026-08-21T00:19:13.333+0430","caller":"scheduler/register.go:48","msg":"job registered","job":"payment-verify","interval":60}
{"level":"info","ts":"2026-08-21T00:19:13.333+0430","caller":"scheduler/register.go:48","msg":"job registered","job":"order-fulfiller","interval":300}
{"level":"info","ts":"2026-08-21T00:19:13.333+0430","caller":"scheduler/register.go:48","msg":"job registered","job":"status-sync","interval":300}
{"level":"info","ts":"2026-08-21T00:19:13.333+0430","caller":"scheduler/register.go:48","msg":"job registered","job":"payment-expiry","interval":300}
{"level":"info","ts":"2026-08-21T00:19:13.333+0430","caller":"scheduler/register.go:48","msg":"job registered","job":"notification-dispatch","interval":300}
{"level":"info","ts":"2026-08-21T00:19:13.333+0430","caller":"scheduler/register.go:48","msg":"job registered","job":"smm-validation","interval":60}
{"level":"info","ts":"2026-08-21T00:19:14.437+0430","caller":"httpserver/server.go:44","msg":"http server starting","port":8183}
{"level":"info","ts":"2026-08-21T00:19:14.437+0430","caller":"smmvalidationjob/run.go:24","msg":"SMM validation job started","job":"smm-validation"}
{"level":"info","ts":"2026-08-21T00:19:14.437+0430","caller":"notificationdispatchjob/run.go:26","msg":"worker started","job":"notification-dispatch"}
{"level":"info","ts":"2026-08-21T00:19:14.437+0430","caller":"paymentexpiryjob/run.go:27","msg":"worker started","job":"payment-expiry"}
{"level":"info","ts":"2026-08-21T00:19:14.437+0430","caller":"orderfulfillerjob/run.go:27","msg":"worker started","job":"order-fulfiller"}
{"level":"info","ts":"2026-08-21T00:19:14.438+0430","caller":"statussyncJob/run.go:25","msg":"worker started","job":"status-sync"}
{"level":"info","ts":"2026-08-21T00:19:14.441+0430","caller":"paymentexpiryjob/run.go:39","msg":"expired payments fetched","job":"payment-expiry","count":0}
{"level":"info","ts":"2026-08-21T00:19:14.441+0430","caller":"paymentexpiryjob/run.go:76","msg":"worker completed","job":"payment-expiry","duration":0.003697174}
{"level":"info","ts":"2026-08-21T00:19:14.445+0430","caller":"statussyncJob/run.go:39","msg":"processing orders fetched","job":"status-sync","count":0}
{"level":"info","ts":"2026-08-21T00:19:14.445+0430","caller":"statussyncJob/run.go:101","msg":"worker completed","job":"status-sync","duration":0.007006186}
{"level":"info","ts":"2026-08-21T00:19:14.445+0430","caller":"paymentverifyjob/run.go:37","msg":"worker pending payments fetched","job":"payment-verify","count":0}
{"level":"info","ts":"2026-08-21T00:19:14.445+0430","caller":"paymentverifyjob/run.go:119","msg":"worker completed","job":"payment-verify","duration":0.007472119}
{"level":"warn","ts":"2026-08-21T00:19:16.043+0430","caller":"smmvalidationjob/run.go:58","msg":"SMM validation found missing services, admin notified","missing_count":8,"job":"smm-validation"}
{"level":"info","ts":"2026-08-21T00:23:10.887+0430","caller":"scheduler/register.go:15","msg":"scheduler register start"}
{"level":"info","ts":"2026-08-21T00:23:10.888+0430","caller":"scheduler/register.go:48","msg":"job registered","job":"price-refresh","interval":3600}
{"level":"info","ts":"2026-08-21T00:23:10.888+0430","caller":"scheduler/register.go:48","msg":"job registered","job":"payment-verify","interval":60}
{"level":"info","ts":"2026-08-21T00:23:10.888+0430","caller":"scheduler/register.go:48","msg":"job registered","job":"order-fulfiller","interval":300}
{"level":"info","ts":"2026-08-21T00:23:10.888+0430","caller":"scheduler/register.go:48","msg":"job registered","job":"status-sync","interval":300}
{"level":"info","ts":"2026-08-21T00:23:10.888+0430","caller":"scheduler/register.go:48","msg":"job registered","job":"payment-expiry","interval":300}
{"level":"info","ts":"2026-08-21T00:23:10.888+0430","caller":"scheduler/register.go:48","msg":"job registered","job":"notification-dispatch","interval":300}
{"level":"info","ts":"2026-08-21T00:23:10.888+0430","caller":"scheduler/register.go:48","msg":"job registered","job":"smm-validation","interval":60}
{"level":"info","ts":"2026-08-21T00:23:11.828+0430","caller":"httpserver/server.go:44","msg":"http server starting","port":8183}
{"level":"info","ts":"2026-08-21T00:23:11.828+0430","caller":"paymentexpiryjob/run.go:27","msg":"worker started","job":"payment-expiry"}
{"level":"info","ts":"2026-08-21T00:23:11.828+0430","caller":"statussyncJob/run.go:25","msg":"worker started","job":"status-sync"}
{"level":"info","ts":"2026-08-21T00:23:11.828+0430","caller":"smmvalidationjob/run.go:24","msg":"SMM validation job started","job":"smm-validation"}
{"level":"info","ts":"2026-08-21T00:23:11.829+0430","caller":"notificationdispatchjob/run.go:26","msg":"worker started","job":"notification-dispatch"}
{"level":"info","ts":"2026-08-21T00:23:11.829+0430","caller":"orderfulfillerjob/run.go:27","msg":"worker started","job":"order-fulfiller"}
{"level":"info","ts":"2026-08-21T00:23:11.831+0430","caller":"paymentverifyjob/run.go:37","msg":"worker pending payments fetched","job":"payment-verify","count":0}
{"level":"info","ts":"2026-08-21T00:23:11.831+0430","caller":"paymentverifyjob/run.go:119","msg":"worker completed","job":"payment-verify","duration":0.003440803}
{"level":"info","ts":"2026-08-21T00:23:11.836+0430","caller":"paymentexpiryjob/run.go:39","msg":"expired payments fetched","job":"payment-expiry","count":0}
{"level":"info","ts":"2026-08-21T00:23:11.836+0430","caller":"statussyncJob/run.go:39","msg":"processing orders fetched","job":"status-sync","count":0}
{"level":"info","ts":"2026-08-21T00:23:11.836+0430","caller":"paymentexpiryjob/run.go:76","msg":"worker completed","job":"payment-expiry","duration":0.00787902}
{"level":"info","ts":"2026-08-21T00:23:11.836+0430","caller":"statussyncJob/run.go:101","msg":"worker completed","job":"status-sync","duration":0.007786904}
{"level":"info","ts":"2026-08-21T00:54:23.332+0430","caller":"scheduler/register.go:15","msg":"scheduler register start"}
{"level":"info","ts":"2026-08-21T00:54:23.333+0430","caller":"scheduler/register.go:48","msg":"job registered","job":"price-refresh","interval":3600}
{"level":"info","ts":"2026-08-21T00:54:23.333+0430","caller":"scheduler/register.go:48","msg":"job registered","job":"payment-verify","interval":60}
{"level":"info","ts":"2026-08-21T00:54:23.334+0430","caller":"scheduler/register.go:48","msg":"job registered","job":"order-fulfiller","interval":300}
{"level":"info","ts":"2026-08-21T00:54:23.334+0430","caller":"scheduler/register.go:48","msg":"job registered","job":"status-sync","interval":300}
{"level":"info","ts":"2026-08-21T00:54:23.334+0430","caller":"scheduler/register.go:48","msg":"job registered","job":"payment-expiry","interval":300}
{"level":"info","ts":"2026-08-21T00:54:23.334+0430","caller":"scheduler/register.go:48","msg":"job registered","job":"notification-dispatch","interval":300}
{"level":"info","ts":"2026-08-21T00:54:23.335+0430","caller":"scheduler/register.go:48","msg":"job registered","job":"smm-validation","interval":60}
{"level":"info","ts":"2026-08-21T00:54:23.335+0430","caller":"httpserver/server.go:44","msg":"http server starting","port":8183}
{"level":"info","ts":"2026-08-21T00:54:23.336+0430","caller":"notificationdispatchjob/run.go:27","msg":"worker started","job":"notification-dispatch"}
{"level":"info","ts":"2026-08-21T00:54:23.337+0430","caller":"smmvalidationjob/run.go:24","msg":"SMM validation job started","job":"smm-validation"}
{"level":"info","ts":"2026-08-21T00:54:23.337+0430","caller":"orderfulfillerjob/run.go:27","msg":"worker started","job":"order-fulfiller"}
{"level":"info","ts":"2026-08-21T00:54:23.337+0430","caller":"paymentexpiryjob/run.go:27","msg":"worker started","job":"payment-expiry"}
{"level":"info","ts":"2026-08-21T00:54:23.337+0430","caller":"statussyncJob/run.go:25","msg":"worker started","job":"status-sync"}
{"level":"info","ts":"2026-08-21T00:54:23.341+0430","caller":"statussyncJob/run.go:39","msg":"processing orders fetched","job":"status-sync","count":0}
{"level":"info","ts":"2026-08-21T00:54:23.341+0430","caller":"statussyncJob/run.go:101","msg":"worker completed","job":"status-sync","duration":0.004008989}
{"level":"info","ts":"2026-08-21T00:54:23.345+0430","caller":"paymentexpiryjob/run.go:39","msg":"expired payments fetched","job":"payment-expiry","count":0}
{"level":"info","ts":"2026-08-21T00:54:23.345+0430","caller":"paymentexpiryjob/run.go:76","msg":"worker completed","job":"payment-expiry","duration":0.008430646}
{"level":"info","ts":"2026-08-21T00:54:23.345+0430","caller":"paymentverifyjob/run.go:37","msg":"worker pending payments fetched","job":"payment-verify","count":0}
{"level":"info","ts":"2026-08-21T00:54:23.345+0430","caller":"paymentverifyjob/run.go:119","msg":"worker completed","job":"payment-verify","duration":0.00756888}
{"level":"warn","ts":"2026-08-21T00:54:24.953+0430","caller":"smmvalidationjob/run.go:58","msg":"SMM validation found missing services, admin notified","missing_count":8,"job":"smm-validation"}
{"level":"warn","ts":"2026-08-21T00:54:25.193+0430","caller":"notificationdispatchjob/run.go:73","msg":"send notification failed","notification_id":7,"error":"bad request, Bad Request: chat not found"}
{"level":"error","ts":"2026-08-21T00:54:36.529+0430","caller":"scheduler/register.go:31","msg":"job execution failed","job":"price-refresh","error":"external service failed","duration":13.190812354,"stacktrace":"telegram-service-platform/scheduler.(*Scheduler).Register.func1\n\t/home/prince/bots/telegram-service-platform/scheduler/register.go:31\nreflect.Value.call\n\t/snap/go/11227/src/reflect/value.go:586\nreflect.Value.Call\n\t/snap/go/11227/src/reflect/value.go:369\ngithub.com/go-co-op/gocron/v2.callJobFuncWithParams\n\t/home/prince/go/pkg/mod/github.com/go-co-op/gocron/v2@v2.22.0/util.go:28\ngithub.com/go-co-op/gocron/v2.(*executor).runJob\n\t/home/prince/go/pkg/mod/github.com/go-co-op/gocron/v2@v2.22.0/executor.go:526\ngithub.com/go-co-op/gocron/v2.(*executor).start.func1.1\n\t/home/prince/go/pkg/mod/github.com/go-co-op/gocron/v2@v2.22.0/executor.go:268"}
{"level":"info","ts":"2026-08-21T00:55:14.536+0430","caller":"httpserver/server.go:56","msg":"http server shutting down"}
{"level":"error","ts":"2026-08-21T00:55:24.875+0430","caller":"app/lifecycle.go:48","msg":"scheduler server shutdown error","error":"gocron: timed out waiting for jobs to finish","stacktrace":"telegram-service-platform/app.(*App).Shutdown\n\t/home/prince/bots/telegram-service-platform/app/lifecycle.go:48\nmain.main\n\t/home/prince/bots/telegram-service-platform/cmd/bot/main.go:51\nruntime.main\n\t/snap/go/11227/src/runtime/proc.go:290"}
{"level":"info","ts":"2026-08-21T00:55:29.368+0430","caller":"scheduler/register.go:15","msg":"scheduler register start"}
{"level":"info","ts":"2026-08-21T00:55:29.369+0430","caller":"scheduler/register.go:48","msg":"job registered","job":"payment-verify","interval":60}
{"level":"info","ts":"2026-08-21T00:55:29.369+0430","caller":"scheduler/register.go:48","msg":"job registered","job":"order-fulfiller","interval":300}
{"level":"info","ts":"2026-08-21T00:55:29.369+0430","caller":"scheduler/register.go:48","msg":"job registered","job":"status-sync","interval":300}
{"level":"info","ts":"2026-08-21T00:55:29.369+0430","caller":"scheduler/register.go:48","msg":"job registered","job":"payment-expiry","interval":300}
{"level":"info","ts":"2026-08-21T00:55:29.369+0430","caller":"scheduler/register.go:48","msg":"job registered","job":"notification-dispatch","interval":300}
{"level":"info","ts":"2026-08-21T00:55:29.369+0430","caller":"scheduler/register.go:48","msg":"job registered","job":"smm-validation","interval":60}
{"level":"info","ts":"2026-08-21T00:55:29.369+0430","caller":"httpserver/server.go:44","msg":"http server starting","port":8183}
{"level":"info","ts":"2026-08-21T00:55:29.369+0430","caller":"paymentexpiryjob/run.go:27","msg":"worker started","job":"payment-expiry"}
{"level":"info","ts":"2026-08-21T00:55:29.370+0430","caller":"smmvalidationjob/run.go:24","msg":"SMM validation job started","job":"smm-validation"}
{"level":"info","ts":"2026-08-21T00:55:29.370+0430","caller":"notificationdispatchjob/run.go:27","msg":"worker started","job":"notification-dispatch"}
{"level":"info","ts":"2026-08-21T00:55:29.370+0430","caller":"statussyncJob/run.go:25","msg":"worker started","job":"status-sync"}
{"level":"info","ts":"2026-08-21T00:55:29.370+0430","caller":"orderfulfillerjob/run.go:27","msg":"worker started","job":"order-fulfiller"}
{"level":"info","ts":"2026-08-21T00:55:29.375+0430","caller":"paymentexpiryjob/run.go:39","msg":"expired payments fetched","job":"payment-expiry","count":0}
{"level":"info","ts":"2026-08-21T00:55:29.375+0430","caller":"paymentexpiryjob/run.go:76","msg":"worker completed","job":"payment-expiry","duration":0.006071782}
{"level":"info","ts":"2026-08-21T00:55:29.380+0430","caller":"paymentverifyjob/run.go:37","msg":"worker pending payments fetched","job":"payment-verify","count":0}
{"level":"info","ts":"2026-08-21T00:55:29.380+0430","caller":"paymentverifyjob/run.go:119","msg":"worker completed","job":"payment-verify","duration":0.00972402}
{"level":"info","ts":"2026-08-21T00:55:29.380+0430","caller":"statussyncJob/run.go:39","msg":"processing orders fetched","job":"status-sync","count":0}
{"level":"info","ts":"2026-08-21T00:55:29.381+0430","caller":"statussyncJob/run.go:101","msg":"worker completed","job":"status-sync","duration":0.010544466}
{"level":"warn","ts":"2026-08-21T00:55:30.928+0430","caller":"smmvalidationjob/run.go:58","msg":"SMM validation found missing services, admin notified","missing_count":8,"job":"smm-validation"}
{"level":"warn","ts":"2026-08-21T00:55:31.378+0430","caller":"notificationdispatchjob/run.go:73","msg":"send notification failed","notification_id":8,"error":"bad request, Bad Request: chat not found"}
{"level":"info","ts":"2026-08-21T00:56:29.371+0430","caller":"smmvalidationjob/run.go:24","msg":"SMM validation job started","job":"smm-validation"}
{"level":"info","ts":"2026-08-21T00:56:29.376+0430","caller":"paymentverifyjob/run.go:37","msg":"worker pending payments fetched","job":"payment-verify","count":0}
{"level":"info","ts":"2026-08-21T00:56:29.376+0430","caller":"paymentverifyjob/run.go:119","msg":"worker completed","job":"payment-verify","duration":0.004187975}
{"level":"warn","ts":"2026-08-21T00:56:29.949+0430","caller":"smmvalidationjob/run.go:58","msg":"SMM validation found missing services, admin notified","missing_count":8,"job":"smm-validation"}
{"level":"info","ts":"2026-08-21T00:56:30.400+0430","caller":"httpserver/server.go:56","msg":"http server shutting down"}
{"level":"error","ts":"2026-08-21T00:56:30.796+0430","caller":"app/lifecycle.go:42","msg":"telegram server shutdown error","error":"too many requests, Too Many Requests: retry after 538: retry_after 538","stacktrace":"telegram-service-platform/app.(*App).Shutdown\n\t/home/prince/bots/telegram-service-platform/app/lifecycle.go:42\nmain.main\n\t/home/prince/bots/telegram-service-platform/cmd/bot/main.go:51\nruntime.main\n\t/snap/go/11227/src/runtime/proc.go:290"}
{"level":"info","ts":"2026-08-21T01:00:42.888+0430","caller":"scheduler/register.go:15","msg":"scheduler register start"}
{"level":"info","ts":"2026-08-21T01:00:42.889+0430","caller":"scheduler/register.go:48","msg":"job registered","job":"payment-verify","interval":60}
{"level":"info","ts":"2026-08-21T01:00:42.889+0430","caller":"scheduler/register.go:48","msg":"job registered","job":"order-fulfiller","interval":300}
{"level":"info","ts":"2026-08-21T01:00:42.889+0430","caller":"scheduler/register.go:48","msg":"job registered","job":"status-sync","interval":300}
{"level":"info","ts":"2026-08-21T01:00:42.889+0430","caller":"scheduler/register.go:48","msg":"job registered","job":"payment-expiry","interval":300}
{"level":"info","ts":"2026-08-21T01:00:42.889+0430","caller":"scheduler/register.go:48","msg":"job registered","job":"notification-dispatch","interval":300}
{"level":"info","ts":"2026-08-21T01:00:42.889+0430","caller":"scheduler/register.go:48","msg":"job registered","job":"smm-validation","interval":60}
{"level":"info","ts":"2026-08-21T01:00:42.889+0430","caller":"httpserver/server.go:44","msg":"http server starting","port":8183}
{"level":"info","ts":"2026-08-21T01:00:42.890+0430","caller":"orderfulfillerjob/run.go:27","msg":"worker started","job":"order-fulfiller"}
{"level":"info","ts":"2026-08-21T01:00:42.890+0430","caller":"statussyncJob/run.go:25","msg":"worker started","job":"status-sync"}
{"level":"info","ts":"2026-08-21T01:00:42.890+0430","caller":"paymentexpiryjob/run.go:27","msg":"worker started","job":"payment-expiry"}
{"level":"info","ts":"2026-08-21T01:00:42.890+0430","caller":"smmvalidationjob/run.go:24","msg":"SMM validation job started","job":"smm-validation"}
{"level":"info","ts":"2026-08-21T01:00:42.890+0430","caller":"notificationdispatchjob/run.go:27","msg":"worker started","job":"notification-dispatch"}
{"level":"info","ts":"2026-08-21T01:00:42.894+0430","caller":"statussyncJob/run.go:39","msg":"processing orders fetched","job":"status-sync","count":0}
{"level":"info","ts":"2026-08-21T01:00:42.895+0430","caller":"statussyncJob/run.go:101","msg":"worker completed","job":"status-sync","duration":0.005377979}
{"level":"info","ts":"2026-08-21T01:00:42.898+0430","caller":"paymentexpiryjob/run.go:39","msg":"expired payments fetched","job":"payment-expiry","count":0}
{"level":"info","ts":"2026-08-21T01:00:42.898+0430","caller":"paymentexpiryjob/run.go:76","msg":"worker completed","job":"payment-expiry","duration":0.00854505}
{"level":"info","ts":"2026-08-21T01:00:42.901+0430","caller":"paymentverifyjob/run.go:37","msg":"worker pending payments fetched","job":"payment-verify","count":0}
{"level":"info","ts":"2026-08-21T01:00:42.901+0430","caller":"paymentverifyjob/run.go:119","msg":"worker completed","job":"payment-verify","duration":0.010565299}
{"level":"warn","ts":"2026-08-21T01:00:44.503+0430","caller":"smmvalidationjob/run.go:58","msg":"SMM validation found missing services, admin notified","missing_count":8,"job":"smm-validation"}
{"level":"warn","ts":"2026-08-21T01:00:44.870+0430","caller":"notificationdispatchjob/run.go:73","msg":"send notification failed","notification_id":10,"error":"bad request, Bad Request: chat not found"}
{"level":"info","ts":"2026-08-21T01:01:28.879+0430","caller":"httpserver/server.go:56","msg":"http server shutting down"}
{"level":"error","ts":"2026-08-21T01:01:29.213+0430","caller":"app/lifecycle.go:42","msg":"telegram server shutdown error","error":"too many requests, Too Many Requests: retry after 240: retry_after 240","stacktrace":"telegram-service-platform/app.(*App).Shutdown\n\t/home/prince/bots/telegram-service-platform/app/lifecycle.go:42\nmain.main\n\t/home/prince/bots/telegram-service-platform/cmd/bot/main.go:51\nruntime.main\n\t/snap/go/11227/src/runtime/proc.go:290"}
{"level":"info","ts":"2026-08-21T01:05:01.994+0430","caller":"scheduler/register.go:15","msg":"scheduler register start"}
{"level":"info","ts":"2026-08-21T01:05:01.994+0430","caller":"scheduler/register.go:48","msg":"job registered","job":"payment-verify","interval":60}
{"level":"info","ts":"2026-08-21T01:05:01.994+0430","caller":"scheduler/register.go:48","msg":"job registered","job":"order-fulfiller","interval":300}
{"level":"info","ts":"2026-08-21T01:05:01.994+0430","caller":"scheduler/register.go:48","msg":"job registered","job":"status-sync","interval":300}
{"level":"info","ts":"2026-08-21T01:05:01.994+0430","caller":"scheduler/register.go:48","msg":"job registered","job":"payment-expiry","interval":300}
{"level":"info","ts":"2026-08-21T01:05:01.994+0430","caller":"scheduler/register.go:48","msg":"job registered","job":"notification-dispatch","interval":300}
{"level":"info","ts":"2026-08-21T01:05:01.994+0430","caller":"scheduler/register.go:48","msg":"job registered","job":"smm-validation","interval":60}
{"level":"info","ts":"2026-08-21T01:05:01.994+0430","caller":"httpserver/server.go:44","msg":"http server starting","port":8183}
{"level":"info","ts":"2026-08-21T01:05:01.995+0430","caller":"orderfulfillerjob/run.go:27","msg":"worker started","job":"order-fulfiller"}
{"level":"info","ts":"2026-08-21T01:05:01.995+0430","caller":"statussyncJob/run.go:25","msg":"worker started","job":"status-sync"}
{"level":"info","ts":"2026-08-21T01:05:01.995+0430","caller":"smmvalidationjob/run.go:24","msg":"SMM validation job started","job":"smm-validation"}
{"level":"info","ts":"2026-08-21T01:05:01.995+0430","caller":"paymentexpiryjob/run.go:27","msg":"worker started","job":"payment-expiry"}
{"level":"info","ts":"2026-08-21T01:05:01.996+0430","caller":"notificationdispatchjob/run.go:27","msg":"worker started","job":"notification-dispatch"}
{"level":"info","ts":"2026-08-21T01:05:01.998+0430","caller":"paymentverifyjob/run.go:37","msg":"worker pending payments fetched","job":"payment-verify","count":0}
{"level":"info","ts":"2026-08-21T01:05:01.998+0430","caller":"paymentverifyjob/run.go:119","msg":"worker completed","job":"payment-verify","duration":0.003065684}
{"level":"info","ts":"2026-08-21T01:05:02.002+0430","caller":"statussyncJob/run.go:39","msg":"processing orders fetched","job":"status-sync","count":0}
{"level":"info","ts":"2026-08-21T01:05:02.002+0430","caller":"statussyncJob/run.go:101","msg":"worker completed","job":"status-sync","duration":0.007300223}
{"level":"info","ts":"2026-08-21T01:05:02.002+0430","caller":"paymentexpiryjob/run.go:39","msg":"expired payments fetched","job":"payment-expiry","count":0}
{"level":"info","ts":"2026-08-21T01:05:02.002+0430","caller":"paymentexpiryjob/run.go:76","msg":"worker completed","job":"payment-expiry","duration":0.007074134}
{"level":"warn","ts":"2026-08-21T01:05:03.584+0430","caller":"smmvalidationjob/run.go:58","msg":"SMM validation found missing services, admin notified","missing_count":8,"job":"smm-validation"}
{"level":"warn","ts":"2026-08-21T01:05:03.776+0430","caller":"notificationdispatchjob/run.go:73","msg":"send notification failed","notification_id":11,"error":"bad request, Bad Request: chat not found"}
{"level":"info","ts":"2026-08-21T01:06:01.996+0430","caller":"smmvalidationjob/run.go:24","msg":"SMM validation job started","job":"smm-validation"}
{"level":"info","ts":"2026-08-21T01:06:01.999+0430","caller":"paymentverifyjob/run.go:37","msg":"worker pending payments fetched","job":"payment-verify","count":0}
{"level":"info","ts":"2026-08-21T01:06:02.000+0430","caller":"paymentverifyjob/run.go:119","msg":"worker completed","job":"payment-verify","duration":0.003401253}
{"level":"warn","ts":"2026-08-21T01:06:02.516+0430","caller":"smmvalidationjob/run.go:58","msg":"SMM validation found missing services, admin notified","missing_count":8,"job":"smm-validation"}
{"level":"info","ts":"2026-08-21T01:06:33.699+0430","caller":"httpserver/server.go:56","msg":"http server shutting down"}
{"level":"error","ts":"2026-08-21T01:06:44.001+0430","caller":"app/lifecycle.go:48","msg":"scheduler server shutdown error","error":"gocron: timed out waiting for jobs to finish","stacktrace":"telegram-service-platform/app.(*App).Shutdown\n\t/home/prince/bots/telegram-service-platform/app/lifecycle.go:48\nmain.main\n\t/home/prince/bots/telegram-service-platform/cmd/bot/main.go:51\nruntime.main\n\t/snap/go/11227/src/runtime/proc.go:290"}
{"level":"info","ts":"2026-08-21T01:06:57.717+0430","caller":"scheduler/register.go:15","msg":"scheduler register start"}
{"level":"info","ts":"2026-08-21T01:06:57.717+0430","caller":"scheduler/register.go:48","msg":"job registered","job":"payment-verify","interval":60}
{"level":"info","ts":"2026-08-21T01:06:57.717+0430","caller":"scheduler/register.go:48","msg":"job registered","job":"order-fulfiller","interval":300}
{"level":"info","ts":"2026-08-21T01:06:57.717+0430","caller":"scheduler/register.go:48","msg":"job registered","job":"status-sync","interval":300}
{"level":"info","ts":"2026-08-21T01:06:57.718+0430","caller":"scheduler/register.go:48","msg":"job registered","job":"payment-expiry","interval":300}
{"level":"info","ts":"2026-08-21T01:06:57.718+0430","caller":"scheduler/register.go:48","msg":"job registered","job":"notification-dispatch","interval":300}
{"level":"info","ts":"2026-08-21T01:06:57.718+0430","caller":"scheduler/register.go:48","msg":"job registered","job":"smm-validation","interval":60}
{"level":"info","ts":"2026-08-21T01:06:57.718+0430","caller":"httpserver/server.go:44","msg":"http server starting","port":8183}
{"level":"info","ts":"2026-08-21T01:06:57.718+0430","caller":"orderfulfillerjob/run.go:27","msg":"worker started","job":"order-fulfiller"}
{"level":"info","ts":"2026-08-21T01:06:57.718+0430","caller":"statussyncJob/run.go:25","msg":"worker started","job":"status-sync"}
{"level":"info","ts":"2026-08-21T01:06:57.719+0430","caller":"smmvalidationjob/run.go:24","msg":"SMM validation job started","job":"smm-validation"}
{"level":"info","ts":"2026-08-21T01:06:57.719+0430","caller":"paymentexpiryjob/run.go:27","msg":"worker started","job":"payment-expiry"}
{"level":"info","ts":"2026-08-21T01:06:57.719+0430","caller":"notificationdispatchjob/run.go:27","msg":"worker started","job":"notification-dispatch"}
{"level":"info","ts":"2026-08-21T01:06:57.724+0430","caller":"paymentverifyjob/run.go:37","msg":"worker pending payments fetched","job":"payment-verify","count":0}
{"level":"info","ts":"2026-08-21T01:06:57.724+0430","caller":"paymentverifyjob/run.go:119","msg":"worker completed","job":"payment-verify","duration":0.005348693}
{"level":"info","ts":"2026-08-21T01:06:57.729+0430","caller":"paymentexpiryjob/run.go:39","msg":"expired payments fetched","job":"payment-expiry","count":0}
{"level":"info","ts":"2026-08-21T01:06:57.729+0430","caller":"paymentexpiryjob/run.go:76","msg":"worker completed","job":"payment-expiry","duration":0.009906689}
{"level":"info","ts":"2026-08-21T01:06:57.729+0430","caller":"statussyncJob/run.go:39","msg":"processing orders fetched","job":"status-sync","count":0}
{"level":"info","ts":"2026-08-21T01:06:57.729+0430","caller":"statussyncJob/run.go:101","msg":"worker completed","job":"status-sync","duration":0.010589235}
{"level":"warn","ts":"2026-08-21T01:06:57.916+0430","caller":"notificationdispatchjob/run.go:73","msg":"send notification failed","notification_id":12,"error":"bad request, Bad Request: chat not found"}
{"level":"warn","ts":"2026-08-21T01:06:59.306+0430","caller":"smmvalidationjob/run.go:58","msg":"SMM validation found missing services, admin notified","missing_count":8,"job":"smm-validation"}
{"level":"info","ts":"2026-08-21T01:07:30.376+0430","caller":"httpserver/server.go:56","msg":"http server shutting down"}
{"level":"error","ts":"2026-08-21T01:07:30.707+0430","caller":"app/lifecycle.go:42","msg":"telegram server shutdown error","error":"too many requests, Too Many Requests: retry after 566: retry_after 566","stacktrace":"telegram-service-platform/app.(*App).Shutdown\n\t/home/prince/bots/telegram-service-platform/app/lifecycle.go:42\nmain.main\n\t/home/prince/bots/telegram-service-platform/cmd/bot/main.go:51\nruntime.main\n\t/snap/go/11227/src/runtime/proc.go:290"}
{"level":"info","ts":"2026-08-21T01:08:08.613+0430","caller":"scheduler/register.go:15","msg":"scheduler register start"}
{"level":"info","ts":"2026-08-21T01:08:08.613+0430","caller":"scheduler/register.go:48","msg":"job registered","job":"payment-verify","interval":60}
{"level":"info","ts":"2026-08-21T01:08:08.613+0430","caller":"scheduler/register.go:48","msg":"job registered","job":"order-fulfiller","interval":300}
{"level":"info","ts":"2026-08-21T01:08:08.613+0430","caller":"scheduler/register.go:48","msg":"job registered","job":"status-sync","interval":300}
{"level":"info","ts":"2026-08-21T01:08:08.613+0430","caller":"scheduler/register.go:48","msg":"job registered","job":"payment-expiry","interval":300}
{"level":"info","ts":"2026-08-21T01:08:08.613+0430","caller":"scheduler/register.go:48","msg":"job registered","job":"notification-dispatch","interval":300}
{"level":"info","ts":"2026-08-21T01:08:08.613+0430","caller":"scheduler/register.go:48","msg":"job registered","job":"smm-validation","interval":60}
{"level":"info","ts":"2026-08-21T01:08:08.614+0430","caller":"httpserver/server.go:44","msg":"http server starting","port":8183}
{"level":"info","ts":"2026-08-21T01:08:08.614+0430","caller":"paymentexpiryjob/run.go:27","msg":"worker started","job":"payment-expiry"}
{"level":"info","ts":"2026-08-21T01:08:08.614+0430","caller":"statussyncJob/run.go:25","msg":"worker started","job":"status-sync"}
{"level":"info","ts":"2026-08-21T01:08:08.614+0430","caller":"orderfulfillerjob/run.go:27","msg":"worker started","job":"order-fulfiller"}
{"level":"info","ts":"2026-08-21T01:08:08.615+0430","caller":"notificationdispatchjob/run.go:27","msg":"worker started","job":"notification-dispatch"}
{"level":"info","ts":"2026-08-21T01:08:08.615+0430","caller":"smmvalidationjob/run.go:24","msg":"SMM validation job started","job":"smm-validation"}
{"level":"info","ts":"2026-08-21T01:08:08.618+0430","caller":"paymentexpiryjob/run.go:39","msg":"expired payments fetched","job":"payment-expiry","count":0}
{"level":"info","ts":"2026-08-21T01:08:08.619+0430","caller":"paymentexpiryjob/run.go:76","msg":"worker completed","job":"payment-expiry","duration":0.00489702}
{"level":"info","ts":"2026-08-21T01:08:08.622+0430","caller":"statussyncJob/run.go:39","msg":"processing orders fetched","job":"status-sync","count":0}
{"level":"info","ts":"2026-08-21T01:08:08.622+0430","caller":"paymentverifyjob/run.go:37","msg":"worker pending payments fetched","job":"payment-verify","count":0}
{"level":"info","ts":"2026-08-21T01:08:08.622+0430","caller":"statussyncJob/run.go:101","msg":"worker completed","job":"status-sync","duration":0.007942742}
{"level":"info","ts":"2026-08-21T01:08:08.622+0430","caller":"paymentverifyjob/run.go:119","msg":"worker completed","job":"payment-verify","duration":0.008012053}
{"level":"warn","ts":"2026-08-21T01:08:08.919+0430","caller":"notificationdispatchjob/run.go:73","msg":"send notification failed","notification_id":13,"error":"bad request, Bad Request: chat not found"}
{"level":"warn","ts":"2026-08-21T01:08:10.225+0430","caller":"smmvalidationjob/run.go:58","msg":"SMM validation found missing services, admin notified","missing_count":8,"job":"smm-validation"}
{"level":"info","ts":"2026-08-21T01:09:08.484+0430","caller":"httpserver/server.go:56","msg":"http server shutting down"}
{"level":"info","ts":"2026-08-21T01:09:08.614+0430","caller":"smmvalidationjob/run.go:24","msg":"SMM validation job started","job":"smm-validation"}
{"level":"info","ts":"2026-08-21T01:09:08.615+0430","caller":"paymentverifyjob/run.go:37","msg":"worker pending payments fetched","job":"payment-verify","count":0}
{"level":"info","ts":"2026-08-21T01:09:08.615+0430","caller":"paymentverifyjob/run.go:119","msg":"worker completed","job":"payment-verify","duration":0.001236786}
{"level":"error","ts":"2026-08-21T01:09:08.793+0430","caller":"app/lifecycle.go:42","msg":"telegram server shutdown error","error":"too many requests, Too Many Requests: retry after 468: retry_after 468","stacktrace":"telegram-service-platform/app.(*App).Shutdown\n\t/home/prince/bots/telegram-service-platform/app/lifecycle.go:42\nmain.main\n\t/home/prince/bots/telegram-service-platform/cmd/bot/main.go:51\nruntime.main\n\t/snap/go/11227/src/runtime/proc.go:290"}
{"level":"info","ts":"2026-08-21T12:12:25.870+0430","caller":"scheduler/register.go:15","msg":"scheduler register start"}
{"level":"info","ts":"2026-08-21T12:12:25.874+0430","caller":"scheduler/register.go:48","msg":"job registered","job":"payment-verify","interval":60}
{"level":"info","ts":"2026-08-21T12:12:25.874+0430","caller":"scheduler/register.go:48","msg":"job registered","job":"order-fulfiller","interval":300}
{"level":"info","ts":"2026-08-21T12:12:25.874+0430","caller":"scheduler/register.go:48","msg":"job registered","job":"status-sync","interval":300}
{"level":"info","ts":"2026-08-21T12:12:25.874+0430","caller":"scheduler/register.go:48","msg":"job registered","job":"payment-expiry","interval":300}
{"level":"info","ts":"2026-08-21T12:12:25.874+0430","caller":"scheduler/register.go:48","msg":"job registered","job":"notification-dispatch","interval":300}
{"level":"info","ts":"2026-08-21T12:12:25.874+0430","caller":"scheduler/register.go:48","msg":"job registered","job":"smm-validation","interval":43200}
{"level":"info","ts":"2026-08-21T12:12:25.874+0430","caller":"httpserver/server.go:44","msg":"http server starting","port":8183}
{"level":"info","ts":"2026-08-21T12:12:25.875+0430","caller":"paymentexpiryjob/run.go:27","msg":"worker started","job":"payment-expiry"}
{"level":"info","ts":"2026-08-21T12:12:25.876+0430","caller":"smmvalidationjob/run.go:24","msg":"SMM validation job started","job":"smm-validation"}
{"level":"info","ts":"2026-08-21T12:12:25.876+0430","caller":"orderfulfillerjob/run.go:27","msg":"worker started","job":"order-fulfiller"}
{"level":"info","ts":"2026-08-21T12:12:25.877+0430","caller":"notificationdispatchjob/run.go:27","msg":"worker started","job":"notification-dispatch"}
{"level":"info","ts":"2026-08-21T12:12:25.878+0430","caller":"statussyncJob/run.go:25","msg":"worker started","job":"status-sync"}
{"level":"info","ts":"2026-08-21T12:12:25.881+0430","caller":"paymentexpiryjob/run.go:39","msg":"expired payments fetched","job":"payment-expiry","count":0}
{"level":"info","ts":"2026-08-21T12:12:25.881+0430","caller":"paymentexpiryjob/run.go:76","msg":"worker completed","job":"payment-expiry","duration":0.005998773}
{"level":"info","ts":"2026-08-21T12:12:25.888+0430","caller":"statussyncJob/run.go:39","msg":"processing orders fetched","job":"status-sync","count":0}
{"level":"info","ts":"2026-08-21T12:12:25.888+0430","caller":"statussyncJob/run.go:101","msg":"worker completed","job":"status-sync","duration":0.010239663}
{"level":"info","ts":"2026-08-21T12:12:25.888+0430","caller":"paymentverifyjob/run.go:37","msg":"worker pending payments fetched","job":"payment-verify","count":0}
{"level":"info","ts":"2026-08-21T12:12:25.888+0430","caller":"paymentverifyjob/run.go:119","msg":"worker completed","job":"payment-verify","duration":0.010688063}
{"level":"warn","ts":"2026-08-21T12:12:26.200+0430","caller":"notificationdispatchjob/run.go:73","msg":"send notification failed","notification_id":14,"error":"bad request, Bad Request: chat not found"}
{"level":"warn","ts":"2026-08-21T12:12:27.731+0430","caller":"smmvalidationjob/run.go:58","msg":"SMM validation found missing services, admin notified","missing_count":8,"job":"smm-validation"}
{"level":"info","ts":"2026-08-21T12:13:25.876+0430","caller":"paymentverifyjob/run.go:37","msg":"worker pending payments fetched","job":"payment-verify","count":0}
{"level":"info","ts":"2026-08-21T12:13:25.876+0430","caller":"paymentverifyjob/run.go:119","msg":"worker completed","job":"payment-verify","duration":0.001831002}
{"level":"info","ts":"2026-08-21T12:13:34.786+0430","caller":"httpserver/server.go:56","msg":"http server shutting down"}
{"level":"error","ts":"2026-08-21T12:13:35.140+0430","caller":"app/lifecycle.go:42","msg":"telegram server shutdown error","error":"too many requests, Too Many Requests: retry after 530: retry_after 530","stacktrace":"telegram-service-platform/app.(*App).Shutdown\n\t/home/prince/bots/telegram-service-platform/app/lifecycle.go:42\nmain.main\n\t/home/prince/bots/telegram-service-platform/cmd/bot/main.go:51\nruntime.main\n\t/snap/go/11227/src/runtime/proc.go:290"}
{"level":"info","ts":"2026-08-21T12:13:45.315+0430","caller":"scheduler/register.go:15","msg":"scheduler register start"}
{"level":"info","ts":"2026-08-21T12:13:45.316+0430","caller":"scheduler/register.go:48","msg":"job registered","job":"payment-verify","interval":60}
{"level":"info","ts":"2026-08-21T12:13:45.316+0430","caller":"scheduler/register.go:48","msg":"job registered","job":"order-fulfiller","interval":300}
{"level":"info","ts":"2026-08-21T12:13:45.316+0430","caller":"scheduler/register.go:48","msg":"job registered","job":"status-sync","interval":300}
{"level":"info","ts":"2026-08-21T12:13:45.316+0430","caller":"scheduler/register.go:48","msg":"job registered","job":"payment-expiry","interval":300}
{"level":"info","ts":"2026-08-21T12:13:45.316+0430","caller":"scheduler/register.go:48","msg":"job registered","job":"notification-dispatch","interval":300}
{"level":"info","ts":"2026-08-21T12:13:45.316+0430","caller":"scheduler/register.go:48","msg":"job registered","job":"smm-validation","interval":43200}
{"level":"info","ts":"2026-08-21T12:13:45.316+0430","caller":"httpserver/server.go:44","msg":"http server starting","port":8183}
{"level":"info","ts":"2026-08-21T12:13:45.317+0430","caller":"smmvalidationjob/run.go:24","msg":"SMM validation job started","job":"smm-validation"}
{"level":"info","ts":"2026-08-21T12:13:45.317+0430","caller":"statussyncJob/run.go:25","msg":"worker started","job":"status-sync"}
{"level":"info","ts":"2026-08-21T12:13:45.317+0430","caller":"notificationdispatchjob/run.go:27","msg":"worker started","job":"notification-dispatch"}
{"level":"info","ts":"2026-08-21T12:13:45.318+0430","caller":"orderfulfillerjob/run.go:27","msg":"worker started","job":"order-fulfiller"}
{"level":"info","ts":"2026-08-21T12:13:45.318+0430","caller":"paymentexpiryjob/run.go:27","msg":"worker started","job":"payment-expiry"}
{"level":"info","ts":"2026-08-21T12:13:45.319+0430","caller":"paymentverifyjob/run.go:37","msg":"worker pending payments fetched","job":"payment-verify","count":0}
{"level":"info","ts":"2026-08-21T12:13:45.319+0430","caller":"paymentverifyjob/run.go:119","msg":"worker completed","job":"payment-verify","duration":0.002295504}
{"level":"info","ts":"2026-08-21T12:13:45.326+0430","caller":"statussyncJob/run.go:39","msg":"processing orders fetched","job":"status-sync","count":0}
{"level":"info","ts":"2026-08-21T12:13:45.326+0430","caller":"paymentexpiryjob/run.go:39","msg":"expired payments fetched","job":"payment-expiry","count":0}
{"level":"info","ts":"2026-08-21T12:13:45.326+0430","caller":"statussyncJob/run.go:101","msg":"worker completed","job":"status-sync","duration":0.009683602}
{"level":"info","ts":"2026-08-21T12:13:45.326+0430","caller":"paymentexpiryjob/run.go:76","msg":"worker completed","job":"payment-expiry","duration":0.008889611}
{"level":"warn","ts":"2026-08-21T12:13:45.518+0430","caller":"notificationdispatchjob/run.go:73","msg":"send notification failed","notification_id":1,"error":"bad request, Bad Request: chat not found"}
{"level":"warn","ts":"2026-08-21T12:13:46.992+0430","caller":"smmvalidationjob/run.go:58","msg":"SMM validation found missing services, admin notified","missing_count":8,"job":"smm-validation"}
{"level":"info","ts":"2026-08-21T12:13:51.253+0430","caller":"httpserver/server.go:56","msg":"http server shutting down"}
{"level":"error","ts":"2026-08-21T12:13:51.621+0430","caller":"app/lifecycle.go:42","msg":"telegram server shutdown error","error":"too many requests, Too Many Requests: retry after 514: retry_after 514","stacktrace":"telegram-service-platform/app.(*App).Shutdown\n\t/home/prince/bots/telegram-service-platform/app/lifecycle.go:42\nmain.main\n\t/home/prince/bots/telegram-service-platform/cmd/bot/main.go:51\nruntime.main\n\t/snap/go/11227/src/runtime/proc.go:290"}
{"level":"info","ts":"2026-08-21T12:28:18.075+0430","caller":"scheduler/register.go:15","msg":"scheduler register start"}
{"level":"info","ts":"2026-08-21T12:28:18.075+0430","caller":"scheduler/register.go:48","msg":"job registered","job":"payment-verify","interval":60}
{"level":"info","ts":"2026-08-21T12:28:18.075+0430","caller":"scheduler/register.go:48","msg":"job registered","job":"order-fulfiller","interval":300}
{"level":"info","ts":"2026-08-21T12:28:18.075+0430","caller":"scheduler/register.go:48","msg":"job registered","job":"status-sync","interval":300}
{"level":"info","ts":"2026-08-21T12:28:18.075+0430","caller":"scheduler/register.go:48","msg":"job registered","job":"payment-expiry","interval":300}
{"level":"info","ts":"2026-08-21T12:28:18.075+0430","caller":"scheduler/register.go:48","msg":"job registered","job":"notification-dispatch","interval":300}
{"level":"info","ts":"2026-08-21T12:28:18.075+0430","caller":"scheduler/register.go:48","msg":"job registered","job":"smm-validation","interval":43200}
{"level":"info","ts":"2026-08-21T12:28:18.075+0430","caller":"httpserver/server.go:44","msg":"http server starting","port":8183}
{"level":"info","ts":"2026-08-21T12:28:18.076+0430","caller":"paymentexpiryjob/run.go:27","msg":"worker started","job":"payment-expiry"}
{"level":"info","ts":"2026-08-21T12:28:18.076+0430","caller":"statussyncJob/run.go:25","msg":"worker started","job":"status-sync"}
{"level":"info","ts":"2026-08-21T12:28:18.076+0430","caller":"notificationdispatchjob/run.go:27","msg":"worker started","job":"notification-dispatch"}
{"level":"info","ts":"2026-08-21T12:28:18.076+0430","caller":"orderfulfillerjob/run.go:27","msg":"worker started","job":"order-fulfiller"}
{"level":"info","ts":"2026-08-21T12:28:18.076+0430","caller":"smmvalidationjob/run.go:24","msg":"SMM validation job started","job":"smm-validation"}
{"level":"info","ts":"2026-08-21T12:28:18.081+0430","caller":"paymentverifyjob/run.go:37","msg":"worker pending payments fetched","job":"payment-verify","count":0}
{"level":"info","ts":"2026-08-21T12:28:18.081+0430","caller":"paymentverifyjob/run.go:119","msg":"worker completed","job":"payment-verify","duration":0.005083294}
{"level":"info","ts":"2026-08-21T12:28:18.085+0430","caller":"paymentexpiryjob/run.go:39","msg":"expired payments fetched","job":"payment-expiry","count":0}
{"level":"info","ts":"2026-08-21T12:28:18.085+0430","caller":"statussyncJob/run.go:39","msg":"processing orders fetched","job":"status-sync","count":0}
{"level":"info","ts":"2026-08-21T12:28:18.086+0430","caller":"paymentexpiryjob/run.go:76","msg":"worker completed","job":"payment-expiry","duration":0.010029424}
{"level":"info","ts":"2026-08-21T12:28:18.086+0430","caller":"statussyncJob/run.go:101","msg":"worker completed","job":"status-sync","duration":0.009783787}
{"level":"warn","ts":"2026-08-21T12:28:18.409+0430","caller":"notificationdispatchjob/run.go:73","msg":"send notification failed","notification_id":2,"error":"bad request, Bad Request: chat not found"}
{"level":"warn","ts":"2026-08-21T12:28:19.656+0430","caller":"smmvalidationjob/run.go:58","msg":"SMM validation found missing services, admin notified","missing_count":8,"job":"smm-validation"}
{"level":"info","ts":"2026-08-21T12:29:18.077+0430","caller":"paymentverifyjob/run.go:37","msg":"worker pending payments fetched","job":"payment-verify","count":0}
{"level":"info","ts":"2026-08-21T12:29:18.077+0430","caller":"paymentverifyjob/run.go:119","msg":"worker completed","job":"payment-verify","duration":0.001395996}
{"level":"info","ts":"2026-08-21T12:30:02.858+0430","caller":"httpserver/server.go:56","msg":"http server shutting down"}
{"level":"error","ts":"2026-08-21T12:30:13.250+0430","caller":"app/lifecycle.go:48","msg":"scheduler server shutdown error","error":"gocron: timed out waiting for jobs to finish","stacktrace":"telegram-service-platform/app.(*App).Shutdown\n\t/home/prince/bots/telegram-service-platform/app/lifecycle.go:48\nmain.main\n\t/home/prince/bots/telegram-service-platform/cmd/bot/main.go:51\nruntime.main\n\t/snap/go/11227/src/runtime/proc.go:290"}
{"level":"info","ts":"2026-08-21T13:15:28.261+0430","caller":"scheduler/register.go:15","msg":"scheduler register start"}
{"level":"info","ts":"2026-08-21T13:15:28.262+0430","caller":"scheduler/register.go:48","msg":"job registered","job":"payment-verify","interval":60}
{"level":"info","ts":"2026-08-21T13:15:28.262+0430","caller":"scheduler/register.go:48","msg":"job registered","job":"order-fulfiller","interval":300}
{"level":"info","ts":"2026-08-21T13:15:28.262+0430","caller":"scheduler/register.go:48","msg":"job registered","job":"status-sync","interval":300}
{"level":"info","ts":"2026-08-21T13:15:28.262+0430","caller":"scheduler/register.go:48","msg":"job registered","job":"payment-expiry","interval":300}
{"level":"info","ts":"2026-08-21T13:15:28.262+0430","caller":"scheduler/register.go:48","msg":"job registered","job":"notification-dispatch","interval":300}
{"level":"info","ts":"2026-08-21T13:15:28.262+0430","caller":"scheduler/register.go:48","msg":"job registered","job":"smm-validation","interval":43200}
{"level":"info","ts":"2026-08-21T13:15:28.262+0430","caller":"httpserver/server.go:44","msg":"http server starting","port":8183}
{"level":"info","ts":"2026-08-21T13:15:28.263+0430","caller":"orderfulfillerjob/run.go:27","msg":"worker started","job":"order-fulfiller"}
{"level":"info","ts":"2026-08-21T13:15:28.264+0430","caller":"smmvalidationjob/run.go:24","msg":"SMM validation job started","job":"smm-validation"}
{"level":"info","ts":"2026-08-21T13:15:28.265+0430","caller":"statussyncJob/run.go:25","msg":"worker started","job":"status-sync"}
{"level":"info","ts":"2026-08-21T13:15:28.265+0430","caller":"notificationdispatchjob/run.go:27","msg":"worker started","job":"notification-dispatch"}
{"level":"info","ts":"2026-08-21T13:15:28.265+0430","caller":"paymentexpiryjob/run.go:27","msg":"worker started","job":"payment-expiry"}
{"level":"info","ts":"2026-08-21T13:15:28.281+0430","caller":"paymentverifyjob/run.go:37","msg":"worker pending payments fetched","job":"payment-verify","count":0}
{"level":"info","ts":"2026-08-21T13:15:28.281+0430","caller":"paymentexpiryjob/run.go:39","msg":"expired payments fetched","job":"payment-expiry","count":0}
{"level":"info","ts":"2026-08-21T13:15:28.281+0430","caller":"statussyncJob/run.go:39","msg":"processing orders fetched","job":"status-sync","count":0}
{"level":"info","ts":"2026-08-21T13:15:28.281+0430","caller":"paymentverifyjob/run.go:119","msg":"worker completed","job":"payment-verify","duration":0.016138105}
{"level":"info","ts":"2026-08-21T13:15:28.281+0430","caller":"paymentexpiryjob/run.go:76","msg":"worker completed","job":"payment-expiry","duration":0.016133438}
{"level":"info","ts":"2026-08-21T13:15:28.281+0430","caller":"statussyncJob/run.go:101","msg":"worker completed","job":"status-sync","duration":0.016709488}
{"level":"warn","ts":"2026-08-21T13:15:28.449+0430","caller":"notificationdispatchjob/run.go:73","msg":"send notification failed","notification_id":3,"error":"bad request, Bad Request: chat not found"}
{"level":"warn","ts":"2026-08-21T13:15:29.885+0430","caller":"smmvalidationjob/run.go:58","msg":"SMM validation found missing services, admin notified","missing_count":8,"job":"smm-validation"}
{"level":"info","ts":"2026-08-21T13:16:28.265+0430","caller":"paymentverifyjob/run.go:37","msg":"worker pending payments fetched","job":"payment-verify","count":0}
{"level":"info","ts":"2026-08-21T13:16:28.265+0430","caller":"paymentverifyjob/run.go:119","msg":"worker completed","job":"payment-verify","duration":0.001347042}
{"level":"info","ts":"2026-08-21T13:17:28.268+0430","caller":"paymentverifyjob/run.go:37","msg":"worker pending payments fetched","job":"payment-verify","count":0}
{"level":"info","ts":"2026-08-21T13:17:28.268+0430","caller":"paymentverifyjob/run.go:119","msg":"worker completed","job":"payment-verify","duration":0.003773059}
{"level":"info","ts":"2026-08-21T13:18:28.265+0430","caller":"paymentverifyjob/run.go:37","msg":"worker pending payments fetched","job":"payment-verify","count":0}
{"level":"info","ts":"2026-08-21T13:18:28.265+0430","caller":"paymentverifyjob/run.go:119","msg":"worker completed","job":"payment-verify","duration":0.001074345}
{"level":"info","ts":"2026-08-21T13:19:28.266+0430","caller":"paymentverifyjob/run.go:37","msg":"worker pending payments fetched","job":"payment-verify","count":0}
{"level":"info","ts":"2026-08-21T13:19:28.266+0430","caller":"paymentverifyjob/run.go:119","msg":"worker completed","job":"payment-verify","duration":0.002780904}
{"level":"info","ts":"2026-08-21T13:19:40.965+0430","caller":"httpserver/server.go:56","msg":"http server shutting down"}
{"level":"error","ts":"2026-08-21T13:19:41.258+0430","caller":"app/lifecycle.go:42","msg":"telegram server shutdown error","error":"too many requests, Too Many Requests: retry after 346: retry_after 346","stacktrace":"telegram-service-platform/app.(*App).Shutdown\n\t/home/prince/bots/telegram-service-platform/app/lifecycle.go:42\nmain.main\n\t/home/prince/bots/telegram-service-platform/cmd/bot/main.go:51\nruntime.main\n\t/snap/go/11227/src/runtime/proc.go:290"}
{"level":"info","ts":"2026-08-21T13:19:45.152+0430","caller":"scheduler/register.go:15","msg":"scheduler register start"}
{"level":"info","ts":"2026-08-21T13:19:45.153+0430","caller":"scheduler/register.go:48","msg":"job registered","job":"payment-verify","interval":60}
{"level":"info","ts":"2026-08-21T13:19:45.154+0430","caller":"scheduler/register.go:48","msg":"job registered","job":"order-fulfiller","interval":300}
{"level":"info","ts":"2026-08-21T13:19:45.154+0430","caller":"scheduler/register.go:48","msg":"job registered","job":"status-sync","interval":300}
{"level":"info","ts":"2026-08-21T13:19:45.154+0430","caller":"scheduler/register.go:48","msg":"job registered","job":"payment-expiry","interval":300}
{"level":"info","ts":"2026-08-21T13:19:45.154+0430","caller":"scheduler/register.go:48","msg":"job registered","job":"notification-dispatch","interval":300}
{"level":"info","ts":"2026-08-21T13:19:45.154+0430","caller":"scheduler/register.go:48","msg":"job registered","job":"smm-validation","interval":43200}
{"level":"info","ts":"2026-08-21T13:19:45.154+0430","caller":"httpserver/server.go:44","msg":"http server starting","port":8183}
{"level":"info","ts":"2026-08-21T13:19:45.155+0430","caller":"paymentexpiryjob/run.go:27","msg":"worker started","job":"payment-expiry"}
{"level":"info","ts":"2026-08-21T13:19:45.155+0430","caller":"smmvalidationjob/run.go:24","msg":"SMM validation job started","job":"smm-validation"}
{"level":"info","ts":"2026-08-21T13:19:45.155+0430","caller":"statussyncJob/run.go:25","msg":"worker started","job":"status-sync"}
{"level":"info","ts":"2026-08-21T13:19:45.155+0430","caller":"orderfulfillerjob/run.go:27","msg":"worker started","job":"order-fulfiller"}
{"level":"info","ts":"2026-08-21T13:19:45.155+0430","caller":"notificationdispatchjob/run.go:27","msg":"worker started","job":"notification-dispatch"}
{"level":"info","ts":"2026-08-21T13:19:45.159+0430","caller":"paymentexpiryjob/run.go:39","msg":"expired payments fetched","job":"payment-expiry","count":0}
{"level":"info","ts":"2026-08-21T13:19:45.159+0430","caller":"paymentexpiryjob/run.go:76","msg":"worker completed","job":"payment-expiry","duration":0.004993366}
{"level":"info","ts":"2026-08-21T13:19:45.165+0430","caller":"paymentverifyjob/run.go:37","msg":"worker pending payments fetched","job":"payment-verify","count":0}
{"level":"info","ts":"2026-08-21T13:19:45.165+0430","caller":"paymentverifyjob/run.go:119","msg":"worker completed","job":"payment-verify","duration":0.009333889}
{"level":"info","ts":"2026-08-21T13:19:45.165+0430","caller":"statussyncJob/run.go:39","msg":"processing orders fetched","job":"status-sync","count":0}
{"level":"info","ts":"2026-08-21T13:19:45.165+0430","caller":"statussyncJob/run.go:101","msg":"worker completed","job":"status-sync","duration":0.009932705}
{"level":"warn","ts":"2026-08-21T13:19:45.491+0430","caller":"notificationdispatchjob/run.go:73","msg":"send notification failed","notification_id":4,"error":"bad request, Bad Request: chat not found"}
{"level":"warn","ts":"2026-08-21T13:19:46.756+0430","caller":"smmvalidationjob/run.go:58","msg":"SMM validation found missing services, admin notified","missing_count":8,"job":"smm-validation"}
{"level":"info","ts":"2026-08-21T13:20:31.500+0430","caller":"httpserver/server.go:56","msg":"http server shutting down"}
{"level":"error","ts":"2026-08-21T13:20:31.850+0430","caller":"app/lifecycle.go:42","msg":"telegram server shutdown error","error":"too many requests, Too Many Requests: retry after 296: retry_after 296","stacktrace":"telegram-service-platform/app.(*App).Shutdown\n\t/home/prince/bots/telegram-service-platform/app/lifecycle.go:42\nmain.main\n\t/home/prince/bots/telegram-service-platform/cmd/bot/main.go:51\nruntime.main\n\t/snap/go/11227/src/runtime/proc.go:290"}
{"level":"info","ts":"2026-08-21T13:22:26.764+0430","caller":"scheduler/register.go:15","msg":"scheduler register start"}
{"level":"info","ts":"2026-08-21T13:22:26.764+0430","caller":"scheduler/register.go:48","msg":"job registered","job":"payment-verify","interval":60}
{"level":"info","ts":"2026-08-21T13:22:26.764+0430","caller":"scheduler/register.go:48","msg":"job registered","job":"order-fulfiller","interval":300}
{"level":"info","ts":"2026-08-21T13:22:26.764+0430","caller":"scheduler/register.go:48","msg":"job registered","job":"status-sync","interval":300}
{"level":"info","ts":"2026-08-21T13:22:26.764+0430","caller":"scheduler/register.go:48","msg":"job registered","job":"payment-expiry","interval":300}
{"level":"info","ts":"2026-08-21T13:22:26.764+0430","caller":"scheduler/register.go:48","msg":"job registered","job":"notification-dispatch","interval":300}
{"level":"info","ts":"2026-08-21T13:22:26.764+0430","caller":"scheduler/register.go:48","msg":"job registered","job":"smm-validation","interval":43200}
{"level":"info","ts":"2026-08-21T13:22:26.764+0430","caller":"httpserver/server.go:44","msg":"http server starting","port":8183}
{"level":"info","ts":"2026-08-21T13:22:26.765+0430","caller":"notificationdispatchjob/run.go:27","msg":"worker started","job":"notification-dispatch"}
{"level":"info","ts":"2026-08-21T13:22:26.765+0430","caller":"orderfulfillerjob/run.go:27","msg":"worker started","job":"order-fulfiller"}
{"level":"info","ts":"2026-08-21T13:22:26.765+0430","caller":"paymentexpiryjob/run.go:27","msg":"worker started","job":"payment-expiry"}
{"level":"info","ts":"2026-08-21T13:22:26.765+0430","caller":"smmvalidationjob/run.go:24","msg":"SMM validation job started","job":"smm-validation"}
{"level":"info","ts":"2026-08-21T13:22:26.766+0430","caller":"statussyncJob/run.go:25","msg":"worker started","job":"status-sync"}
{"level":"info","ts":"2026-08-21T13:22:26.768+0430","caller":"paymentverifyjob/run.go:37","msg":"worker pending payments fetched","job":"payment-verify","count":0}
{"level":"info","ts":"2026-08-21T13:22:26.769+0430","caller":"paymentverifyjob/run.go:119","msg":"worker completed","job":"payment-verify","duration":0.003537082}
{"level":"info","ts":"2026-08-21T13:22:26.780+0430","caller":"paymentexpiryjob/run.go:39","msg":"expired payments fetched","job":"payment-expiry","count":0}
{"level":"info","ts":"2026-08-21T13:22:26.780+0430","caller":"paymentexpiryjob/run.go:76","msg":"worker completed","job":"payment-expiry","duration":0.014518147}
{"level":"info","ts":"2026-08-21T13:22:26.780+0430","caller":"statussyncJob/run.go:39","msg":"processing orders fetched","job":"status-sync","count":0}
{"level":"info","ts":"2026-08-21T13:22:26.780+0430","caller":"statussyncJob/run.go:101","msg":"worker completed","job":"status-sync","duration":0.014505761}
{"level":"warn","ts":"2026-08-21T13:22:27.104+0430","caller":"notificationdispatchjob/run.go:73","msg":"send notification failed","notification_id":5,"error":"bad request, Bad Request: chat not found"}
{"level":"warn","ts":"2026-08-21T13:22:28.421+0430","caller":"smmvalidationjob/run.go:58","msg":"SMM validation found missing services, admin notified","missing_count":8,"job":"smm-validation"}
{"level":"info","ts":"2026-08-21T13:23:17.597+0430","caller":"checkoutservice/processManualWalletRecharge.go:22","msg":"checkout manual recharge started","user_id":1,"amount":10000}
{"level":"info","ts":"2026-08-21T13:23:26.767+0430","caller":"paymentverifyjob/run.go:37","msg":"worker pending payments fetched","job":"payment-verify","count":0}
{"level":"info","ts":"2026-08-21T13:23:26.767+0430","caller":"paymentverifyjob/run.go:119","msg":"worker completed","job":"payment-verify","duration":0.001018085}
{"level":"info","ts":"2026-08-21T13:24:26.768+0430","caller":"paymentverifyjob/run.go:37","msg":"worker pending payments fetched","job":"payment-verify","count":0}
{"level":"info","ts":"2026-08-21T13:24:26.768+0430","caller":"paymentverifyjob/run.go:119","msg":"worker completed","job":"payment-verify","duration":0.002612905}
{"level":"info","ts":"2026-08-21T13:25:26.767+0430","caller":"paymentverifyjob/run.go:37","msg":"worker pending payments fetched","job":"payment-verify","count":0}
{"level":"info","ts":"2026-08-21T13:25:26.767+0430","caller":"paymentverifyjob/run.go:119","msg":"worker completed","job":"payment-verify","duration":0.001569819}
{"level":"info","ts":"2026-08-21T13:26:26.768+0430","caller":"paymentverifyjob/run.go:37","msg":"worker pending payments fetched","job":"payment-verify","count":0}
{"level":"info","ts":"2026-08-21T13:26:26.768+0430","caller":"paymentverifyjob/run.go:119","msg":"worker completed","job":"payment-verify","duration":0.00327231}
{"level":"info","ts":"2026-08-21T13:27:26.765+0430","caller":"notificationdispatchjob/run.go:27","msg":"worker started","job":"notification-dispatch"}
{"level":"info","ts":"2026-08-21T13:27:26.765+0430","caller":"paymentexpiryjob/run.go:27","msg":"worker started","job":"payment-expiry"}
{"level":"info","ts":"2026-08-21T13:27:26.765+0430","caller":"orderfulfillerjob/run.go:27","msg":"worker started","job":"order-fulfiller"}
{"level":"info","ts":"2026-08-21T13:27:26.765+0430","caller":"statussyncJob/run.go:25","msg":"worker started","job":"status-sync"}
{"level":"info","ts":"2026-08-21T13:27:26.766+0430","caller":"paymentexpiryjob/run.go:39","msg":"expired payments fetched","job":"payment-expiry","count":0}
{"level":"info","ts":"2026-08-21T13:27:26.766+0430","caller":"paymentexpiryjob/run.go:76","msg":"worker completed","job":"payment-expiry","duration":0.001225471}
{"level":"info","ts":"2026-08-21T13:27:26.766+0430","caller":"paymentverifyjob/run.go:37","msg":"worker pending payments fetched","job":"payment-verify","count":0}
{"level":"info","ts":"2026-08-21T13:27:26.767+0430","caller":"paymentverifyjob/run.go:119","msg":"worker completed","job":"payment-verify","duration":0.001088405}
{"level":"info","ts":"2026-08-21T13:27:26.767+0430","caller":"statussyncJob/run.go:39","msg":"processing orders fetched","job":"status-sync","count":0}
{"level":"info","ts":"2026-08-21T13:27:26.767+0430","caller":"statussyncJob/run.go:101","msg":"worker completed","job":"status-sync","duration":0.001722903}
{"level":"warn","ts":"2026-08-21T13:27:27.107+0430","caller":"notificationdispatchjob/run.go:73","msg":"send notification failed","notification_id":6,"error":"bad request, Bad Request: chat not found"}
{"level":"info","ts":"2026-08-21T13:28:26.767+0430","caller":"paymentverifyjob/run.go:37","msg":"worker pending payments fetched","job":"payment-verify","count":0}
{"level":"info","ts":"2026-08-21T13:28:26.767+0430","caller":"paymentverifyjob/run.go:119","msg":"worker completed","job":"payment-verify","duration":0.001383415}
{"level":"info","ts":"2026-08-21T13:29:26.770+0430","caller":"paymentverifyjob/run.go:37","msg":"worker pending payments fetched","job":"payment-verify","count":0}
{"level":"info","ts":"2026-08-21T13:29:26.770+0430","caller":"paymentverifyjob/run.go:119","msg":"worker completed","job":"payment-verify","duration":0.003554405}
{"level":"info","ts":"2026-08-21T13:30:26.767+0430","caller":"paymentverifyjob/run.go:37","msg":"worker pending payments fetched","job":"payment-verify","count":0}
{"level":"info","ts":"2026-08-21T13:30:26.767+0430","caller":"paymentverifyjob/run.go:119","msg":"worker completed","job":"payment-verify","duration":0.001710687}
{"level":"info","ts":"2026-08-21T13:31:26.767+0430","caller":"paymentverifyjob/run.go:37","msg":"worker pending payments fetched","job":"payment-verify","count":0}
{"level":"info","ts":"2026-08-21T13:31:26.767+0430","caller":"paymentverifyjob/run.go:119","msg":"worker completed","job":"payment-verify","duration":0.001269357}
{"level":"info","ts":"2026-08-21T13:32:26.765+0430","caller":"statussyncJob/run.go:25","msg":"worker started","job":"status-sync"}
{"level":"info","ts":"2026-08-21T13:32:26.765+0430","caller":"paymentexpiryjob/run.go:27","msg":"worker started","job":"payment-expiry"}
{"level":"info","ts":"2026-08-21T13:32:26.765+0430","caller":"orderfulfillerjob/run.go:27","msg":"worker started","job":"order-fulfiller"}
{"level":"info","ts":"2026-08-21T13:32:26.765+0430","caller":"notificationdispatchjob/run.go:27","msg":"worker started","job":"notification-dispatch"}
{"level":"info","ts":"2026-08-21T13:32:26.766+0430","caller":"paymentverifyjob/run.go:37","msg":"worker pending payments fetched","job":"payment-verify","count":0}
{"level":"info","ts":"2026-08-21T13:32:26.766+0430","caller":"paymentverifyjob/run.go:119","msg":"worker completed","job":"payment-verify","duration":0.000872357}
{"level":"info","ts":"2026-08-21T13:32:26.766+0430","caller":"paymentexpiryjob/run.go:39","msg":"expired payments fetched","job":"payment-expiry","count":0}
{"level":"info","ts":"2026-08-21T13:32:26.766+0430","caller":"paymentexpiryjob/run.go:76","msg":"worker completed","job":"payment-expiry","duration":0.00122362}
{"level":"info","ts":"2026-08-21T13:32:26.766+0430","caller":"statussyncJob/run.go:39","msg":"processing orders fetched","job":"status-sync","count":0}
{"level":"info","ts":"2026-08-21T13:32:26.766+0430","caller":"statussyncJob/run.go:101","msg":"worker completed","job":"status-sync","duration":0.001769835}
{"level":"info","ts":"2026-08-21T13:33:26.766+0430","caller":"paymentverifyjob/run.go:37","msg":"worker pending payments fetched","job":"payment-verify","count":0}
{"level":"info","ts":"2026-08-21T13:33:26.766+0430","caller":"paymentverifyjob/run.go:119","msg":"worker completed","job":"payment-verify","duration":0.001246471}
{"level":"info","ts":"2026-08-21T13:34:26.767+0430","caller":"paymentverifyjob/run.go:37","msg":"worker pending payments fetched","job":"payment-verify","count":0}
{"level":"info","ts":"2026-08-21T13:34:26.767+0430","caller":"paymentverifyjob/run.go:119","msg":"worker completed","job":"payment-verify","duration":0.001046154}
{"level":"info","ts":"2026-08-21T13:35:26.767+0430","caller":"paymentverifyjob/run.go:37","msg":"worker pending payments fetched","job":"payment-verify","count":0}
{"level":"info","ts":"2026-08-21T13:35:26.767+0430","caller":"paymentverifyjob/run.go:119","msg":"worker completed","job":"payment-verify","duration":0.001343187}
{"level":"info","ts":"2026-08-21T13:36:26.766+0430","caller":"paymentverifyjob/run.go:37","msg":"worker pending payments fetched","job":"payment-verify","count":0}
{"level":"info","ts":"2026-08-21T13:36:26.766+0430","caller":"paymentverifyjob/run.go:119","msg":"worker completed","job":"payment-verify","duration":0.001293042}
{"level":"info","ts":"2026-08-21T13:37:26.765+0430","caller":"statussyncJob/run.go:25","msg":"worker started","job":"status-sync"}
{"level":"info","ts":"2026-08-21T13:37:26.765+0430","caller":"notificationdispatchjob/run.go:27","msg":"worker started","job":"notification-dispatch"}
{"level":"info","ts":"2026-08-21T13:37:26.765+0430","caller":"orderfulfillerjob/run.go:27","msg":"worker started","job":"order-fulfiller"}
{"level":"info","ts":"2026-08-21T13:37:26.765+0430","caller":"paymentexpiryjob/run.go:27","msg":"worker started","job":"payment-expiry"}
{"level":"info","ts":"2026-08-21T13:37:26.766+0430","caller":"statussyncJob/run.go:39","msg":"processing orders fetched","job":"status-sync","count":0}
{"level":"info","ts":"2026-08-21T13:37:26.766+0430","caller":"statussyncJob/run.go:101","msg":"worker completed","job":"status-sync","duration":0.001367662}
{"level":"info","ts":"2026-08-21T13:37:26.766+0430","caller":"paymentverifyjob/run.go:37","msg":"worker pending payments fetched","job":"payment-verify","count":0}
{"level":"info","ts":"2026-08-21T13:37:26.767+0430","caller":"paymentverifyjob/run.go:119","msg":"worker completed","job":"payment-verify","duration":0.001272707}
{"level":"info","ts":"2026-08-21T13:37:26.767+0430","caller":"paymentexpiryjob/run.go:39","msg":"expired payments fetched","job":"payment-expiry","count":0}
{"level":"info","ts":"2026-08-21T13:37:26.767+0430","caller":"paymentexpiryjob/run.go:76","msg":"worker completed","job":"payment-expiry","duration":0.001433383}
{"level":"warn","ts":"2026-08-21T13:37:27.180+0430","caller":"notificationdispatchjob/run.go:73","msg":"send notification failed","notification_id":1,"error":"bad request, Bad Request: chat not found"}
{"level":"info","ts":"2026-08-21T13:38:26.768+0430","caller":"paymentverifyjob/run.go:37","msg":"worker pending payments fetched","job":"payment-verify","count":0}
{"level":"info","ts":"2026-08-21T13:38:26.768+0430","caller":"paymentverifyjob/run.go:119","msg":"worker completed","job":"payment-verify","duration":0.002750952}
{"level":"info","ts":"2026-08-21T13:39:26.767+0430","caller":"paymentverifyjob/run.go:37","msg":"worker pending payments fetched","job":"payment-verify","count":0}
{"level":"info","ts":"2026-08-21T13:39:26.767+0430","caller":"paymentverifyjob/run.go:119","msg":"worker completed","job":"payment-verify","duration":0.001101493}
{"level":"info","ts":"2026-08-21T13:40:26.767+0430","caller":"paymentverifyjob/run.go:37","msg":"worker pending payments fetched","job":"payment-verify","count":0}
{"level":"info","ts":"2026-08-21T13:40:26.767+0430","caller":"paymentverifyjob/run.go:119","msg":"worker completed","job":"payment-verify","duration":0.001406954}
{"level":"info","ts":"2026-08-21T13:41:26.766+0430","caller":"paymentverifyjob/run.go:37","msg":"worker pending payments fetched","job":"payment-verify","count":0}
{"level":"info","ts":"2026-08-21T13:41:26.766+0430","caller":"paymentverifyjob/run.go:119","msg":"worker completed","job":"payment-verify","duration":0.000894577}
{"level":"info","ts":"2026-08-21T13:42:26.766+0430","caller":"notificationdispatchjob/run.go:27","msg":"worker started","job":"notification-dispatch"}
{"level":"info","ts":"2026-08-21T13:42:26.766+0430","caller":"paymentexpiryjob/run.go:27","msg":"worker started","job":"payment-expiry"}
{"level":"info","ts":"2026-08-21T13:42:26.766+0430","caller":"orderfulfillerjob/run.go:27","msg":"worker started","job":"order-fulfiller"}
{"level":"info","ts":"2026-08-21T13:42:26.766+0430","caller":"statussyncJob/run.go:25","msg":"worker started","job":"status-sync"}
{"level":"info","ts":"2026-08-21T13:42:26.767+0430","caller":"paymentverifyjob/run.go:37","msg":"worker pending payments fetched","job":"payment-verify","count":0}
{"level":"info","ts":"2026-08-21T13:42:26.767+0430","caller":"paymentverifyjob/run.go:119","msg":"worker completed","job":"payment-verify","duration":0.001306544}
{"level":"info","ts":"2026-08-21T13:42:26.768+0430","caller":"statussyncJob/run.go:39","msg":"processing orders fetched","job":"status-sync","count":0}
{"level":"info","ts":"2026-08-21T13:42:26.768+0430","caller":"statussyncJob/run.go:101","msg":"worker completed","job":"status-sync","duration":0.001590461}
{"level":"info","ts":"2026-08-21T13:42:26.768+0430","caller":"paymentexpiryjob/run.go:39","msg":"expired payments fetched","job":"payment-expiry","count":0}
{"level":"info","ts":"2026-08-21T13:42:26.768+0430","caller":"paymentexpiryjob/run.go:76","msg":"worker completed","job":"payment-expiry","duration":0.001862079}
{"level":"warn","ts":"2026-08-21T13:42:27.425+0430","caller":"notificationdispatchjob/run.go:73","msg":"send notification failed","notification_id":1,"error":"bad request, Bad Request: chat not found"}
{"level":"info","ts":"2026-08-21T13:43:26.766+0430","caller":"paymentverifyjob/run.go:37","msg":"worker pending payments fetched","job":"payment-verify","count":0}
{"level":"info","ts":"2026-08-21T13:43:26.766+0430","caller":"paymentverifyjob/run.go:119","msg":"worker completed","job":"payment-verify","duration":0.001296165}
{"level":"info","ts":"2026-08-21T13:44:26.766+0430","caller":"paymentverifyjob/run.go:37","msg":"worker pending payments fetched","job":"payment-verify","count":0}
{"level":"info","ts":"2026-08-21T13:44:26.766+0430","caller":"paymentverifyjob/run.go:119","msg":"worker completed","job":"payment-verify","duration":0.000971192}
{"level":"info","ts":"2026-08-21T13:45:26.766+0430","caller":"paymentverifyjob/run.go:37","msg":"worker pending payments fetched","job":"payment-verify","count":0}
{"level":"info","ts":"2026-08-21T13:45:26.767+0430","caller":"paymentverifyjob/run.go:119","msg":"worker completed","job":"payment-verify","duration":0.001126444}
{"level":"info","ts":"2026-08-21T13:46:26.767+0430","caller":"paymentverifyjob/run.go:37","msg":"worker pending payments fetched","job":"payment-verify","count":0}
{"level":"info","ts":"2026-08-21T13:46:26.767+0430","caller":"paymentverifyjob/run.go:119","msg":"worker completed","job":"payment-verify","duration":0.00138589}
{"level":"info","ts":"2026-08-21T13:47:26.765+0430","caller":"paymentexpiryjob/run.go:27","msg":"worker started","job":"payment-expiry"}
{"level":"info","ts":"2026-08-21T13:47:26.765+0430","caller":"notificationdispatchjob/run.go:27","msg":"worker started","job":"notification-dispatch"}
{"level":"info","ts":"2026-08-21T13:47:26.765+0430","caller":"statussyncJob/run.go:25","msg":"worker started","job":"status-sync"}
{"level":"info","ts":"2026-08-21T13:47:26.765+0430","caller":"orderfulfillerjob/run.go:27","msg":"worker started","job":"order-fulfiller"}
{"level":"info","ts":"2026-08-21T13:47:26.766+0430","caller":"paymentexpiryjob/run.go:39","msg":"expired payments fetched","job":"payment-expiry","count":0}
{"level":"info","ts":"2026-08-21T13:47:26.766+0430","caller":"paymentexpiryjob/run.go:76","msg":"worker completed","job":"payment-expiry","duration":0.000835393}
{"level":"info","ts":"2026-08-21T13:47:26.766+0430","caller":"paymentverifyjob/run.go:37","msg":"worker pending payments fetched","job":"payment-verify","count":0}
{"level":"info","ts":"2026-08-21T13:47:26.766+0430","caller":"statussyncJob/run.go:39","msg":"processing orders fetched","job":"status-sync","count":0}
{"level":"info","ts":"2026-08-21T13:47:26.766+0430","caller":"paymentverifyjob/run.go:119","msg":"worker completed","job":"payment-verify","duration":0.000963348}
{"level":"info","ts":"2026-08-21T13:47:26.766+0430","caller":"statussyncJob/run.go:101","msg":"worker completed","job":"status-sync","duration":0.000719721}
{"level":"warn","ts":"2026-08-21T13:47:27.830+0430","caller":"notificationdispatchjob/run.go:73","msg":"send notification failed","notification_id":2,"error":"bad request, Bad Request: chat not found"}
{"level":"info","ts":"2026-08-21T13:48:26.767+0430","caller":"paymentverifyjob/run.go:37","msg":"worker pending payments fetched","job":"payment-verify","count":0}
{"level":"info","ts":"2026-08-21T13:48:26.767+0430","caller":"paymentverifyjob/run.go:119","msg":"worker completed","job":"payment-verify","duration":0.0011161}
{"level":"info","ts":"2026-08-21T13:49:26.767+0430","caller":"paymentverifyjob/run.go:37","msg":"worker pending payments fetched","job":"payment-verify","count":0}
{"level":"info","ts":"2026-08-21T13:49:26.767+0430","caller":"paymentverifyjob/run.go:119","msg":"worker completed","job":"payment-verify","duration":0.001198716}
{"level":"info","ts":"2026-08-21T13:50:26.766+0430","caller":"paymentverifyjob/run.go:37","msg":"worker pending payments fetched","job":"payment-verify","count":0}
{"level":"info","ts":"2026-08-21T13:50:26.766+0430","caller":"paymentverifyjob/run.go:119","msg":"worker completed","job":"payment-verify","duration":0.001071763}
{"level":"info","ts":"2026-08-21T13:51:26.769+0430","caller":"paymentverifyjob/run.go:37","msg":"worker pending payments fetched","job":"payment-verify","count":0}
{"level":"info","ts":"2026-08-21T13:51:26.769+0430","caller":"paymentverifyjob/run.go:119","msg":"worker completed","job":"payment-verify","duration":0.003887811}
{"level":"info","ts":"2026-08-21T13:52:26.765+0430","caller":"statussyncJob/run.go:25","msg":"worker started","job":"status-sync"}
{"level":"info","ts":"2026-08-21T13:52:26.765+0430","caller":"paymentexpiryjob/run.go:27","msg":"worker started","job":"payment-expiry"}
{"level":"info","ts":"2026-08-21T13:52:26.765+0430","caller":"orderfulfillerjob/run.go:27","msg":"worker started","job":"order-fulfiller"}
{"level":"info","ts":"2026-08-21T13:52:26.765+0430","caller":"notificationdispatchjob/run.go:27","msg":"worker started","job":"notification-dispatch"}
{"level":"info","ts":"2026-08-21T13:52:26.767+0430","caller":"paymentverifyjob/run.go:37","msg":"worker pending payments fetched","job":"payment-verify","count":0}
{"level":"info","ts":"2026-08-21T13:52:26.767+0430","caller":"paymentverifyjob/run.go:119","msg":"worker completed","job":"payment-verify","duration":0.001476747}
{"level":"info","ts":"2026-08-21T13:52:26.767+0430","caller":"statussyncJob/run.go:39","msg":"processing orders fetched","job":"status-sync","count":0}
{"level":"info","ts":"2026-08-21T13:52:26.767+0430","caller":"statussyncJob/run.go:101","msg":"worker completed","job":"status-sync","duration":0.002267679}
{"level":"info","ts":"2026-08-21T13:52:26.767+0430","caller":"paymentexpiryjob/run.go:39","msg":"expired payments fetched","job":"payment-expiry","count":0}
{"level":"info","ts":"2026-08-21T13:52:26.767+0430","caller":"paymentexpiryjob/run.go:76","msg":"worker completed","job":"payment-expiry","duration":0.002146043}
{"level":"warn","ts":"2026-08-21T13:52:28.115+0430","caller":"notificationdispatchjob/run.go:73","msg":"send notification failed","notification_id":2,"error":"bad request, Bad Request: chat not found"}
{"level":"info","ts":"2026-08-21T13:53:26.766+0430","caller":"paymentverifyjob/run.go:37","msg":"worker pending payments fetched","job":"payment-verify","count":0}
{"level":"info","ts":"2026-08-21T13:53:26.766+0430","caller":"paymentverifyjob/run.go:119","msg":"worker completed","job":"payment-verify","duration":0.001164347}
{"level":"info","ts":"2026-08-21T13:54:26.766+0430","caller":"paymentverifyjob/run.go:37","msg":"worker pending payments fetched","job":"payment-verify","count":0}
{"level":"info","ts":"2026-08-21T13:54:26.766+0430","caller":"paymentverifyjob/run.go:119","msg":"worker completed","job":"payment-verify","duration":0.00120615}
{"level":"info","ts":"2026-08-21T13:55:26.767+0430","caller":"paymentverifyjob/run.go:37","msg":"worker pending payments fetched","job":"payment-verify","count":0}
{"level":"info","ts":"2026-08-21T13:55:26.767+0430","caller":"paymentverifyjob/run.go:119","msg":"worker completed","job":"payment-verify","duration":0.001800476}
{"level":"info","ts":"2026-08-21T13:56:26.766+0430","caller":"paymentverifyjob/run.go:37","msg":"worker pending payments fetched","job":"payment-verify","count":0}
{"level":"info","ts":"2026-08-21T13:56:26.766+0430","caller":"paymentverifyjob/run.go:119","msg":"worker completed","job":"payment-verify","duration":0.001009044}
{"level":"info","ts":"2026-08-21T13:57:26.766+0430","caller":"notificationdispatchjob/run.go:27","msg":"worker started","job":"notification-dispatch"}
{"level":"info","ts":"2026-08-21T13:57:26.766+0430","caller":"paymentexpiryjob/run.go:27","msg":"worker started","job":"payment-expiry"}
{"level":"info","ts":"2026-08-21T13:57:26.766+0430","caller":"orderfulfillerjob/run.go:27","msg":"worker started","job":"order-fulfiller"}
{"level":"info","ts":"2026-08-21T13:57:26.766+0430","caller":"statussyncJob/run.go:25","msg":"worker started","job":"status-sync"}
{"level":"info","ts":"2026-08-21T13:57:26.767+0430","caller":"paymentverifyjob/run.go:37","msg":"worker pending payments fetched","job":"payment-verify","count":0}
{"level":"info","ts":"2026-08-21T13:57:26.767+0430","caller":"paymentverifyjob/run.go:119","msg":"worker completed","job":"payment-verify","duration":0.001111118}
{"level":"info","ts":"2026-08-21T13:57:26.767+0430","caller":"paymentexpiryjob/run.go:39","msg":"expired payments fetched","job":"payment-expiry","count":0}
{"level":"info","ts":"2026-08-21T13:57:26.767+0430","caller":"paymentexpiryjob/run.go:76","msg":"worker completed","job":"payment-expiry","duration":0.00131147}
{"level":"info","ts":"2026-08-21T13:57:26.768+0430","caller":"statussyncJob/run.go:39","msg":"processing orders fetched","job":"status-sync","count":0}
{"level":"info","ts":"2026-08-21T13:57:26.768+0430","caller":"statussyncJob/run.go:101","msg":"worker completed","job":"status-sync","duration":0.001740492}
{"level":"warn","ts":"2026-08-21T13:57:28.342+0430","caller":"notificationdispatchjob/run.go:73","msg":"send notification failed","notification_id":3,"error":"bad request, Bad Request: chat not found"}
{"level":"info","ts":"2026-08-21T13:58:26.767+0430","caller":"paymentverifyjob/run.go:37","msg":"worker pending payments fetched","job":"payment-verify","count":0}
{"level":"info","ts":"2026-08-21T13:58:26.767+0430","caller":"paymentverifyjob/run.go:119","msg":"worker completed","job":"payment-verify","duration":0.001333549}
{"level":"info","ts":"2026-08-21T13:59:26.767+0430","caller":"paymentverifyjob/run.go:37","msg":"worker pending payments fetched","job":"payment-verify","count":0}
{"level":"info","ts":"2026-08-21T13:59:26.767+0430","caller":"paymentverifyjob/run.go:119","msg":"worker completed","job":"payment-verify","duration":0.001251686}
{"level":"info","ts":"2026-08-21T14:00:26.767+0430","caller":"paymentverifyjob/run.go:37","msg":"worker pending payments fetched","job":"payment-verify","count":0}
{"level":"info","ts":"2026-08-21T14:00:26.767+0430","caller":"paymentverifyjob/run.go:119","msg":"worker completed","job":"payment-verify","duration":0.001100906}
{"level":"info","ts":"2026-08-21T14:01:26.767+0430","caller":"paymentverifyjob/run.go:37","msg":"worker pending payments fetched","job":"payment-verify","count":0}
{"level":"info","ts":"2026-08-21T14:01:26.767+0430","caller":"paymentverifyjob/run.go:119","msg":"worker completed","job":"payment-verify","duration":0.001487624}
{"level":"info","ts":"2026-08-21T14:02:26.765+0430","caller":"statussyncJob/run.go:25","msg":"worker started","job":"status-sync"}
{"level":"info","ts":"2026-08-21T14:02:26.765+0430","caller":"orderfulfillerjob/run.go:27","msg":"worker started","job":"order-fulfiller"}
{"level":"info","ts":"2026-08-21T14:02:26.765+0430","caller":"paymentexpiryjob/run.go:27","msg":"worker started","job":"payment-expiry"}
{"level":"info","ts":"2026-08-21T14:02:26.765+0430","caller":"notificationdispatchjob/run.go:27","msg":"worker started","job":"notification-dispatch"}
{"level":"info","ts":"2026-08-21T14:02:26.765+0430","caller":"statussyncJob/run.go:39","msg":"processing orders fetched","job":"status-sync","count":0}
{"level":"info","ts":"2026-08-21T14:02:26.765+0430","caller":"statussyncJob/run.go:101","msg":"worker completed","job":"status-sync","duration":0.000768345}
{"level":"info","ts":"2026-08-21T14:02:26.766+0430","caller":"paymentverifyjob/run.go:37","msg":"worker pending payments fetched","job":"payment-verify","count":0}
{"level":"info","ts":"2026-08-21T14:02:26.766+0430","caller":"paymentverifyjob/run.go:119","msg":"worker completed","job":"payment-verify","duration":0.000856103}
{"level":"info","ts":"2026-08-21T14:02:26.766+0430","caller":"paymentexpiryjob/run.go:39","msg":"expired payments fetched","job":"payment-expiry","count":0}
{"level":"info","ts":"2026-08-21T14:02:26.766+0430","caller":"paymentexpiryjob/run.go:76","msg":"worker completed","job":"payment-expiry","duration":0.001024839}
{"level":"warn","ts":"2026-08-21T14:02:28.675+0430","caller":"notificationdispatchjob/run.go:73","msg":"send notification failed","notification_id":3,"error":"bad request, Bad Request: chat not found"}
{"level":"info","ts":"2026-08-21T14:03:26.767+0430","caller":"paymentverifyjob/run.go:37","msg":"worker pending payments fetched","job":"payment-verify","count":0}
{"level":"info","ts":"2026-08-21T14:03:26.768+0430","caller":"paymentverifyjob/run.go:119","msg":"worker completed","job":"payment-verify","duration":0.001318508}
{"level":"info","ts":"2026-08-21T14:04:26.766+0430","caller":"paymentverifyjob/run.go:37","msg":"worker pending payments fetched","job":"payment-verify","count":0}
{"level":"info","ts":"2026-08-21T14:04:26.767+0430","caller":"paymentverifyjob/run.go:119","msg":"worker completed","job":"payment-verify","duration":0.00106152}
{"level":"info","ts":"2026-08-21T14:05:26.766+0430","caller":"paymentverifyjob/run.go:37","msg":"worker pending payments fetched","job":"payment-verify","count":0}
{"level":"info","ts":"2026-08-21T14:05:26.766+0430","caller":"paymentverifyjob/run.go:119","msg":"worker completed","job":"payment-verify","duration":0.001178104}
{"level":"info","ts":"2026-08-21T14:06:26.769+0430","caller":"paymentverifyjob/run.go:37","msg":"worker pending payments fetched","job":"payment-verify","count":0}
{"level":"info","ts":"2026-08-21T14:06:26.769+0430","caller":"paymentverifyjob/run.go:119","msg":"worker completed","job":"payment-verify","duration":0.003304197}
{"level":"info","ts":"2026-08-21T14:07:26.766+0430","caller":"notificationdispatchjob/run.go:27","msg":"worker started","job":"notification-dispatch"}
{"level":"info","ts":"2026-08-21T14:07:26.766+0430","caller":"orderfulfillerjob/run.go:27","msg":"worker started","job":"order-fulfiller"}
{"level":"info","ts":"2026-08-21T14:07:26.766+0430","caller":"paymentexpiryjob/run.go:27","msg":"worker started","job":"payment-expiry"}
{"level":"info","ts":"2026-08-21T14:07:26.766+0430","caller":"statussyncJob/run.go:25","msg":"worker started","job":"status-sync"}
{"level":"info","ts":"2026-08-21T14:07:26.767+0430","caller":"statussyncJob/run.go:39","msg":"processing orders fetched","job":"status-sync","count":0}
{"level":"info","ts":"2026-08-21T14:07:26.767+0430","caller":"statussyncJob/run.go:101","msg":"worker completed","job":"status-sync","duration":0.001050668}
{"level":"info","ts":"2026-08-21T14:07:26.767+0430","caller":"paymentexpiryjob/run.go:39","msg":"expired payments fetched","job":"payment-expiry","count":0}
{"level":"info","ts":"2026-08-21T14:07:26.767+0430","caller":"paymentverifyjob/run.go:37","msg":"worker pending payments fetched","job":"payment-verify","count":0}
{"level":"info","ts":"2026-08-21T14:07:26.767+0430","caller":"paymentexpiryjob/run.go:76","msg":"worker completed","job":"payment-expiry","duration":0.001142047}
{"level":"info","ts":"2026-08-21T14:07:26.767+0430","caller":"paymentverifyjob/run.go:119","msg":"worker completed","job":"payment-verify","duration":0.001326811}
{"level":"warn","ts":"2026-08-21T14:07:28.919+0430","caller":"notificationdispatchjob/run.go:73","msg":"send notification failed","notification_id":4,"error":"bad request, Bad Request: chat not found"}
{"level":"info","ts":"2026-08-21T14:08:26.767+0430","caller":"paymentverifyjob/run.go:37","msg":"worker pending payments fetched","job":"payment-verify","count":0}
{"level":"info","ts":"2026-08-21T14:08:26.767+0430","caller":"paymentverifyjob/run.go:119","msg":"worker completed","job":"payment-verify","duration":0.001176574}
{"level":"info","ts":"2026-08-21T14:09:26.766+0430","caller":"paymentverifyjob/run.go:37","msg":"worker pending payments fetched","job":"payment-verify","count":0}
{"level":"info","ts":"2026-08-21T14:09:26.766+0430","caller":"paymentverifyjob/run.go:119","msg":"worker completed","job":"payment-verify","duration":0.000854178}
{"level":"info","ts":"2026-08-21T14:10:26.768+0430","caller":"paymentverifyjob/run.go:37","msg":"worker pending payments fetched","job":"payment-verify","count":0}
{"level":"info","ts":"2026-08-21T14:10:26.769+0430","caller":"paymentverifyjob/run.go:119","msg":"worker completed","job":"payment-verify","duration":0.002562772}
{"level":"info","ts":"2026-08-21T14:11:26.768+0430","caller":"paymentverifyjob/run.go:37","msg":"worker pending payments fetched","job":"payment-verify","count":0}
{"level":"info","ts":"2026-08-21T14:11:26.768+0430","caller":"paymentverifyjob/run.go:119","msg":"worker completed","job":"payment-verify","duration":0.001464312}
{"level":"info","ts":"2026-08-21T14:12:26.766+0430","caller":"notificationdispatchjob/run.go:27","msg":"worker started","job":"notification-dispatch"}
{"level":"info","ts":"2026-08-21T14:12:26.766+0430","caller":"statussyncJob/run.go:25","msg":"worker started","job":"status-sync"}
{"level":"info","ts":"2026-08-21T14:12:26.766+0430","caller":"paymentexpiryjob/run.go:27","msg":"worker started","job":"payment-expiry"}
{"level":"info","ts":"2026-08-21T14:12:26.766+0430","caller":"orderfulfillerjob/run.go:27","msg":"worker started","job":"order-fulfiller"}
{"level":"info","ts":"2026-08-21T14:12:26.767+0430","caller":"statussyncJob/run.go:39","msg":"processing orders fetched","job":"status-sync","count":0}
{"level":"info","ts":"2026-08-21T14:12:26.767+0430","caller":"paymentverifyjob/run.go:37","msg":"worker pending payments fetched","job":"payment-verify","count":0}
{"level":"info","ts":"2026-08-21T14:12:26.767+0430","caller":"statussyncJob/run.go:101","msg":"worker completed","job":"status-sync","duration":0.001065382}
{"level":"info","ts":"2026-08-21T14:12:26.767+0430","caller":"paymentexpiryjob/run.go:39","msg":"expired payments fetched","job":"payment-expiry","count":0}
{"level":"info","ts":"2026-08-21T14:12:26.767+0430","caller":"paymentverifyjob/run.go:119","msg":"worker completed","job":"payment-verify","duration":0.001231534}
{"level":"info","ts":"2026-08-21T14:12:26.767+0430","caller":"paymentexpiryjob/run.go:76","msg":"worker completed","job":"payment-expiry","duration":0.001058013}
{"level":"warn","ts":"2026-08-21T14:12:29.121+0430","caller":"notificationdispatchjob/run.go:73","msg":"send notification failed","notification_id":4,"error":"bad request, Bad Request: chat not found"}
{"level":"info","ts":"2026-08-21T14:13:26.767+0430","caller":"paymentverifyjob/run.go:37","msg":"worker pending payments fetched","job":"payment-verify","count":0}
{"level":"info","ts":"2026-08-21T14:13:26.767+0430","caller":"paymentverifyjob/run.go:119","msg":"worker completed","job":"payment-verify","duration":0.00134351}
{"level":"info","ts":"2026-08-21T14:14:26.767+0430","caller":"paymentverifyjob/run.go:37","msg":"worker pending payments fetched","job":"payment-verify","count":0}
{"level":"info","ts":"2026-08-21T14:14:26.767+0430","caller":"paymentverifyjob/run.go:119","msg":"worker completed","job":"payment-verify","duration":0.000991038}
{"level":"info","ts":"2026-08-21T14:15:26.768+0430","caller":"paymentverifyjob/run.go:37","msg":"worker pending payments fetched","job":"payment-verify","count":0}
{"level":"info","ts":"2026-08-21T14:15:26.768+0430","caller":"paymentverifyjob/run.go:119","msg":"worker completed","job":"payment-verify","duration":0.002245608}
{"level":"info","ts":"2026-08-21T14:16:26.768+0430","caller":"paymentverifyjob/run.go:37","msg":"worker pending payments fetched","job":"payment-verify","count":0}
{"level":"info","ts":"2026-08-21T14:16:26.768+0430","caller":"paymentverifyjob/run.go:119","msg":"worker completed","job":"payment-verify","duration":0.002129242}
{"level":"info","ts":"2026-08-21T14:17:26.765+0430","caller":"statussyncJob/run.go:25","msg":"worker started","job":"status-sync"}
{"level":"info","ts":"2026-08-21T14:17:26.765+0430","caller":"paymentexpiryjob/run.go:27","msg":"worker started","job":"payment-expiry"}
{"level":"info","ts":"2026-08-21T14:17:26.765+0430","caller":"notificationdispatchjob/run.go:27","msg":"worker started","job":"notification-dispatch"}
{"level":"info","ts":"2026-08-21T14:17:26.765+0430","caller":"orderfulfillerjob/run.go:27","msg":"worker started","job":"order-fulfiller"}
{"level":"info","ts":"2026-08-21T14:17:26.768+0430","caller":"paymentexpiryjob/run.go:39","msg":"expired payments fetched","job":"payment-expiry","count":0}
{"level":"info","ts":"2026-08-21T14:17:26.768+0430","caller":"paymentverifyjob/run.go:37","msg":"worker pending payments fetched","job":"payment-verify","count":0}
{"level":"info","ts":"2026-08-21T14:17:26.768+0430","caller":"statussyncJob/run.go:39","msg":"processing orders fetched","job":"status-sync","count":0}
{"level":"info","ts":"2026-08-21T14:17:26.768+0430","caller":"paymentexpiryjob/run.go:76","msg":"worker completed","job":"payment-expiry","duration":0.002800894}
{"level":"info","ts":"2026-08-21T14:17:26.768+0430","caller":"statussyncJob/run.go:101","msg":"worker completed","job":"status-sync","duration":0.002851427}
{"level":"info","ts":"2026-08-21T14:17:26.768+0430","caller":"paymentverifyjob/run.go:119","msg":"worker completed","job":"payment-verify","duration":0.003033931}
{"level":"warn","ts":"2026-08-21T14:17:29.359+0430","caller":"notificationdispatchjob/run.go:73","msg":"send notification failed","notification_id":5,"error":"bad request, Bad Request: chat not found"}
{"level":"info","ts":"2026-08-21T14:18:26.767+0430","caller":"paymentverifyjob/run.go:37","msg":"worker pending payments fetched","job":"payment-verify","count":0}
{"level":"info","ts":"2026-08-21T14:18:26.767+0430","caller":"paymentverifyjob/run.go:119","msg":"worker completed","job":"payment-verify","duration":0.001297523}
{"level":"info","ts":"2026-08-21T14:19:26.767+0430","caller":"paymentverifyjob/run.go:37","msg":"worker pending payments fetched","job":"payment-verify","count":0}
{"level":"info","ts":"2026-08-21T14:19:26.768+0430","caller":"paymentverifyjob/run.go:119","msg":"worker completed","job":"payment-verify","duration":0.002488866}
{"level":"info","ts":"2026-08-21T14:20:26.767+0430","caller":"paymentverifyjob/run.go:37","msg":"worker pending payments fetched","job":"payment-verify","count":0}
{"level":"info","ts":"2026-08-21T14:20:26.767+0430","caller":"paymentverifyjob/run.go:119","msg":"worker completed","job":"payment-verify","duration":0.001499469}
{"level":"info","ts":"2026-08-21T14:21:26.767+0430","caller":"paymentverifyjob/run.go:37","msg":"worker pending payments fetched","job":"payment-verify","count":0}
{"level":"info","ts":"2026-08-21T14:21:26.768+0430","caller":"paymentverifyjob/run.go:119","msg":"worker completed","job":"payment-verify","duration":0.001677606}
{"level":"info","ts":"2026-08-21T14:22:26.765+0430","caller":"paymentexpiryjob/run.go:27","msg":"worker started","job":"payment-expiry"}
{"level":"info","ts":"2026-08-21T14:22:26.765+0430","caller":"notificationdispatchjob/run.go:27","msg":"worker started","job":"notification-dispatch"}
{"level":"info","ts":"2026-08-21T14:22:26.765+0430","caller":"orderfulfillerjob/run.go:27","msg":"worker started","job":"order-fulfiller"}
{"level":"info","ts":"2026-08-21T14:22:26.765+0430","caller":"statussyncJob/run.go:25","msg":"worker started","job":"status-sync"}
{"level":"info","ts":"2026-08-21T14:22:26.766+0430","caller":"paymentexpiryjob/run.go:39","msg":"expired payments fetched","job":"payment-expiry","count":0}
{"level":"info","ts":"2026-08-21T14:22:26.766+0430","caller":"paymentexpiryjob/run.go:76","msg":"worker completed","job":"payment-expiry","duration":0.001177253}
{"level":"info","ts":"2026-08-21T14:22:26.766+0430","caller":"paymentverifyjob/run.go:37","msg":"worker pending payments fetched","job":"payment-verify","count":0}
{"level":"info","ts":"2026-08-21T14:22:26.766+0430","caller":"paymentverifyjob/run.go:119","msg":"worker completed","job":"payment-verify","duration":0.001153112}
{"level":"info","ts":"2026-08-21T14:22:26.771+0430","caller":"statussyncJob/run.go:39","msg":"processing orders fetched","job":"status-sync","count":0}
{"level":"info","ts":"2026-08-21T14:22:26.772+0430","caller":"statussyncJob/run.go:101","msg":"worker completed","job":"status-sync","duration":0.006538238}
{"level":"warn","ts":"2026-08-21T14:22:29.729+0430","caller":"notificationdispatchjob/run.go:73","msg":"send notification failed","notification_id":5,"error":"bad request, Bad Request: chat not found"}
{"level":"info","ts":"2026-08-21T14:23:26.768+0430","caller":"paymentverifyjob/run.go:37","msg":"worker pending payments fetched","job":"payment-verify","count":0}
{"level":"info","ts":"2026-08-21T14:23:26.768+0430","caller":"paymentverifyjob/run.go:119","msg":"worker completed","job":"payment-verify","duration":0.001720638}
{"level":"info","ts":"2026-08-21T14:24:26.767+0430","caller":"paymentverifyjob/run.go:37","msg":"worker pending payments fetched","job":"payment-verify","count":0}
{"level":"info","ts":"2026-08-21T14:24:26.767+0430","caller":"paymentverifyjob/run.go:119","msg":"worker completed","job":"payment-verify","duration":0.001183514}
{"level":"info","ts":"2026-08-21T14:25:26.769+0430","caller":"paymentverifyjob/run.go:37","msg":"worker pending payments fetched","job":"payment-verify","count":0}
{"level":"info","ts":"2026-08-21T14:25:26.769+0430","caller":"paymentverifyjob/run.go:119","msg":"worker completed","job":"payment-verify","duration":0.002607937}
{"level":"info","ts":"2026-08-21T14:26:26.767+0430","caller":"paymentverifyjob/run.go:37","msg":"worker pending payments fetched","job":"payment-verify","count":0}
{"level":"info","ts":"2026-08-21T14:26:26.767+0430","caller":"paymentverifyjob/run.go:119","msg":"worker completed","job":"payment-verify","duration":0.001484482}
{"level":"info","ts":"2026-08-21T14:27:26.766+0430","caller":"paymentexpiryjob/run.go:27","msg":"worker started","job":"payment-expiry"}
{"level":"info","ts":"2026-08-21T14:27:26.766+0430","caller":"notificationdispatchjob/run.go:27","msg":"worker started","job":"notification-dispatch"}
{"level":"info","ts":"2026-08-21T14:27:26.766+0430","caller":"orderfulfillerjob/run.go:27","msg":"worker started","job":"order-fulfiller"}
{"level":"info","ts":"2026-08-21T14:27:26.766+0430","caller":"statussyncJob/run.go:25","msg":"worker started","job":"status-sync"}
{"level":"info","ts":"2026-08-21T14:27:26.767+0430","caller":"paymentverifyjob/run.go:37","msg":"worker pending payments fetched","job":"payment-verify","count":0}
{"level":"info","ts":"2026-08-21T14:27:26.767+0430","caller":"paymentverifyjob/run.go:119","msg":"worker completed","job":"payment-verify","duration":0.001176869}
{"level":"info","ts":"2026-08-21T14:27:26.773+0430","caller":"paymentexpiryjob/run.go:39","msg":"expired payments fetched","job":"payment-expiry","count":0}
{"level":"info","ts":"2026-08-21T14:27:26.773+0430","caller":"paymentexpiryjob/run.go:76","msg":"worker completed","job":"payment-expiry","duration":0.007554592}
{"level":"info","ts":"2026-08-21T14:27:26.773+0430","caller":"statussyncJob/run.go:39","msg":"processing orders fetched","job":"status-sync","count":0}
{"level":"info","ts":"2026-08-21T14:27:26.773+0430","caller":"statussyncJob/run.go:101","msg":"worker completed","job":"status-sync","duration":0.007370751}
{"level":"info","ts":"2026-08-21T14:28:26.768+0430","caller":"paymentverifyjob/run.go:37","msg":"worker pending payments fetched","job":"payment-verify","count":0}
{"level":"info","ts":"2026-08-21T14:28:26.768+0430","caller":"paymentverifyjob/run.go:119","msg":"worker completed","job":"payment-verify","duration":0.002429523}
{"level":"warn","ts":"2026-08-21T14:28:29.792+0430","caller":"notificationdispatchjob/run.go:73","msg":"send notification failed","notification_id":6,"error":"error do request for method sendMessage, Post \"https://api.telegram.org/bot***/sendMessage\": context deadline exceeded (Client.Timeout exceeded while awaiting headers)"}
{"level":"info","ts":"2026-08-21T14:29:26.767+0430","caller":"paymentverifyjob/run.go:37","msg":"worker pending payments fetched","job":"payment-verify","count":0}
{"level":"info","ts":"2026-08-21T14:29:26.768+0430","caller":"paymentverifyjob/run.go:119","msg":"worker completed","job":"payment-verify","duration":0.002561223}
{"level":"info","ts":"2026-08-21T14:30:26.767+0430","caller":"paymentverifyjob/run.go:37","msg":"worker pending payments fetched","job":"payment-verify","count":0}
{"level":"info","ts":"2026-08-21T14:30:26.767+0430","caller":"paymentverifyjob/run.go:119","msg":"worker completed","job":"payment-verify","duration":0.001666055}
{"level":"info","ts":"2026-08-21T14:31:26.767+0430","caller":"paymentverifyjob/run.go:37","msg":"worker pending payments fetched","job":"payment-verify","count":0}
{"level":"info","ts":"2026-08-21T14:31:26.767+0430","caller":"paymentverifyjob/run.go:119","msg":"worker completed","job":"payment-verify","duration":0.001178175}
{"level":"info","ts":"2026-08-21T14:32:26.766+0430","caller":"statussyncJob/run.go:25","msg":"worker started","job":"status-sync"}
{"level":"info","ts":"2026-08-21T14:32:26.766+0430","caller":"orderfulfillerjob/run.go:27","msg":"worker started","job":"order-fulfiller"}
{"level":"info","ts":"2026-08-21T14:32:26.766+0430","caller":"notificationdispatchjob/run.go:27","msg":"worker started","job":"notification-dispatch"}
{"level":"info","ts":"2026-08-21T14:32:26.766+0430","caller":"paymentexpiryjob/run.go:27","msg":"worker started","job":"payment-expiry"}
{"level":"info","ts":"2026-08-21T14:32:26.767+0430","caller":"paymentverifyjob/run.go:37","msg":"worker pending payments fetched","job":"payment-verify","count":0}
{"level":"info","ts":"2026-08-21T14:32:26.768+0430","caller":"paymentverifyjob/run.go:119","msg":"worker completed","job":"payment-verify","duration":0.001941042}
{"level":"info","ts":"2026-08-21T14:32:26.768+0430","caller":"paymentexpiryjob/run.go:39","msg":"expired payments fetched","job":"payment-expiry","count":0}
{"level":"info","ts":"2026-08-21T14:32:26.768+0430","caller":"statussyncJob/run.go:39","msg":"processing orders fetched","job":"status-sync","count":0}
{"level":"info","ts":"2026-08-21T14:32:26.768+0430","caller":"paymentexpiryjob/run.go:76","msg":"worker completed","job":"payment-expiry","duration":0.002278585}
{"level":"info","ts":"2026-08-21T14:32:26.768+0430","caller":"statussyncJob/run.go:101","msg":"worker completed","job":"status-sync","duration":0.002356545}
{"level":"info","ts":"2026-08-21T14:33:26.768+0430","caller":"paymentverifyjob/run.go:37","msg":"worker pending payments fetched","job":"payment-verify","count":0}
{"level":"info","ts":"2026-08-21T14:33:26.768+0430","caller":"paymentverifyjob/run.go:119","msg":"worker completed","job":"payment-verify","duration":0.001835439}
{"level":"warn","ts":"2026-08-21T14:33:48.328+0430","caller":"notificationdispatchjob/run.go:73","msg":"send notification failed","notification_id":6,"error":"error do request for method sendMessage, Post \"https://api.telegram.org/bot***/sendMessage\": dial tcp: lookup api.telegram.org on 127.0.0.53:53: read udp 127.0.0.1:48298->127.0.0.53:53: i/o timeout"}
{"level":"info","ts":"2026-08-21T14:34:26.768+0430","caller":"paymentverifyjob/run.go:37","msg":"worker pending payments fetched","job":"payment-verify","count":0}
{"level":"info","ts":"2026-08-21T14:34:26.768+0430","caller":"paymentverifyjob/run.go:119","msg":"worker completed","job":"payment-verify","duration":0.001822388}
{"level":"info","ts":"2026-08-21T14:35:26.768+0430","caller":"paymentverifyjob/run.go:37","msg":"worker pending payments fetched","job":"payment-verify","count":0}
{"level":"info","ts":"2026-08-21T14:35:26.768+0430","caller":"paymentverifyjob/run.go:119","msg":"worker completed","job":"payment-verify","duration":0.002445235}
{"level":"info","ts":"2026-08-21T14:36:26.767+0430","caller":"paymentverifyjob/run.go:37","msg":"worker pending payments fetched","job":"payment-verify","count":0}
{"level":"info","ts":"2026-08-21T14:36:26.767+0430","caller":"paymentverifyjob/run.go:119","msg":"worker completed","job":"payment-verify","duration":0.001833805}
{"level":"info","ts":"2026-08-21T14:37:26.765+0430","caller":"statussyncJob/run.go:25","msg":"worker started","job":"status-sync"}
{"level":"info","ts":"2026-08-21T14:37:26.765+0430","caller":"orderfulfillerjob/run.go:27","msg":"worker started","job":"order-fulfiller"}
{"level":"info","ts":"2026-08-21T14:37:26.765+0430","caller":"paymentexpiryjob/run.go:27","msg":"worker started","job":"payment-expiry"}
{"level":"info","ts":"2026-08-21T14:37:26.765+0430","caller":"notificationdispatchjob/run.go:27","msg":"worker started","job":"notification-dispatch"}
{"level":"info","ts":"2026-08-21T14:37:26.766+0430","caller":"statussyncJob/run.go:39","msg":"processing orders fetched","job":"status-sync","count":0}
{"level":"info","ts":"2026-08-21T14:37:26.766+0430","caller":"paymentexpiryjob/run.go:39","msg":"expired payments fetched","job":"payment-expiry","count":0}
{"level":"info","ts":"2026-08-21T14:37:26.766+0430","caller":"paymentverifyjob/run.go:37","msg":"worker pending payments fetched","job":"payment-verify","count":0}
{"level":"info","ts":"2026-08-21T14:37:26.767+0430","caller":"paymentexpiryjob/run.go:76","msg":"worker completed","job":"payment-expiry","duration":0.001710141}
{"level":"info","ts":"2026-08-21T14:37:26.767+0430","caller":"statussyncJob/run.go:101","msg":"worker completed","job":"status-sync","duration":0.001893816}
{"level":"info","ts":"2026-08-21T14:37:26.767+0430","caller":"paymentverifyjob/run.go:119","msg":"worker completed","job":"payment-verify","duration":0.001787706}
{"level":"info","ts":"2026-08-21T14:38:26.767+0430","caller":"paymentverifyjob/run.go:37","msg":"worker pending payments fetched","job":"payment-verify","count":0}
{"level":"info","ts":"2026-08-21T14:38:26.767+0430","caller":"paymentverifyjob/run.go:119","msg":"worker completed","job":"payment-verify","duration":0.001326264}
{"level":"info","ts":"2026-08-21T14:39:26.767+0430","caller":"paymentverifyjob/run.go:37","msg":"worker pending payments fetched","job":"payment-verify","count":0}
{"level":"info","ts":"2026-08-21T14:39:26.767+0430","caller":"paymentverifyjob/run.go:119","msg":"worker completed","job":"payment-verify","duration":0.001138904}
{"level":"info","ts":"2026-08-21T14:40:26.768+0430","caller":"paymentverifyjob/run.go:37","msg":"worker pending payments fetched","job":"payment-verify","count":0}
{"level":"info","ts":"2026-08-21T14:40:26.768+0430","caller":"paymentverifyjob/run.go:119","msg":"worker completed","job":"payment-verify","duration":0.002194513}
{"level":"info","ts":"2026-08-21T14:41:26.767+0430","caller":"paymentverifyjob/run.go:37","msg":"worker pending payments fetched","job":"payment-verify","count":0}
{"level":"info","ts":"2026-08-21T14:41:26.767+0430","caller":"paymentverifyjob/run.go:119","msg":"worker completed","job":"payment-verify","duration":0.001801295}
{"level":"info","ts":"2026-08-21T14:42:26.766+0430","caller":"statussyncJob/run.go:25","msg":"worker started","job":"status-sync"}
{"level":"info","ts":"2026-08-21T14:42:26.766+0430","caller":"orderfulfillerjob/run.go:27","msg":"worker started","job":"order-fulfiller"}
{"level":"info","ts":"2026-08-21T14:42:26.766+0430","caller":"notificationdispatchjob/run.go:27","msg":"worker started","job":"notification-dispatch"}
{"level":"info","ts":"2026-08-21T14:42:26.766+0430","caller":"paymentexpiryjob/run.go:27","msg":"worker started","job":"payment-expiry"}
{"level":"info","ts":"2026-08-21T14:42:26.767+0430","caller":"paymentexpiryjob/run.go:39","msg":"expired payments fetched","job":"payment-expiry","count":0}
{"level":"info","ts":"2026-08-21T14:42:26.767+0430","caller":"paymentexpiryjob/run.go:76","msg":"worker completed","job":"payment-expiry","duration":0.001171979}
{"level":"info","ts":"2026-08-21T14:42:26.767+0430","caller":"paymentverifyjob/run.go:37","msg":"worker pending payments fetched","job":"payment-verify","count":0}
{"level":"info","ts":"2026-08-21T14:42:26.767+0430","caller":"paymentverifyjob/run.go:119","msg":"worker completed","job":"payment-verify","duration":0.001486833}
{"level":"info","ts":"2026-08-21T14:42:26.767+0430","caller":"statussyncJob/run.go:39","msg":"processing orders fetched","job":"status-sync","count":0}
{"level":"info","ts":"2026-08-21T14:42:26.767+0430","caller":"statussyncJob/run.go:101","msg":"worker completed","job":"status-sync","duration":0.001541989}
{"level":"info","ts":"2026-08-21T14:43:26.768+0430","caller":"paymentverifyjob/run.go:37","msg":"worker pending payments fetched","job":"payment-verify","count":0}
{"level":"info","ts":"2026-08-21T14:43:26.768+0430","caller":"paymentverifyjob/run.go:119","msg":"worker completed","job":"payment-verify","duration":0.001963134}
{"level":"info","ts":"2026-08-21T14:44:26.767+0430","caller":"paymentverifyjob/run.go:37","msg":"worker pending payments fetched","job":"payment-verify","count":0}
{"level":"info","ts":"2026-08-21T14:44:26.767+0430","caller":"paymentverifyjob/run.go:119","msg":"worker completed","job":"payment-verify","duration":0.001614754}
{"level":"info","ts":"2026-08-21T14:45:26.767+0430","caller":"paymentverifyjob/run.go:37","msg":"worker pending payments fetched","job":"payment-verify","count":0}
{"level":"info","ts":"2026-08-21T14:45:26.767+0430","caller":"paymentverifyjob/run.go:119","msg":"worker completed","job":"payment-verify","duration":0.001250881}
{"level":"info","ts":"2026-08-21T14:46:26.768+0430","caller":"paymentverifyjob/run.go:37","msg":"worker pending payments fetched","job":"payment-verify","count":0}
{"level":"info","ts":"2026-08-21T14:46:26.768+0430","caller":"paymentverifyjob/run.go:119","msg":"worker completed","job":"payment-verify","duration":0.002231371}
{"level":"info","ts":"2026-08-21T14:47:26.766+0430","caller":"statussyncJob/run.go:25","msg":"worker started","job":"status-sync"}
{"level":"info","ts":"2026-08-21T14:47:26.766+0430","caller":"orderfulfillerjob/run.go:27","msg":"worker started","job":"order-fulfiller"}
{"level":"info","ts":"2026-08-21T14:47:26.766+0430","caller":"notificationdispatchjob/run.go:27","msg":"worker started","job":"notification-dispatch"}
{"level":"info","ts":"2026-08-21T14:47:26.766+0430","caller":"paymentexpiryjob/run.go:27","msg":"worker started","job":"payment-expiry"}
{"level":"info","ts":"2026-08-21T14:47:26.767+0430","caller":"paymentexpiryjob/run.go:39","msg":"expired payments fetched","job":"payment-expiry","count":0}
{"level":"info","ts":"2026-08-21T14:47:26.767+0430","caller":"statussyncJob/run.go:39","msg":"processing orders fetched","job":"status-sync","count":0}
{"level":"info","ts":"2026-08-21T14:47:26.767+0430","caller":"paymentverifyjob/run.go:37","msg":"worker pending payments fetched","job":"payment-verify","count":0}
{"level":"info","ts":"2026-08-21T14:47:26.767+0430","caller":"paymentexpiryjob/run.go:76","msg":"worker completed","job":"payment-expiry","duration":0.001286779}
{"level":"info","ts":"2026-08-21T14:47:26.767+0430","caller":"paymentverifyjob/run.go:119","msg":"worker completed","job":"payment-verify","duration":0.001235131}
{"level":"info","ts":"2026-08-21T14:47:26.767+0430","caller":"statussyncJob/run.go:101","msg":"worker completed","job":"status-sync","duration":0.001617786}
{"level":"info","ts":"2026-08-21T14:48:26.767+0430","caller":"paymentverifyjob/run.go:37","msg":"worker pending payments fetched","job":"payment-verify","count":0}
{"level":"info","ts":"2026-08-21T14:48:26.767+0430","caller":"paymentverifyjob/run.go:119","msg":"worker completed","job":"payment-verify","duration":0.001524}
{"level":"info","ts":"2026-08-21T14:49:26.768+0430","caller":"paymentverifyjob/run.go:37","msg":"worker pending payments fetched","job":"payment-verify","count":0}
{"level":"info","ts":"2026-08-21T14:49:26.768+0430","caller":"paymentverifyjob/run.go:119","msg":"worker completed","job":"payment-verify","duration":0.002323039}
{"level":"info","ts":"2026-08-21T14:50:26.767+0430","caller":"paymentverifyjob/run.go:37","msg":"worker pending payments fetched","job":"payment-verify","count":0}
{"level":"info","ts":"2026-08-21T14:50:26.767+0430","caller":"paymentverifyjob/run.go:119","msg":"worker completed","job":"payment-verify","duration":0.001258787}
{"level":"info","ts":"2026-08-21T14:51:26.767+0430","caller":"paymentverifyjob/run.go:37","msg":"worker pending payments fetched","job":"payment-verify","count":0}
{"level":"info","ts":"2026-08-21T14:51:26.767+0430","caller":"paymentverifyjob/run.go:119","msg":"worker completed","job":"payment-verify","duration":0.000965535}
{"level":"info","ts":"2026-08-21T14:52:26.766+0430","caller":"notificationdispatchjob/run.go:27","msg":"worker started","job":"notification-dispatch"}
{"level":"info","ts":"2026-08-21T14:52:26.766+0430","caller":"paymentexpiryjob/run.go:27","msg":"worker started","job":"payment-expiry"}
{"level":"info","ts":"2026-08-21T14:52:26.767+0430","caller":"orderfulfillerjob/run.go:27","msg":"worker started","job":"order-fulfiller"}
{"level":"info","ts":"2026-08-21T14:52:26.767+0430","caller":"statussyncJob/run.go:25","msg":"worker started","job":"status-sync"}
{"level":"info","ts":"2026-08-21T14:52:26.768+0430","caller":"paymentexpiryjob/run.go:39","msg":"expired payments fetched","job":"payment-expiry","count":0}
{"level":"info","ts":"2026-08-21T14:52:26.769+0430","caller":"paymentexpiryjob/run.go:76","msg":"worker completed","job":"payment-expiry","duration":0.002491341}
{"level":"info","ts":"2026-08-21T14:52:26.769+0430","caller":"paymentverifyjob/run.go:37","msg":"worker pending payments fetched","job":"payment-verify","count":0}
{"level":"info","ts":"2026-08-21T14:52:26.769+0430","caller":"paymentverifyjob/run.go:119","msg":"worker completed","job":"payment-verify","duration":0.002379591}
{"level":"info","ts":"2026-08-21T14:52:26.769+0430","caller":"statussyncJob/run.go:39","msg":"processing orders fetched","job":"status-sync","count":0}
{"level":"info","ts":"2026-08-21T14:52:26.769+0430","caller":"statussyncJob/run.go:101","msg":"worker completed","job":"status-sync","duration":0.002194203}
{"level":"info","ts":"2026-08-21T14:53:26.766+0430","caller":"paymentverifyjob/run.go:37","msg":"worker pending payments fetched","job":"payment-verify","count":0}
{"level":"info","ts":"2026-08-21T14:53:26.766+0430","caller":"paymentverifyjob/run.go:119","msg":"worker completed","job":"payment-verify","duration":0.000623891}
{"level":"info","ts":"2026-08-21T14:54:26.767+0430","caller":"paymentverifyjob/run.go:37","msg":"worker pending payments fetched","job":"payment-verify","count":0}
{"level":"info","ts":"2026-08-21T14:54:26.767+0430","caller":"paymentverifyjob/run.go:119","msg":"worker completed","job":"payment-verify","duration":0.001195245}
{"level":"info","ts":"2026-08-21T14:55:26.767+0430","caller":"paymentverifyjob/run.go:37","msg":"worker pending payments fetched","job":"payment-verify","count":0}
{"level":"info","ts":"2026-08-21T14:55:26.767+0430","caller":"paymentverifyjob/run.go:119","msg":"worker completed","job":"payment-verify","duration":0.001020999}
{"level":"info","ts":"2026-08-21T14:56:26.768+0430","caller":"paymentverifyjob/run.go:37","msg":"worker pending payments fetched","job":"payment-verify","count":0}
{"level":"info","ts":"2026-08-21T14:56:26.768+0430","caller":"paymentverifyjob/run.go:119","msg":"worker completed","job":"payment-verify","duration":0.001486399}
{"level":"info","ts":"2026-08-21T14:57:26.765+0430","caller":"statussyncJob/run.go:25","msg":"worker started","job":"status-sync"}
{"level":"info","ts":"2026-08-21T14:57:26.765+0430","caller":"paymentexpiryjob/run.go:27","msg":"worker started","job":"payment-expiry"}
{"level":"info","ts":"2026-08-21T14:57:26.766+0430","caller":"orderfulfillerjob/run.go:27","msg":"worker started","job":"order-fulfiller"}
{"level":"info","ts":"2026-08-21T14:57:26.766+0430","caller":"notificationdispatchjob/run.go:27","msg":"worker started","job":"notification-dispatch"}
{"level":"info","ts":"2026-08-21T14:57:26.767+0430","caller":"paymentverifyjob/run.go:37","msg":"worker pending payments fetched","job":"payment-verify","count":0}
{"level":"info","ts":"2026-08-21T14:57:26.767+0430","caller":"statussyncJob/run.go:39","msg":"processing orders fetched","job":"status-sync","count":0}
{"level":"info","ts":"2026-08-21T14:57:26.767+0430","caller":"paymentexpiryjob/run.go:39","msg":"expired payments fetched","job":"payment-expiry","count":0}
{"level":"info","ts":"2026-08-21T14:57:26.767+0430","caller":"paymentverifyjob/run.go:119","msg":"worker completed","job":"payment-verify","duration":0.001640386}
{"level":"info","ts":"2026-08-21T14:57:26.767+0430","caller":"statussyncJob/run.go:101","msg":"worker completed","job":"status-sync","duration":0.001698864}
{"level":"info","ts":"2026-08-21T14:57:26.767+0430","caller":"paymentexpiryjob/run.go:76","msg":"worker completed","job":"payment-expiry","duration":0.001694017}
{"level":"info","ts":"2026-08-21T14:58:26.766+0430","caller":"paymentverifyjob/run.go:37","msg":"worker pending payments fetched","job":"payment-verify","count":0}
{"level":"info","ts":"2026-08-21T14:58:26.766+0430","caller":"paymentverifyjob/run.go:119","msg":"worker completed","job":"payment-verify","duration":0.001362822}
{"level":"info","ts":"2026-08-21T14:59:26.767+0430","caller":"paymentverifyjob/run.go:37","msg":"worker pending payments fetched","job":"payment-verify","count":0}
{"level":"info","ts":"2026-08-21T14:59:26.767+0430","caller":"paymentverifyjob/run.go:119","msg":"worker completed","job":"payment-verify","duration":0.001400921}
{"level":"info","ts":"2026-08-21T15:00:26.766+0430","caller":"paymentverifyjob/run.go:37","msg":"worker pending payments fetched","job":"payment-verify","count":0}
{"level":"info","ts":"2026-08-21T15:00:26.767+0430","caller":"paymentverifyjob/run.go:119","msg":"worker completed","job":"payment-verify","duration":0.001345628}
{"level":"info","ts":"2026-08-21T15:01:26.767+0430","caller":"paymentverifyjob/run.go:37","msg":"worker pending payments fetched","job":"payment-verify","count":0}
{"level":"info","ts":"2026-08-21T15:01:26.767+0430","caller":"paymentverifyjob/run.go:119","msg":"worker completed","job":"payment-verify","duration":0.001191106}
{"level":"info","ts":"2026-08-21T15:02:26.765+0430","caller":"statussyncJob/run.go:25","msg":"worker started","job":"status-sync"}
{"level":"info","ts":"2026-08-21T15:02:26.765+0430","caller":"paymentexpiryjob/run.go:27","msg":"worker started","job":"payment-expiry"}
{"level":"info","ts":"2026-08-21T15:02:26.765+0430","caller":"orderfulfillerjob/run.go:27","msg":"worker started","job":"order-fulfiller"}
{"level":"info","ts":"2026-08-21T15:02:26.765+0430","caller":"notificationdispatchjob/run.go:27","msg":"worker started","job":"notification-dispatch"}
{"level":"info","ts":"2026-08-21T15:02:26.767+0430","caller":"statussyncJob/run.go:39","msg":"processing orders fetched","job":"status-sync","count":0}
{"level":"info","ts":"2026-08-21T15:02:26.767+0430","caller":"statussyncJob/run.go:101","msg":"worker completed","job":"status-sync","duration":0.00144627}
{"level":"info","ts":"2026-08-21T15:02:26.767+0430","caller":"paymentverifyjob/run.go:37","msg":"worker pending payments fetched","job":"payment-verify","count":0}
{"level":"info","ts":"2026-08-21T15:02:26.767+0430","caller":"paymentverifyjob/run.go:119","msg":"worker completed","job":"payment-verify","duration":0.001331878}
{"level":"info","ts":"2026-08-21T15:02:26.767+0430","caller":"paymentexpiryjob/run.go:39","msg":"expired payments fetched","job":"payment-expiry","count":0}
{"level":"info","ts":"2026-08-21T15:02:26.767+0430","caller":"paymentexpiryjob/run.go:76","msg":"worker completed","job":"payment-expiry","duration":0.001349912}
{"level":"info","ts":"2026-08-21T15:03:26.767+0430","caller":"paymentverifyjob/run.go:37","msg":"worker pending payments fetched","job":"payment-verify","count":0}
{"level":"info","ts":"2026-08-21T15:03:26.767+0430","caller":"paymentverifyjob/run.go:119","msg":"worker completed","job":"payment-verify","duration":0.001031602}
{"level":"info","ts":"2026-08-21T15:04:26.767+0430","caller":"paymentverifyjob/run.go:37","msg":"worker pending payments fetched","job":"payment-verify","count":0}
{"level":"info","ts":"2026-08-21T15:04:26.767+0430","caller":"paymentverifyjob/run.go:119","msg":"worker completed","job":"payment-verify","duration":0.002366626}
{"level":"info","ts":"2026-08-21T15:05:26.767+0430","caller":"paymentverifyjob/run.go:37","msg":"worker pending payments fetched","job":"payment-verify","count":0}
{"level":"info","ts":"2026-08-21T15:05:26.767+0430","caller":"paymentverifyjob/run.go:119","msg":"worker completed","job":"payment-verify","duration":0.001188161}
{"level":"info","ts":"2026-08-21T15:06:26.767+0430","caller":"paymentverifyjob/run.go:37","msg":"worker pending payments fetched","job":"payment-verify","count":0}
{"level":"info","ts":"2026-08-21T15:06:26.767+0430","caller":"paymentverifyjob/run.go:119","msg":"worker completed","job":"payment-verify","duration":0.001044654}
{"level":"info","ts":"2026-08-21T15:07:26.765+0430","caller":"notificationdispatchjob/run.go:27","msg":"worker started","job":"notification-dispatch"}
{"level":"info","ts":"2026-08-21T15:07:26.765+0430","caller":"paymentexpiryjob/run.go:27","msg":"worker started","job":"payment-expiry"}
{"level":"info","ts":"2026-08-21T15:07:26.766+0430","caller":"orderfulfillerjob/run.go:27","msg":"worker started","job":"order-fulfiller"}
{"level":"info","ts":"2026-08-21T15:07:26.766+0430","caller":"statussyncJob/run.go:25","msg":"worker started","job":"status-sync"}
{"level":"info","ts":"2026-08-21T15:07:26.767+0430","caller":"paymentverifyjob/run.go:37","msg":"worker pending payments fetched","job":"payment-verify","count":0}
{"level":"info","ts":"2026-08-21T15:07:26.767+0430","caller":"paymentexpiryjob/run.go:39","msg":"expired payments fetched","job":"payment-expiry","count":0}
{"level":"info","ts":"2026-08-21T15:07:26.767+0430","caller":"paymentverifyjob/run.go:119","msg":"worker completed","job":"payment-verify","duration":0.001108993}
{"level":"info","ts":"2026-08-21T15:07:26.767+0430","caller":"paymentexpiryjob/run.go:76","msg":"worker completed","job":"payment-expiry","duration":0.001267453}
{"level":"info","ts":"2026-08-21T15:07:26.767+0430","caller":"statussyncJob/run.go:39","msg":"processing orders fetched","job":"status-sync","count":0}
{"level":"info","ts":"2026-08-21T15:07:26.767+0430","caller":"statussyncJob/run.go:101","msg":"worker completed","job":"status-sync","duration":0.001232999}
{"level":"info","ts":"2026-08-21T15:08:26.767+0430","caller":"paymentverifyjob/run.go:37","msg":"worker pending payments fetched","job":"payment-verify","count":0}
{"level":"info","ts":"2026-08-21T15:08:26.767+0430","caller":"paymentverifyjob/run.go:119","msg":"worker completed","job":"payment-verify","duration":0.00174038}
{"level":"info","ts":"2026-08-21T15:09:26.768+0430","caller":"paymentverifyjob/run.go:37","msg":"worker pending payments fetched","job":"payment-verify","count":0}
{"level":"info","ts":"2026-08-21T15:09:26.768+0430","caller":"paymentverifyjob/run.go:119","msg":"worker completed","job":"payment-verify","duration":0.00167313}
{"level":"info","ts":"2026-08-21T15:10:26.767+0430","caller":"paymentverifyjob/run.go:37","msg":"worker pending payments fetched","job":"payment-verify","count":0}
{"level":"info","ts":"2026-08-21T15:10:26.768+0430","caller":"paymentverifyjob/run.go:119","msg":"worker completed","job":"payment-verify","duration":0.001395335}
{"level":"info","ts":"2026-08-21T15:11:26.766+0430","caller":"paymentverifyjob/run.go:37","msg":"worker pending payments fetched","job":"payment-verify","count":0}
{"level":"info","ts":"2026-08-21T15:11:26.768+0430","caller":"paymentverifyjob/run.go:119","msg":"worker completed","job":"payment-verify","duration":0.003087758}
{"level":"info","ts":"2026-08-21T15:12:26.766+0430","caller":"paymentexpiryjob/run.go:27","msg":"worker started","job":"payment-expiry"}
{"level":"info","ts":"2026-08-21T15:12:26.766+0430","caller":"orderfulfillerjob/run.go:27","msg":"worker started","job":"order-fulfiller"}
{"level":"info","ts":"2026-08-21T15:12:26.766+0430","caller":"statussyncJob/run.go:25","msg":"worker started","job":"status-sync"}
{"level":"info","ts":"2026-08-21T15:12:26.766+0430","caller":"notificationdispatchjob/run.go:27","msg":"worker started","job":"notification-dispatch"}
{"level":"info","ts":"2026-08-21T15:12:26.766+0430","caller":"paymentexpiryjob/run.go:39","msg":"expired payments fetched","job":"payment-expiry","count":0}
{"level":"info","ts":"2026-08-21T15:12:26.766+0430","caller":"paymentexpiryjob/run.go:76","msg":"worker completed","job":"payment-expiry","duration":0.000942091}
{"level":"info","ts":"2026-08-21T15:12:26.767+0430","caller":"paymentverifyjob/run.go:37","msg":"worker pending payments fetched","job":"payment-verify","count":0}
{"level":"info","ts":"2026-08-21T15:12:26.767+0430","caller":"paymentverifyjob/run.go:119","msg":"worker completed","job":"payment-verify","duration":0.00119689}
{"level":"info","ts":"2026-08-21T15:12:26.767+0430","caller":"statussyncJob/run.go:39","msg":"processing orders fetched","job":"status-sync","count":0}
{"level":"info","ts":"2026-08-21T15:12:26.767+0430","caller":"statussyncJob/run.go:101","msg":"worker completed","job":"status-sync","duration":0.001357029}
{"level":"info","ts":"2026-08-21T15:13:26.768+0430","caller":"paymentverifyjob/run.go:37","msg":"worker pending payments fetched","job":"payment-verify","count":0}
{"level":"info","ts":"2026-08-21T15:13:26.769+0430","caller":"paymentverifyjob/run.go:119","msg":"worker completed","job":"payment-verify","duration":0.002153341}
{"level":"info","ts":"2026-08-21T15:14:26.767+0430","caller":"paymentverifyjob/run.go:37","msg":"worker pending payments fetched","job":"payment-verify","count":0}
{"level":"info","ts":"2026-08-21T15:14:26.767+0430","caller":"paymentverifyjob/run.go:119","msg":"worker completed","job":"payment-verify","duration":0.001102648}
{"level":"info","ts":"2026-08-21T15:15:26.766+0430","caller":"paymentverifyjob/run.go:37","msg":"worker pending payments fetched","job":"payment-verify","count":0}
{"level":"info","ts":"2026-08-21T15:15:26.767+0430","caller":"paymentverifyjob/run.go:119","msg":"worker completed","job":"payment-verify","duration":0.001118652}
{"level":"info","ts":"2026-08-21T15:16:26.766+0430","caller":"paymentverifyjob/run.go:37","msg":"worker pending payments fetched","job":"payment-verify","count":0}
{"level":"info","ts":"2026-08-21T15:16:26.766+0430","caller":"paymentverifyjob/run.go:119","msg":"worker completed","job":"payment-verify","duration":0.001078798}
{"level":"info","ts":"2026-08-21T15:17:26.765+0430","caller":"statussyncJob/run.go:25","msg":"worker started","job":"status-sync"}
{"level":"info","ts":"2026-08-21T15:17:26.765+0430","caller":"orderfulfillerjob/run.go:27","msg":"worker started","job":"order-fulfiller"}
{"level":"info","ts":"2026-08-21T15:17:26.765+0430","caller":"paymentexpiryjob/run.go:27","msg":"worker started","job":"payment-expiry"}
{"level":"info","ts":"2026-08-21T15:17:26.765+0430","caller":"notificationdispatchjob/run.go:27","msg":"worker started","job":"notification-dispatch"}
{"level":"info","ts":"2026-08-21T15:17:26.766+0430","caller":"paymentverifyjob/run.go:37","msg":"worker pending payments fetched","job":"payment-verify","count":0}
{"level":"info","ts":"2026-08-21T15:17:26.766+0430","caller":"paymentverifyjob/run.go:119","msg":"worker completed","job":"payment-verify","duration":0.000722761}
{"level":"info","ts":"2026-08-21T15:17:26.766+0430","caller":"paymentexpiryjob/run.go:39","msg":"expired payments fetched","job":"payment-expiry","count":0}
{"level":"info","ts":"2026-08-21T15:17:26.766+0430","caller":"paymentexpiryjob/run.go:76","msg":"worker completed","job":"payment-expiry","duration":0.000600337}
{"level":"info","ts":"2026-08-21T15:17:26.766+0430","caller":"statussyncJob/run.go:39","msg":"processing orders fetched","job":"status-sync","count":0}
{"level":"info","ts":"2026-08-21T15:17:26.766+0430","caller":"statussyncJob/run.go:101","msg":"worker completed","job":"status-sync","duration":0.001095622}
{"level":"info","ts":"2026-08-21T15:18:26.767+0430","caller":"paymentverifyjob/run.go:37","msg":"worker pending payments fetched","job":"payment-verify","count":0}
{"level":"info","ts":"2026-08-21T15:18:26.767+0430","caller":"paymentverifyjob/run.go:119","msg":"worker completed","job":"payment-verify","duration":0.001228713}
{"level":"info","ts":"2026-08-21T15:19:26.766+0430","caller":"paymentverifyjob/run.go:37","msg":"worker pending payments fetched","job":"payment-verify","count":0}
{"level":"info","ts":"2026-08-21T15:19:26.766+0430","caller":"paymentverifyjob/run.go:119","msg":"worker completed","job":"payment-verify","duration":0.001161207}
{"level":"info","ts":"2026-08-21T15:19:43.764+0430","caller":"httpserver/server.go:56","msg":"http server shutting down"}
{"level":"error","ts":"2026-08-21T15:19:54.080+0430","caller":"app/lifecycle.go:48","msg":"scheduler server shutdown error","error":"gocron: timed out waiting for jobs to finish","stacktrace":"telegram-service-platform/app.(*App).Shutdown\n\t/home/prince/bots/telegram-service-platform/app/lifecycle.go:48\nmain.main\n\t/home/prince/bots/telegram-service-platform/cmd/bot/main.go:51\nruntime.main\n\t/snap/go/11227/src/runtime/proc.go:290"}
{"level":"info","ts":"2026-08-21T15:20:21.915+0430","caller":"scheduler/register.go:15","msg":"scheduler register start"}
{"level":"info","ts":"2026-08-21T15:20:21.915+0430","caller":"scheduler/register.go:48","msg":"job registered","job":"payment-verify","interval":60}
{"level":"info","ts":"2026-08-21T15:20:21.915+0430","caller":"scheduler/register.go:48","msg":"job registered","job":"order-fulfiller","interval":300}
{"level":"info","ts":"2026-08-21T15:20:21.915+0430","caller":"scheduler/register.go:48","msg":"job registered","job":"status-sync","interval":300}
{"level":"info","ts":"2026-08-21T15:20:21.915+0430","caller":"scheduler/register.go:48","msg":"job registered","job":"payment-expiry","interval":300}
{"level":"info","ts":"2026-08-21T15:20:21.915+0430","caller":"scheduler/register.go:48","msg":"job registered","job":"notification-dispatch","interval":300}
{"level":"info","ts":"2026-08-21T15:20:21.916+0430","caller":"scheduler/register.go:48","msg":"job registered","job":"smm-validation","interval":43200}
{"level":"info","ts":"2026-08-21T15:20:21.916+0430","caller":"httpserver/server.go:44","msg":"http server starting","port":8183}
{"level":"info","ts":"2026-08-21T15:20:21.916+0430","caller":"paymentexpiryjob/run.go:27","msg":"worker started","job":"payment-expiry"}
{"level":"info","ts":"2026-08-21T15:20:21.916+0430","caller":"statussyncJob/run.go:25","msg":"worker started","job":"status-sync"}
{"level":"info","ts":"2026-08-21T15:20:21.916+0430","caller":"smmvalidationjob/run.go:24","msg":"SMM validation job started","job":"smm-validation"}
{"level":"info","ts":"2026-08-21T15:20:21.917+0430","caller":"orderfulfillerjob/run.go:27","msg":"worker started","job":"order-fulfiller"}
{"level":"info","ts":"2026-08-21T15:20:21.917+0430","caller":"notificationdispatchjob/run.go:27","msg":"worker started","job":"notification-dispatch"}
{"level":"info","ts":"2026-08-21T15:20:21.925+0430","caller":"paymentexpiryjob/run.go:39","msg":"expired payments fetched","job":"payment-expiry","count":0}
{"level":"info","ts":"2026-08-21T15:20:21.925+0430","caller":"paymentexpiryjob/run.go:76","msg":"worker completed","job":"payment-expiry","duration":0.008756814}
{"level":"info","ts":"2026-08-21T15:20:21.927+0430","caller":"paymentverifyjob/run.go:37","msg":"worker pending payments fetched","job":"payment-verify","count":0}
{"level":"info","ts":"2026-08-21T15:20:21.927+0430","caller":"paymentverifyjob/run.go:119","msg":"worker completed","job":"payment-verify","duration":0.008236878}
{"level":"info","ts":"2026-08-21T15:20:21.928+0430","caller":"statussyncJob/run.go:39","msg":"processing orders fetched","job":"status-sync","count":0}
{"level":"info","ts":"2026-08-21T15:20:21.928+0430","caller":"statussyncJob/run.go:101","msg":"worker completed","job":"status-sync","duration":0.011870904}
{"level":"warn","ts":"2026-08-21T15:20:23.593+0430","caller":"smmvalidationjob/run.go:58","msg":"SMM validation found missing services, admin notified","missing_count":8,"job":"smm-validation"}
{"level":"warn","ts":"2026-08-21T15:20:23.790+0430","caller":"notificationdispatchjob/run.go:73","msg":"send notification failed","notification_id":1,"error":"bad request, Bad Request: chat not found"}
{"level":"info","ts":"2026-08-21T15:21:21.919+0430","caller":"paymentverifyjob/run.go:37","msg":"worker pending payments fetched","job":"payment-verify","count":0}
{"level":"info","ts":"2026-08-21T15:21:21.919+0430","caller":"paymentverifyjob/run.go:119","msg":"worker completed","job":"payment-verify","duration":0.001851006}
{"level":"info","ts":"2026-08-21T15:21:25.567+0430","caller":"checkoutservice/processManualWalletRecharge.go:22","msg":"checkout manual recharge started","user_id":1,"amount":10000}
{"level":"error","ts":"2026-08-21T15:21:25.569+0430","caller":"checkoutservice/processManualWalletRecharge.go:39","msg":"checkout manual recharge failed","error":"idempotency already processing","user_id":1,"latency":0.001842876,"stacktrace":"telegram-service-platform/service/checkoutservice.(*Service).ProcessManualWalletRecharge\n\t/home/prince/bots/telegram-service-platform/service/checkoutservice/processManualWalletRecharge.go:39\ntelegram-service-platform/delivery/telegramserver/handler/adminhandler.(*Handler).Recharge\n\t/home/prince/bots/telegram-service-platform/delivery/telegramserver/handler/adminhandler/recharge.go:81\ntelegram-service-platform/delivery/telegramserver/handler/adminhandler.(*Handler).middlewares.AdminAuth.func1.1\n\t/home/prince/bots/telegram-service-platform/delivery/telegramserver/middleware/admin_auth.go:44\ntelegram-service-platform/delivery/telegramserver/handler/adminhandler.(*Handler).middlewares.Public.Recover.func3.1\n\t/home/prince/bots/telegram-service-platform/delivery/telegramserver/middleware/recover.go:36\ntelegram-service-platform/delivery/telegramserver/handler/adminhandler.(*Handler).middlewares.Public.Logger.func2.1\n\t/home/prince/bots/telegram-service-platform/delivery/telegramserver/middleware/logger.go:46"}
{"level":"error","ts":"2026-08-21T15:21:25.569+0430","caller":"adminhandler/recharge.go:89","msg":"recharge failed","op":"adminhandler.Recharge","user_id":1,"amount":10000,"error":"idempotency already processing","stacktrace":"telegram-service-platform/delivery/telegramserver/handler/adminhandler.(*Handler).Recharge\n\t/home/prince/bots/telegram-service-platform/delivery/telegramserver/handler/adminhandler/recharge.go:89\ntelegram-service-platform/delivery/telegramserver/handler/adminhandler.(*Handler).middlewares.AdminAuth.func1.1\n\t/home/prince/bots/telegram-service-platform/delivery/telegramserver/middleware/admin_auth.go:44\ntelegram-service-platform/delivery/telegramserver/handler/adminhandler.(*Handler).middlewares.Public.Recover.func3.1\n\t/home/prince/bots/telegram-service-platform/delivery/telegramserver/middleware/recover.go:36\ntelegram-service-platform/delivery/telegramserver/handler/adminhandler.(*Handler).middlewares.Public.Logger.func2.1\n\t/home/prince/bots/telegram-service-platform/delivery/telegramserver/middleware/logger.go:46"}
{"level":"info","ts":"2026-08-21T15:22:21.919+0430","caller":"paymentverifyjob/run.go:37","msg":"worker pending payments fetched","job":"payment-verify","count":0}
{"level":"info","ts":"2026-08-21T15:22:21.919+0430","caller":"paymentverifyjob/run.go:119","msg":"worker completed","job":"payment-verify","duration":0.001945506}
{"level":"info","ts":"2026-08-21T15:23:21.918+0430","caller":"paymentverifyjob/run.go:37","msg":"worker pending payments fetched","job":"payment-verify","count":0}
{"level":"info","ts":"2026-08-21T15:23:21.918+0430","caller":"paymentverifyjob/run.go:119","msg":"worker completed","job":"payment-verify","duration":0.001740246}
{"level":"info","ts":"2026-08-21T15:24:21.918+0430","caller":"paymentverifyjob/run.go:37","msg":"worker pending payments fetched","job":"payment-verify","count":0}
{"level":"info","ts":"2026-08-21T15:24:21.918+0430","caller":"paymentverifyjob/run.go:119","msg":"worker completed","job":"payment-verify","duration":0.000979319}
{"level":"info","ts":"2026-08-21T15:24:30.420+0430","caller":"checkoutservice/processManualWalletRecharge.go:22","msg":"checkout manual recharge started","user_id":1,"amount":10000}
{"level":"error","ts":"2026-08-21T15:24:30.422+0430","caller":"checkoutservice/processManualWalletRecharge.go:39","msg":"checkout manual recharge failed","error":"idempotency already processing","user_id":1,"latency":0.002115627,"stacktrace":"telegram-service-platform/service/checkoutservice.(*Service).ProcessManualWalletRecharge\n\t/home/prince/bots/telegram-service-platform/service/checkoutservice/processManualWalletRecharge.go:39\ntelegram-service-platform/delivery/telegramserver/handler/adminhandler.(*Handler).Recharge\n\t/home/prince/bots/telegram-service-platform/delivery/telegramserver/handler/adminhandler/recharge.go:81\ntelegram-service-platform/delivery/telegramserver/handler/adminhandler.(*Handler).middlewares.AdminAuth.func1.1\n\t/home/prince/bots/telegram-service-platform/delivery/telegramserver/middleware/admin_auth.go:44\ntelegram-service-platform/delivery/telegramserver/handler/adminhandler.(*Handler).middlewares.Public.Recover.func3.1\n\t/home/prince/bots/telegram-service-platform/delivery/telegramserver/middleware/recover.go:36\ntelegram-service-platform/delivery/telegramserver/handler/adminhandler.(*Handler).middlewares.Public.Logger.func2.1\n\t/home/prince/bots/telegram-service-platform/delivery/telegramserver/middleware/logger.go:46"}
{"level":"error","ts":"2026-08-21T15:24:30.422+0430","caller":"adminhandler/recharge.go:89","msg":"recharge failed","op":"adminhandler.Recharge","user_id":1,"amount":10000,"error":"idempotency already processing","stacktrace":"telegram-service-platform/delivery/telegramserver/handler/adminhandler.(*Handler).Recharge\n\t/home/prince/bots/telegram-service-platform/delivery/telegramserver/handler/adminhandler/recharge.go:89\ntelegram-service-platform/delivery/telegramserver/handler/adminhandler.(*Handler).middlewares.AdminAuth.func1.1\n\t/home/prince/bots/telegram-service-platform/delivery/telegramserver/middleware/admin_auth.go:44\ntelegram-service-platform/delivery/telegramserver/handler/adminhandler.(*Handler).middlewares.Public.Recover.func3.1\n\t/home/prince/bots/telegram-service-platform/delivery/telegramserver/middleware/recover.go:36\ntelegram-service-platform/delivery/telegramserver/handler/adminhandler.(*Handler).middlewares.Public.Logger.func2.1\n\t/home/prince/bots/telegram-service-platform/delivery/telegramserver/middleware/logger.go:46"}
{"level":"info","ts":"2026-08-21T15:25:21.916+0430","caller":"notificationdispatchjob/run.go:27","msg":"worker started","job":"notification-dispatch"}
{"level":"info","ts":"2026-08-21T15:25:21.916+0430","caller":"orderfulfillerjob/run.go:27","msg":"worker started","job":"order-fulfiller"}
{"level":"info","ts":"2026-08-21T15:25:21.917+0430","caller":"statussyncJob/run.go:25","msg":"worker started","job":"status-sync"}
{"level":"info","ts":"2026-08-21T15:25:21.917+0430","caller":"paymentexpiryjob/run.go:27","msg":"worker started","job":"payment-expiry"}
{"level":"info","ts":"2026-08-21T15:25:21.917+0430","caller":"paymentverifyjob/run.go:37","msg":"worker pending payments fetched","job":"payment-verify","count":0}
{"level":"info","ts":"2026-08-21T15:25:21.917+0430","caller":"paymentverifyjob/run.go:119","msg":"worker completed","job":"payment-verify","duration":0.00135865}
{"level":"info","ts":"2026-08-21T15:25:21.918+0430","caller":"paymentexpiryjob/run.go:39","msg":"expired payments fetched","job":"payment-expiry","count":0}
{"level":"info","ts":"2026-08-21T15:25:21.918+0430","caller":"paymentexpiryjob/run.go:76","msg":"worker completed","job":"payment-expiry","duration":0.001050406}
{"level":"info","ts":"2026-08-21T15:25:21.919+0430","caller":"statussyncJob/run.go:39","msg":"processing orders fetched","job":"status-sync","count":0}
{"level":"info","ts":"2026-08-21T15:25:21.919+0430","caller":"statussyncJob/run.go:101","msg":"worker completed","job":"status-sync","duration":0.002716183}
{"level":"info","ts":"2026-08-21T15:26:21.918+0430","caller":"paymentverifyjob/run.go:37","msg":"worker pending payments fetched","job":"payment-verify","count":0}
{"level":"info","ts":"2026-08-21T15:26:21.918+0430","caller":"paymentverifyjob/run.go:119","msg":"worker completed","job":"payment-verify","duration":0.001306178}
{"level":"info","ts":"2026-08-21T15:26:53.342+0430","caller":"httpserver/server.go:56","msg":"http server shutting down"}
{"level":"error","ts":"2026-08-21T15:26:53.628+0430","caller":"app/lifecycle.go:42","msg":"telegram server shutdown error","error":"too many requests, Too Many Requests: retry after 208: retry_after 208","stacktrace":"telegram-service-platform/app.(*App).Shutdown\n\t/home/prince/bots/telegram-service-platform/app/lifecycle.go:42\nmain.main\n\t/home/prince/bots/telegram-service-platform/cmd/bot/main.go:51\nruntime.main\n\t/snap/go/11227/src/runtime/proc.go:290"}
{"level":"info","ts":"2026-08-21T15:35:32.779+0430","caller":"scheduler/register.go:15","msg":"scheduler register start"}
{"level":"info","ts":"2026-08-21T15:35:32.779+0430","caller":"scheduler/register.go:48","msg":"job registered","job":"payment-verify","interval":60}
{"level":"info","ts":"2026-08-21T15:35:32.780+0430","caller":"scheduler/register.go:48","msg":"job registered","job":"order-fulfiller","interval":300}
{"level":"info","ts":"2026-08-21T15:35:32.780+0430","caller":"scheduler/register.go:48","msg":"job registered","job":"status-sync","interval":300}
{"level":"info","ts":"2026-08-21T15:35:32.780+0430","caller":"scheduler/register.go:48","msg":"job registered","job":"payment-expiry","interval":300}
{"level":"info","ts":"2026-08-21T15:35:32.780+0430","caller":"scheduler/register.go:48","msg":"job registered","job":"notification-dispatch","interval":300}
{"level":"info","ts":"2026-08-21T15:35:32.780+0430","caller":"scheduler/register.go:48","msg":"job registered","job":"smm-validation","interval":43200}
{"level":"info","ts":"2026-08-21T15:35:32.780+0430","caller":"httpserver/server.go:44","msg":"http server starting","port":8183}
{"level":"info","ts":"2026-08-21T15:35:32.780+0430","caller":"paymentexpiryjob/run.go:27","msg":"worker started","job":"payment-expiry"}
{"level":"info","ts":"2026-08-21T15:35:32.780+0430","caller":"statussyncJob/run.go:25","msg":"worker started","job":"status-sync"}
{"level":"info","ts":"2026-08-21T15:35:32.781+0430","caller":"orderfulfillerjob/run.go:27","msg":"worker started","job":"order-fulfiller"}
{"level":"info","ts":"2026-08-21T15:35:32.781+0430","caller":"notificationdispatchjob/run.go:27","msg":"worker started","job":"notification-dispatch"}
{"level":"info","ts":"2026-08-21T15:35:32.781+0430","caller":"smmvalidationjob/run.go:24","msg":"SMM validation job started","job":"smm-validation"}
{"level":"info","ts":"2026-08-21T15:35:32.786+0430","caller":"paymentexpiryjob/run.go:39","msg":"expired payments fetched","job":"payment-expiry","count":0}
{"level":"info","ts":"2026-08-21T15:35:32.786+0430","caller":"paymentexpiryjob/run.go:76","msg":"worker completed","job":"payment-expiry","duration":0.005415462}
{"level":"info","ts":"2026-08-21T15:35:32.788+0430","caller":"statussyncJob/run.go:39","msg":"processing orders fetched","job":"status-sync","count":0}
{"level":"info","ts":"2026-08-21T15:35:32.789+0430","caller":"statussyncJob/run.go:101","msg":"worker completed","job":"status-sync","duration":0.008117509}
{"level":"info","ts":"2026-08-21T15:35:32.789+0430","caller":"paymentverifyjob/run.go:37","msg":"worker pending payments fetched","job":"payment-verify","count":0}
{"level":"info","ts":"2026-08-21T15:35:32.789+0430","caller":"paymentverifyjob/run.go:119","msg":"worker completed","job":"payment-verify","duration":0.008836969}
{"level":"warn","ts":"2026-08-21T15:35:34.360+0430","caller":"smmvalidationjob/run.go:58","msg":"SMM validation found missing services, admin notified","missing_count":8,"job":"smm-validation"}
{"level":"warn","ts":"2026-08-21T15:35:34.682+0430","caller":"notificationdispatchjob/run.go:73","msg":"send notification failed","notification_id":2,"error":"bad request, Bad Request: chat not found"}
{"level":"info","ts":"2026-08-21T15:35:52.070+0430","caller":"checkoutservice/processManualWalletRecharge.go:22","msg":"checkout manual recharge started","user_id":1,"amount":10000}
{"level":"error","ts":"2026-08-21T15:35:52.072+0430","caller":"checkoutservice/processManualWalletRecharge.go:42","msg":"checkout manual recharge failed","error":"idempotency already processing","user_id":1,"latency":0.001512361,"stacktrace":"telegram-service-platform/service/checkoutservice.(*Service).ProcessManualWalletRecharge\n\t/home/prince/bots/telegram-service-platform/service/checkoutservice/processManualWalletRecharge.go:42\ntelegram-service-platform/delivery/telegramserver/handler/adminhandler.(*Handler).Recharge\n\t/home/prince/bots/telegram-service-platform/delivery/telegramserver/handler/adminhandler/recharge.go:81\ntelegram-service-platform/delivery/telegramserver/handler/adminhandler.(*Handler).middlewares.AdminAuth.func1.1\n\t/home/prince/bots/telegram-service-platform/delivery/telegramserver/middleware/admin_auth.go:44\ntelegram-service-platform/delivery/telegramserver/handler/adminhandler.(*Handler).middlewares.Public.Recover.func3.1\n\t/home/prince/bots/telegram-service-platform/delivery/telegramserver/middleware/recover.go:36\ntelegram-service-platform/delivery/telegramserver/handler/adminhandler.(*Handler).middlewares.Public.Logger.func2.1\n\t/home/prince/bots/telegram-service-platform/delivery/telegramserver/middleware/logger.go:46"}
{"level":"error","ts":"2026-08-21T15:35:52.072+0430","caller":"adminhandler/recharge.go:89","msg":"recharge failed","op":"adminhandler.Recharge","user_id":1,"amount":10000,"error":"idempotency already processing","stacktrace":"telegram-service-platform/delivery/telegramserver/handler/adminhandler.(*Handler).Recharge\n\t/home/prince/bots/telegram-service-platform/delivery/telegramserver/handler/adminhandler/recharge.go:89\ntelegram-service-platform/delivery/telegramserver/handler/adminhandler.(*Handler).middlewares.AdminAuth.func1.1\n\t/home/prince/bots/telegram-service-platform/delivery/telegramserver/middleware/admin_auth.go:44\ntelegram-service-platform/delivery/telegramserver/handler/adminhandler.(*Handler).middlewares.Public.Recover.func3.1\n\t/home/prince/bots/telegram-service-platform/delivery/telegramserver/middleware/recover.go:36\ntelegram-service-platform/delivery/telegramserver/handler/adminhandler.(*Handler).middlewares.Public.Logger.func2.1\n\t/home/prince/bots/telegram-service-platform/delivery/telegramserver/middleware/logger.go:46"}
{"level":"info","ts":"2026-08-21T15:36:32.784+0430","caller":"paymentverifyjob/run.go:37","msg":"worker pending payments fetched","job":"payment-verify","count":0}
{"level":"info","ts":"2026-08-21T15:36:32.784+0430","caller":"paymentverifyjob/run.go:119","msg":"worker completed","job":"payment-verify","duration":0.002597444}
{"level":"info","ts":"2026-08-21T15:37:32.782+0430","caller":"paymentverifyjob/run.go:37","msg":"worker pending payments fetched","job":"payment-verify","count":0}
{"level":"info","ts":"2026-08-21T15:37:32.782+0430","caller":"paymentverifyjob/run.go:119","msg":"worker completed","job":"payment-verify","duration":0.001054796}
{"level":"info","ts":"2026-08-21T15:38:32.782+0430","caller":"paymentverifyjob/run.go:37","msg":"worker pending payments fetched","job":"payment-verify","count":0}
{"level":"info","ts":"2026-08-21T15:38:32.782+0430","caller":"paymentverifyjob/run.go:119","msg":"worker completed","job":"payment-verify","duration":0.001270124}
{"level":"info","ts":"2026-08-21T15:39:32.782+0430","caller":"paymentverifyjob/run.go:37","msg":"worker pending payments fetched","job":"payment-verify","count":0}
{"level":"info","ts":"2026-08-21T15:39:32.783+0430","caller":"paymentverifyjob/run.go:119","msg":"worker completed","job":"payment-verify","duration":0.001603461}
{"level":"info","ts":"2026-08-21T15:40:32.781+0430","caller":"paymentexpiryjob/run.go:27","msg":"worker started","job":"payment-expiry"}
{"level":"info","ts":"2026-08-21T15:40:32.781+0430","caller":"notificationdispatchjob/run.go:27","msg":"worker started","job":"notification-dispatch"}
{"level":"info","ts":"2026-08-21T15:40:32.781+0430","caller":"orderfulfillerjob/run.go:27","msg":"worker started","job":"order-fulfiller"}
{"level":"info","ts":"2026-08-21T15:40:32.782+0430","caller":"statussyncJob/run.go:25","msg":"worker started","job":"status-sync"}
{"level":"info","ts":"2026-08-21T15:40:32.783+0430","caller":"paymentverifyjob/run.go:37","msg":"worker pending payments fetched","job":"payment-verify","count":0}
{"level":"info","ts":"2026-08-21T15:40:32.783+0430","caller":"paymentverifyjob/run.go:119","msg":"worker completed","job":"payment-verify","duration":0.001250174}
{"level":"info","ts":"2026-08-21T15:40:32.783+0430","caller":"statussyncJob/run.go:39","msg":"processing orders fetched","job":"status-sync","count":0}
{"level":"info","ts":"2026-08-21T15:40:32.783+0430","caller":"statussyncJob/run.go:101","msg":"worker completed","job":"status-sync","duration":0.001660404}
{"level":"info","ts":"2026-08-21T15:40:32.783+0430","caller":"paymentexpiryjob/run.go:39","msg":"expired payments fetched","job":"payment-expiry","count":0}
{"level":"info","ts":"2026-08-21T15:40:32.783+0430","caller":"paymentexpiryjob/run.go:76","msg":"worker completed","job":"payment-expiry","duration":0.001960435}
{"level":"info","ts":"2026-08-21T15:41:32.782+0430","caller":"paymentverifyjob/run.go:37","msg":"worker pending payments fetched","job":"payment-verify","count":0}
{"level":"info","ts":"2026-08-21T15:41:32.782+0430","caller":"paymentverifyjob/run.go:119","msg":"worker completed","job":"payment-verify","duration":0.001407851}
{"level":"info","ts":"2026-08-21T15:42:32.783+0430","caller":"paymentverifyjob/run.go:37","msg":"worker pending payments fetched","job":"payment-verify","count":0}
{"level":"info","ts":"2026-08-21T15:42:32.783+0430","caller":"paymentverifyjob/run.go:119","msg":"worker completed","job":"payment-verify","duration":0.002611954}
{"level":"info","ts":"2026-08-21T15:43:32.781+0430","caller":"paymentverifyjob/run.go:37","msg":"worker pending payments fetched","job":"payment-verify","count":0}
{"level":"info","ts":"2026-08-21T15:43:32.781+0430","caller":"paymentverifyjob/run.go:119","msg":"worker completed","job":"payment-verify","duration":0.001259012}
{"level":"info","ts":"2026-08-21T15:44:32.782+0430","caller":"paymentverifyjob/run.go:37","msg":"worker pending payments fetched","job":"payment-verify","count":0}
{"level":"info","ts":"2026-08-21T15:44:32.783+0430","caller":"paymentverifyjob/run.go:119","msg":"worker completed","job":"payment-verify","duration":0.001480669}
{"level":"info","ts":"2026-08-21T15:45:32.781+0430","caller":"orderfulfillerjob/run.go:27","msg":"worker started","job":"order-fulfiller"}
{"level":"info","ts":"2026-08-21T15:45:32.781+0430","caller":"paymentexpiryjob/run.go:27","msg":"worker started","job":"payment-expiry"}
{"level":"info","ts":"2026-08-21T15:45:32.781+0430","caller":"statussyncJob/run.go:25","msg":"worker started","job":"status-sync"}
{"level":"info","ts":"2026-08-21T15:45:32.781+0430","caller":"notificationdispatchjob/run.go:27","msg":"worker started","job":"notification-dispatch"}
{"level":"info","ts":"2026-08-21T15:45:32.782+0430","caller":"paymentverifyjob/run.go:37","msg":"worker pending payments fetched","job":"payment-verify","count":0}
{"level":"info","ts":"2026-08-21T15:45:32.782+0430","caller":"paymentexpiryjob/run.go:39","msg":"expired payments fetched","job":"payment-expiry","count":0}
{"level":"info","ts":"2026-08-21T15:45:32.783+0430","caller":"statussyncJob/run.go:39","msg":"processing orders fetched","job":"status-sync","count":0}
{"level":"info","ts":"2026-08-21T15:45:32.783+0430","caller":"paymentexpiryjob/run.go:76","msg":"worker completed","job":"payment-expiry","duration":0.001406418}
{"level":"info","ts":"2026-08-21T15:45:32.783+0430","caller":"statussyncJob/run.go:101","msg":"worker completed","job":"status-sync","duration":0.0013722}
{"level":"info","ts":"2026-08-21T15:45:32.782+0430","caller":"paymentverifyjob/run.go:119","msg":"worker completed","job":"payment-verify","duration":0.001589095}
{"level":"warn","ts":"2026-08-21T15:45:33.022+0430","caller":"notificationdispatchjob/run.go:73","msg":"send notification failed","notification_id":1,"error":"bad request, Bad Request: chat not found"}
{"level":"info","ts":"2026-08-21T15:46:32.782+0430","caller":"paymentverifyjob/run.go:37","msg":"worker pending payments fetched","job":"payment-verify","count":0}
{"level":"info","ts":"2026-08-21T15:46:32.782+0430","caller":"paymentverifyjob/run.go:119","msg":"worker completed","job":"payment-verify","duration":0.001382364}
{"level":"info","ts":"2026-08-21T15:47:32.782+0430","caller":"paymentverifyjob/run.go:37","msg":"worker pending payments fetched","job":"payment-verify","count":0}
{"level":"info","ts":"2026-08-21T15:47:32.783+0430","caller":"paymentverifyjob/run.go:119","msg":"worker completed","job":"payment-verify","duration":0.001179065}
{"level":"info","ts":"2026-08-21T15:48:32.782+0430","caller":"paymentverifyjob/run.go:37","msg":"worker pending payments fetched","job":"payment-verify","count":0}
{"level":"info","ts":"2026-08-21T15:48:32.783+0430","caller":"paymentverifyjob/run.go:119","msg":"worker completed","job":"payment-verify","duration":0.00154112}
{"level":"info","ts":"2026-08-21T15:49:32.783+0430","caller":"paymentverifyjob/run.go:37","msg":"worker pending payments fetched","job":"payment-verify","count":0}
{"level":"info","ts":"2026-08-21T15:49:32.783+0430","caller":"paymentverifyjob/run.go:119","msg":"worker completed","job":"payment-verify","duration":0.001378041}
{"level":"info","ts":"2026-08-21T15:50:32.781+0430","caller":"notificationdispatchjob/run.go:27","msg":"worker started","job":"notification-dispatch"}
{"level":"info","ts":"2026-08-21T15:50:32.781+0430","caller":"statussyncJob/run.go:25","msg":"worker started","job":"status-sync"}
{"level":"info","ts":"2026-08-21T15:50:32.782+0430","caller":"orderfulfillerjob/run.go:27","msg":"worker started","job":"order-fulfiller"}
{"level":"info","ts":"2026-08-21T15:50:32.782+0430","caller":"paymentexpiryjob/run.go:27","msg":"worker started","job":"payment-expiry"}
{"level":"info","ts":"2026-08-21T15:50:32.783+0430","caller":"paymentexpiryjob/run.go:39","msg":"expired payments fetched","job":"payment-expiry","count":0}
{"level":"info","ts":"2026-08-21T15:50:32.783+0430","caller":"paymentexpiryjob/run.go:76","msg":"worker completed","job":"payment-expiry","duration":0.001805517}
{"level":"info","ts":"2026-08-21T15:50:32.783+0430","caller":"paymentverifyjob/run.go:37","msg":"worker pending payments fetched","job":"payment-verify","count":0}
{"level":"info","ts":"2026-08-21T15:50:32.784+0430","caller":"paymentverifyjob/run.go:119","msg":"worker completed","job":"payment-verify","duration":0.002018413}
{"level":"info","ts":"2026-08-21T15:50:32.784+0430","caller":"statussyncJob/run.go:39","msg":"processing orders fetched","job":"status-sync","count":0}
{"level":"info","ts":"2026-08-21T15:50:32.784+0430","caller":"statussyncJob/run.go:101","msg":"worker completed","job":"status-sync","duration":0.002722934}
{"level":"warn","ts":"2026-08-21T15:50:33.255+0430","caller":"notificationdispatchjob/run.go:73","msg":"send notification failed","notification_id":1,"error":"bad request, Bad Request: chat not found"}
{"level":"info","ts":"2026-08-21T15:51:32.782+0430","caller":"paymentverifyjob/run.go:37","msg":"worker pending payments fetched","job":"payment-verify","count":0}
{"level":"info","ts":"2026-08-21T15:51:32.782+0430","caller":"paymentverifyjob/run.go:119","msg":"worker completed","job":"payment-verify","duration":0.001568115}
{"level":"info","ts":"2026-08-21T15:52:32.782+0430","caller":"paymentverifyjob/run.go:37","msg":"worker pending payments fetched","job":"payment-verify","count":0}
{"level":"info","ts":"2026-08-21T15:52:32.782+0430","caller":"paymentverifyjob/run.go:119","msg":"worker completed","job":"payment-verify","duration":0.001428406}
{"level":"info","ts":"2026-08-21T15:53:32.782+0430","caller":"paymentverifyjob/run.go:37","msg":"worker pending payments fetched","job":"payment-verify","count":0}
{"level":"info","ts":"2026-08-21T15:53:32.782+0430","caller":"paymentverifyjob/run.go:119","msg":"worker completed","job":"payment-verify","duration":0.001449435}
{"level":"info","ts":"2026-08-21T15:54:32.782+0430","caller":"paymentverifyjob/run.go:37","msg":"worker pending payments fetched","job":"payment-verify","count":0}
{"level":"info","ts":"2026-08-21T15:54:32.782+0430","caller":"paymentverifyjob/run.go:119","msg":"worker completed","job":"payment-verify","duration":0.001134403}
{"level":"info","ts":"2026-08-21T15:55:32.781+0430","caller":"statussyncJob/run.go:25","msg":"worker started","job":"status-sync"}
{"level":"info","ts":"2026-08-21T15:55:32.781+0430","caller":"paymentexpiryjob/run.go:27","msg":"worker started","job":"payment-expiry"}
{"level":"info","ts":"2026-08-21T15:55:32.782+0430","caller":"notificationdispatchjob/run.go:27","msg":"worker started","job":"notification-dispatch"}
{"level":"info","ts":"2026-08-21T15:55:32.782+0430","caller":"orderfulfillerjob/run.go:27","msg":"worker started","job":"order-fulfiller"}
{"level":"info","ts":"2026-08-21T15:55:32.783+0430","caller":"statussyncJob/run.go:39","msg":"processing orders fetched","job":"status-sync","count":0}
{"level":"info","ts":"2026-08-21T15:55:32.783+0430","caller":"paymentverifyjob/run.go:37","msg":"worker pending payments fetched","job":"payment-verify","count":0}
{"level":"info","ts":"2026-08-21T15:55:32.783+0430","caller":"paymentexpiryjob/run.go:39","msg":"expired payments fetched","job":"payment-expiry","count":0}
{"level":"info","ts":"2026-08-21T15:55:32.783+0430","caller":"statussyncJob/run.go:101","msg":"worker completed","job":"status-sync","duration":0.00149874}
{"level":"info","ts":"2026-08-21T15:55:32.783+0430","caller":"paymentverifyjob/run.go:119","msg":"worker completed","job":"payment-verify","duration":0.001265248}
{"level":"info","ts":"2026-08-21T15:55:32.783+0430","caller":"paymentexpiryjob/run.go:76","msg":"worker completed","job":"payment-expiry","duration":0.001300914}
{"level":"warn","ts":"2026-08-21T15:55:33.564+0430","caller":"notificationdispatchjob/run.go:73","msg":"send notification failed","notification_id":2,"error":"bad request, Bad Request: chat not found"}
{"level":"info","ts":"2026-08-21T15:56:32.783+0430","caller":"paymentverifyjob/run.go:37","msg":"worker pending payments fetched","job":"payment-verify","count":0}
{"level":"info","ts":"2026-08-21T15:56:32.783+0430","caller":"paymentverifyjob/run.go:119","msg":"worker completed","job":"payment-verify","duration":0.001468171}
{"level":"info","ts":"2026-08-21T15:57:32.782+0430","caller":"paymentverifyjob/run.go:37","msg":"worker pending payments fetched","job":"payment-verify","count":0}
{"level":"info","ts":"2026-08-21T15:57:32.782+0430","caller":"paymentverifyjob/run.go:119","msg":"worker completed","job":"payment-verify","duration":0.001237545}
{"level":"info","ts":"2026-08-21T15:58:32.782+0430","caller":"paymentverifyjob/run.go:37","msg":"worker pending payments fetched","job":"payment-verify","count":0}
{"level":"info","ts":"2026-08-21T15:58:32.782+0430","caller":"paymentverifyjob/run.go:119","msg":"worker completed","job":"payment-verify","duration":0.00114211}
{"level":"info","ts":"2026-08-21T15:59:32.782+0430","caller":"paymentverifyjob/run.go:37","msg":"worker pending payments fetched","job":"payment-verify","count":0}
{"level":"info","ts":"2026-08-21T15:59:32.782+0430","caller":"paymentverifyjob/run.go:119","msg":"worker completed","job":"payment-verify","duration":0.001198107}
{"level":"info","ts":"2026-08-21T16:00:32.781+0430","caller":"statussyncJob/run.go:25","msg":"worker started","job":"status-sync"}
{"level":"info","ts":"2026-08-21T16:00:32.781+0430","caller":"notificationdispatchjob/run.go:27","msg":"worker started","job":"notification-dispatch"}
{"level":"info","ts":"2026-08-21T16:00:32.781+0430","caller":"paymentexpiryjob/run.go:27","msg":"worker started","job":"payment-expiry"}
{"level":"info","ts":"2026-08-21T16:00:32.781+0430","caller":"orderfulfillerjob/run.go:27","msg":"worker started","job":"order-fulfiller"}
{"level":"info","ts":"2026-08-21T16:00:32.782+0430","caller":"statussyncJob/run.go:39","msg":"processing orders fetched","job":"status-sync","count":0}
{"level":"info","ts":"2026-08-21T16:00:32.782+0430","caller":"statussyncJob/run.go:101","msg":"worker completed","job":"status-sync","duration":0.001164138}
{"level":"info","ts":"2026-08-21T16:00:32.782+0430","caller":"paymentexpiryjob/run.go:39","msg":"expired payments fetched","job":"payment-expiry","count":0}
{"level":"info","ts":"2026-08-21T16:00:32.782+0430","caller":"paymentexpiryjob/run.go:76","msg":"worker completed","job":"payment-expiry","duration":0.000985891}
{"level":"info","ts":"2026-08-21T16:00:32.782+0430","caller":"paymentverifyjob/run.go:37","msg":"worker pending payments fetched","job":"payment-verify","count":0}
{"level":"info","ts":"2026-08-21T16:00:32.783+0430","caller":"paymentverifyjob/run.go:119","msg":"worker completed","job":"payment-verify","duration":0.001022101}
{"level":"warn","ts":"2026-08-21T16:00:33.916+0430","caller":"notificationdispatchjob/run.go:73","msg":"send notification failed","notification_id":2,"error":"bad request, Bad Request: chat not found"}
{"level":"info","ts":"2026-08-21T16:01:32.781+0430","caller":"paymentverifyjob/run.go:37","msg":"worker pending payments fetched","job":"payment-verify","count":0}
{"level":"info","ts":"2026-08-21T16:01:32.782+0430","caller":"paymentverifyjob/run.go:119","msg":"worker completed","job":"payment-verify","duration":0.001294016}
{"level":"info","ts":"2026-08-21T16:02:32.782+0430","caller":"paymentverifyjob/run.go:37","msg":"worker pending payments fetched","job":"payment-verify","count":0}
{"level":"info","ts":"2026-08-21T16:02:32.782+0430","caller":"paymentverifyjob/run.go:119","msg":"worker completed","job":"payment-verify","duration":0.002199991}
{"level":"info","ts":"2026-08-21T16:03:32.782+0430","caller":"paymentverifyjob/run.go:37","msg":"worker pending payments fetched","job":"payment-verify","count":0}
{"level":"info","ts":"2026-08-21T16:03:32.782+0430","caller":"paymentverifyjob/run.go:119","msg":"worker completed","job":"payment-verify","duration":0.001095178}
{"level":"info","ts":"2026-08-21T16:04:32.782+0430","caller":"paymentverifyjob/run.go:37","msg":"worker pending payments fetched","job":"payment-verify","count":0}
{"level":"info","ts":"2026-08-21T16:04:32.782+0430","caller":"paymentverifyjob/run.go:119","msg":"worker completed","job":"payment-verify","duration":0.001003746}
{"level":"info","ts":"2026-08-21T16:05:32.781+0430","caller":"statussyncJob/run.go:25","msg":"worker started","job":"status-sync"}
{"level":"info","ts":"2026-08-21T16:05:32.781+0430","caller":"notificationdispatchjob/run.go:27","msg":"worker started","job":"notification-dispatch"}
{"level":"info","ts":"2026-08-21T16:05:32.781+0430","caller":"orderfulfillerjob/run.go:27","msg":"worker started","job":"order-fulfiller"}
{"level":"info","ts":"2026-08-21T16:05:32.781+0430","caller":"paymentexpiryjob/run.go:27","msg":"worker started","job":"payment-expiry"}
{"level":"info","ts":"2026-08-21T16:05:32.782+0430","caller":"paymentexpiryjob/run.go:39","msg":"expired payments fetched","job":"payment-expiry","count":0}
{"level":"info","ts":"2026-08-21T16:05:32.782+0430","caller":"paymentexpiryjob/run.go:76","msg":"worker completed","job":"payment-expiry","duration":0.000710449}
{"level":"info","ts":"2026-08-21T16:05:32.782+0430","caller":"paymentverifyjob/run.go:37","msg":"worker pending payments fetched","job":"payment-verify","count":0}
{"level":"info","ts":"2026-08-21T16:05:32.782+0430","caller":"statussyncJob/run.go:39","msg":"processing orders fetched","job":"status-sync","count":0}
{"level":"info","ts":"2026-08-21T16:05:32.782+0430","caller":"statussyncJob/run.go:101","msg":"worker completed","job":"status-sync","duration":0.001118798}
{"level":"info","ts":"2026-08-21T16:05:32.782+0430","caller":"paymentverifyjob/run.go:119","msg":"worker completed","job":"payment-verify","duration":0.000762151}
{"level":"info","ts":"2026-08-21T16:06:32.781+0430","caller":"paymentverifyjob/run.go:37","msg":"worker pending payments fetched","job":"payment-verify","count":0}
{"level":"info","ts":"2026-08-21T16:06:32.781+0430","caller":"paymentverifyjob/run.go:119","msg":"worker completed","job":"payment-verify","duration":0.000920664}
{"level":"info","ts":"2026-08-21T16:07:32.781+0430","caller":"paymentverifyjob/run.go:37","msg":"worker pending payments fetched","job":"payment-verify","count":0}
{"level":"info","ts":"2026-08-21T16:07:32.782+0430","caller":"paymentverifyjob/run.go:119","msg":"worker completed","job":"payment-verify","duration":0.001089528}
{"level":"info","ts":"2026-08-21T16:08:32.782+0430","caller":"paymentverifyjob/run.go:37","msg":"worker pending payments fetched","job":"payment-verify","count":0}
{"level":"info","ts":"2026-08-21T16:08:32.782+0430","caller":"paymentverifyjob/run.go:119","msg":"worker completed","job":"payment-verify","duration":0.00114867}
{"level":"info","ts":"2026-08-21T16:09:32.783+0430","caller":"paymentverifyjob/run.go:37","msg":"worker pending payments fetched","job":"payment-verify","count":0}
{"level":"info","ts":"2026-08-21T16:09:32.783+0430","caller":"paymentverifyjob/run.go:119","msg":"worker completed","job":"payment-verify","duration":0.00203188}
{"level":"info","ts":"2026-08-21T16:10:32.780+0430","caller":"paymentexpiryjob/run.go:27","msg":"worker started","job":"payment-expiry"}
{"level":"info","ts":"2026-08-21T16:10:32.780+0430","caller":"orderfulfillerjob/run.go:27","msg":"worker started","job":"order-fulfiller"}
{"level":"info","ts":"2026-08-21T16:10:32.780+0430","caller":"notificationdispatchjob/run.go:27","msg":"worker started","job":"notification-dispatch"}
{"level":"info","ts":"2026-08-21T16:10:32.781+0430","caller":"statussyncJob/run.go:25","msg":"worker started","job":"status-sync"}
{"level":"info","ts":"2026-08-21T16:10:32.781+0430","caller":"paymentexpiryjob/run.go:39","msg":"expired payments fetched","job":"payment-expiry","count":0}
{"level":"info","ts":"2026-08-21T16:10:32.781+0430","caller":"paymentverifyjob/run.go:37","msg":"worker pending payments fetched","job":"payment-verify","count":0}
{"level":"info","ts":"2026-08-21T16:10:32.781+0430","caller":"statussyncJob/run.go:39","msg":"processing orders fetched","job":"status-sync","count":0}
{"level":"info","ts":"2026-08-21T16:10:32.781+0430","caller":"paymentverifyjob/run.go:119","msg":"worker completed","job":"payment-verify","duration":0.00107125}
{"level":"info","ts":"2026-08-21T16:10:32.781+0430","caller":"paymentexpiryjob/run.go:76","msg":"worker completed","job":"payment-expiry","duration":0.001149671}
{"level":"info","ts":"2026-08-21T16:10:32.781+0430","caller":"statussyncJob/run.go:101","msg":"worker completed","job":"status-sync","duration":0.000953388}
{"level":"info","ts":"2026-08-21T16:11:32.782+0430","caller":"paymentverifyjob/run.go:37","msg":"worker pending payments fetched","job":"payment-verify","count":0}
{"level":"info","ts":"2026-08-21T16:11:32.782+0430","caller":"paymentverifyjob/run.go:119","msg":"worker completed","job":"payment-verify","duration":0.001120468}
{"level":"info","ts":"2026-08-21T16:12:32.781+0430","caller":"paymentverifyjob/run.go:37","msg":"worker pending payments fetched","job":"payment-verify","count":0}
{"level":"info","ts":"2026-08-21T16:12:32.781+0430","caller":"paymentverifyjob/run.go:119","msg":"worker completed","job":"payment-verify","duration":0.001147931}
{"level":"info","ts":"2026-08-21T16:13:32.783+0430","caller":"paymentverifyjob/run.go:37","msg":"worker pending payments fetched","job":"payment-verify","count":0}
{"level":"info","ts":"2026-08-21T16:13:32.783+0430","caller":"paymentverifyjob/run.go:119","msg":"worker completed","job":"payment-verify","duration":0.001270684}
{"level":"info","ts":"2026-08-21T16:14:32.782+0430","caller":"paymentverifyjob/run.go:37","msg":"worker pending payments fetched","job":"payment-verify","count":0}
{"level":"info","ts":"2026-08-21T16:14:32.782+0430","caller":"paymentverifyjob/run.go:119","msg":"worker completed","job":"payment-verify","duration":0.001027248}
{"level":"info","ts":"2026-08-21T16:15:32.781+0430","caller":"notificationdispatchjob/run.go:27","msg":"worker started","job":"notification-dispatch"}
{"level":"info","ts":"2026-08-21T16:15:32.781+0430","caller":"statussyncJob/run.go:25","msg":"worker started","job":"status-sync"}
{"level":"info","ts":"2026-08-21T16:15:32.782+0430","caller":"orderfulfillerjob/run.go:27","msg":"worker started","job":"order-fulfiller"}
{"level":"info","ts":"2026-08-21T16:15:32.782+0430","caller":"paymentexpiryjob/run.go:27","msg":"worker started","job":"payment-expiry"}
{"level":"info","ts":"2026-08-21T16:15:32.783+0430","caller":"paymentexpiryjob/run.go:39","msg":"expired payments fetched","job":"payment-expiry","count":0}
{"level":"info","ts":"2026-08-21T16:15:32.783+0430","caller":"paymentexpiryjob/run.go:76","msg":"worker completed","job":"payment-expiry","duration":0.001146005}
{"level":"info","ts":"2026-08-21T16:15:32.783+0430","caller":"statussyncJob/run.go:39","msg":"processing orders fetched","job":"status-sync","count":0}
{"level":"info","ts":"2026-08-21T16:15:32.783+0430","caller":"statussyncJob/run.go:101","msg":"worker completed","job":"status-sync","duration":0.001853719}
{"level":"info","ts":"2026-08-21T16:15:32.783+0430","caller":"paymentverifyjob/run.go:37","msg":"worker pending payments fetched","job":"payment-verify","count":0}
{"level":"info","ts":"2026-08-21T16:15:32.783+0430","caller":"paymentverifyjob/run.go:119","msg":"worker completed","job":"payment-verify","duration":0.001377355}
{"level":"info","ts":"2026-08-21T16:15:56.001+0430","caller":"httpserver/server.go:56","msg":"http server shutting down"}
{"level":"error","ts":"2026-08-21T16:16:06.332+0430","caller":"app/lifecycle.go:48","msg":"scheduler server shutdown error","error":"gocron: timed out waiting for jobs to finish","stacktrace":"telegram-service-platform/app.(*App).Shutdown\n\t/home/prince/bots/telegram-service-platform/app/lifecycle.go:48\nmain.main\n\t/home/prince/bots/telegram-service-platform/cmd/bot/main.go:51\nruntime.main\n\t/snap/go/11227/src/runtime/proc.go:290"}
{"level":"info","ts":"2026-08-21T16:16:59.562+0430","caller":"scheduler/register.go:15","msg":"scheduler register start"}
{"level":"info","ts":"2026-08-21T16:16:59.562+0430","caller":"scheduler/register.go:48","msg":"job registered","job":"payment-verify","interval":60}
{"level":"info","ts":"2026-08-21T16:16:59.562+0430","caller":"scheduler/register.go:48","msg":"job registered","job":"order-fulfiller","interval":300}
{"level":"info","ts":"2026-08-21T16:16:59.562+0430","caller":"scheduler/register.go:48","msg":"job registered","job":"status-sync","interval":300}
{"level":"info","ts":"2026-08-21T16:16:59.562+0430","caller":"scheduler/register.go:48","msg":"job registered","job":"payment-expiry","interval":300}
{"level":"info","ts":"2026-08-21T16:16:59.562+0430","caller":"scheduler/register.go:48","msg":"job registered","job":"notification-dispatch","interval":300}
{"level":"info","ts":"2026-08-21T16:16:59.562+0430","caller":"scheduler/register.go:48","msg":"job registered","job":"smm-validation","interval":43200}
{"level":"info","ts":"2026-08-21T16:16:59.562+0430","caller":"httpserver/server.go:44","msg":"http server starting","port":8183}
{"level":"info","ts":"2026-08-21T16:16:59.562+0430","caller":"orderfulfillerjob/run.go:27","msg":"worker started","job":"order-fulfiller"}
{"level":"info","ts":"2026-08-21T16:16:59.563+0430","caller":"statussyncJob/run.go:25","msg":"worker started","job":"status-sync"}
{"level":"info","ts":"2026-08-21T16:16:59.565+0430","caller":"smmvalidationjob/run.go:24","msg":"SMM validation job started","job":"smm-validation"}
{"level":"info","ts":"2026-08-21T16:16:59.566+0430","caller":"paymentexpiryjob/run.go:27","msg":"worker started","job":"payment-expiry"}
{"level":"info","ts":"2026-08-21T16:16:59.563+0430","caller":"notificationdispatchjob/run.go:27","msg":"worker started","job":"notification-dispatch"}
{"level":"info","ts":"2026-08-21T16:16:59.568+0430","caller":"statussyncJob/run.go:39","msg":"processing orders fetched","job":"status-sync","count":0}
{"level":"info","ts":"2026-08-21T16:16:59.568+0430","caller":"statussyncJob/run.go:101","msg":"worker completed","job":"status-sync","duration":0.00523458}
{"level":"info","ts":"2026-08-21T16:16:59.573+0430","caller":"paymentverifyjob/run.go:37","msg":"worker pending payments fetched","job":"payment-verify","count":0}
{"level":"info","ts":"2026-08-21T16:16:59.573+0430","caller":"paymentverifyjob/run.go:119","msg":"worker completed","job":"payment-verify","duration":0.009864266}
{"level":"info","ts":"2026-08-21T16:16:59.573+0430","caller":"paymentexpiryjob/run.go:39","msg":"expired payments fetched","job":"payment-expiry","count":0}
{"level":"info","ts":"2026-08-21T16:16:59.573+0430","caller":"paymentexpiryjob/run.go:76","msg":"worker completed","job":"payment-expiry","duration":0.007526413}
{"level":"warn","ts":"2026-08-21T16:17:01.218+0430","caller":"smmvalidationjob/run.go:58","msg":"SMM validation found missing services, admin notified","missing_count":8,"job":"smm-validation"}
{"level":"warn","ts":"2026-08-21T16:17:01.464+0430","caller":"notificationdispatchjob/run.go:73","msg":"send notification failed","notification_id":3,"error":"bad request, Bad Request: chat not found"}
{"level":"info","ts":"2026-08-21T16:17:14.454+0430","caller":"middleware/logger.go:37","msg":"telegram update processed","update_type":"command","handler":"/start","telegram_id":2053084840,"chat_id":2053084840,"duration":0.409480788}
{"level":"info","ts":"2026-08-21T16:17:45.368+0430","caller":"middleware/logger.go:37","msg":"telegram update processed","update_type":"command","handler":"/start","telegram_id":775589639,"chat_id":775589639,"duration":0.347099052}
{"level":"info","ts":"2026-08-21T16:17:55.436+0430","caller":"checkoutservice/processManualWalletRecharge.go:22","msg":"checkout manual recharge started","user_id":1,"amount":10000}
{"level":"error","ts":"2026-08-21T16:17:55.437+0430","caller":"checkoutservice/processManualWalletRecharge.go:42","msg":"checkout manual recharge failed","error":"idempotency already processing","user_id":1,"latency":0.001444628,"stacktrace":"telegram-service-platform/service/checkoutservice.(*Service).ProcessManualWalletRecharge\n\t/home/prince/bots/telegram-service-platform/service/checkoutservice/processManualWalletRecharge.go:42\ntelegram-service-platform/delivery/telegramserver/handler/adminhandler.(*Handler).Recharge\n\t/home/prince/bots/telegram-service-platform/delivery/telegramserver/handler/adminhandler/recharge.go:81\ntelegram-service-platform/delivery/telegramserver/handler/adminhandler.(*Handler).middlewares.AdminAuth.func1.1\n\t/home/prince/bots/telegram-service-platform/delivery/telegramserver/middleware/admin_auth.go:44\ntelegram-service-platform/delivery/telegramserver/handler/adminhandler.(*Handler).middlewares.Public.Recover.func3.1\n\t/home/prince/bots/telegram-service-platform/delivery/telegramserver/middleware/recover.go:49\ntelegram-service-platform/delivery/telegramserver/handler/adminhandler.(*Handler).middlewares.Public.Logger.func2.1\n\t/home/prince/bots/telegram-service-platform/delivery/telegramserver/middleware/logger.go:28"}
{"level":"error","ts":"2026-08-21T16:17:55.437+0430","caller":"adminhandler/recharge.go:89","msg":"recharge failed","op":"adminhandler.Recharge","user_id":1,"amount":10000,"error":"idempotency already processing","stacktrace":"telegram-service-platform/delivery/telegramserver/handler/adminhandler.(*Handler).Recharge\n\t/home/prince/bots/telegram-service-platform/delivery/telegramserver/handler/adminhandler/recharge.go:89\ntelegram-service-platform/delivery/telegramserver/handler/adminhandler.(*Handler).middlewares.AdminAuth.func1.1\n\t/home/prince/bots/telegram-service-platform/delivery/telegramserver/middleware/admin_auth.go:44\ntelegram-service-platform/delivery/telegramserver/handler/adminhandler.(*Handler).middlewares.Public.Recover.func3.1\n\t/home/prince/bots/telegram-service-platform/delivery/telegramserver/middleware/recover.go:49\ntelegram-service-platform/delivery/telegramserver/handler/adminhandler.(*Handler).middlewares.Public.Logger.func2.1\n\t/home/prince/bots/telegram-service-platform/delivery/telegramserver/middleware/logger.go:28"}
{"level":"info","ts":"2026-08-21T16:17:55.748+0430","caller":"middleware/logger.go:37","msg":"telegram update processed","update_type":"command","handler":"/recharge","telegram_id":775589639,"chat_id":775589639,"duration":0.313861571}
{"level":"info","ts":"2026-08-21T16:17:59.565+0430","caller":"paymentverifyjob/run.go:37","msg":"worker pending payments fetched","job":"payment-verify","count":0}
{"level":"info","ts":"2026-08-21T16:17:59.565+0430","caller":"paymentverifyjob/run.go:119","msg":"worker completed","job":"payment-verify","duration":0.001992655}
{"level":"info","ts":"2026-08-21T16:18:59.565+0430","caller":"paymentverifyjob/run.go:37","msg":"worker pending payments fetched","job":"payment-verify","count":0}
{"level":"info","ts":"2026-08-21T16:18:59.565+0430","caller":"paymentverifyjob/run.go:119","msg":"worker completed","job":"payment-verify","duration":0.001603388}
{"level":"info","ts":"2026-08-21T16:19:59.564+0430","caller":"paymentverifyjob/run.go:37","msg":"worker pending payments fetched","job":"payment-verify","count":0}
{"level":"info","ts":"2026-08-21T16:19:59.565+0430","caller":"paymentverifyjob/run.go:119","msg":"worker completed","job":"payment-verify","duration":0.001546531}
{"level":"info","ts":"2026-08-21T16:20:59.565+0430","caller":"paymentverifyjob/run.go:37","msg":"worker pending payments fetched","job":"payment-verify","count":0}
{"level":"info","ts":"2026-08-21T16:20:59.565+0430","caller":"paymentverifyjob/run.go:119","msg":"worker completed","job":"payment-verify","duration":0.002240594}
{"level":"info","ts":"2026-08-21T16:21:59.563+0430","caller":"notificationdispatchjob/run.go:27","msg":"worker started","job":"notification-dispatch"}
{"level":"info","ts":"2026-08-21T16:21:59.563+0430","caller":"statussyncJob/run.go:25","msg":"worker started","job":"status-sync"}
{"level":"info","ts":"2026-08-21T16:21:59.563+0430","caller":"orderfulfillerjob/run.go:27","msg":"worker started","job":"order-fulfiller"}
{"level":"info","ts":"2026-08-21T16:21:59.563+0430","caller":"paymentexpiryjob/run.go:27","msg":"worker started","job":"payment-expiry"}
{"level":"info","ts":"2026-08-21T16:21:59.564+0430","caller":"paymentverifyjob/run.go:37","msg":"worker pending payments fetched","job":"payment-verify","count":0}
{"level":"info","ts":"2026-08-21T16:21:59.564+0430","caller":"paymentverifyjob/run.go:119","msg":"worker completed","job":"payment-verify","duration":0.001544912}
{"level":"info","ts":"2026-08-21T16:21:59.564+0430","caller":"paymentexpiryjob/run.go:39","msg":"expired payments fetched","job":"payment-expiry","count":0}
{"level":"info","ts":"2026-08-21T16:21:59.564+0430","caller":"paymentexpiryjob/run.go:76","msg":"worker completed","job":"payment-expiry","duration":0.001443386}
{"level":"info","ts":"2026-08-21T16:21:59.570+0430","caller":"statussyncJob/run.go:39","msg":"processing orders fetched","job":"status-sync","count":0}
{"level":"info","ts":"2026-08-21T16:21:59.570+0430","caller":"statussyncJob/run.go:101","msg":"worker completed","job":"status-sync","duration":0.007158893}
{"level":"info","ts":"2026-08-21T16:22:01.932+0430","caller":"httpserver/server.go:56","msg":"http server shutting down"}
{"level":"error","ts":"2026-08-21T16:22:02.219+0430","caller":"app/lifecycle.go:42","msg":"telegram server shutdown error","error":"too many requests, Too Many Requests: retry after 297: retry_after 297","stacktrace":"telegram-service-platform/app.(*App).Shutdown\n\t/home/prince/bots/telegram-service-platform/app/lifecycle.go:42\nmain.main\n\t/home/prince/bots/telegram-service-platform/cmd/bot/main.go:51\nruntime.main\n\t/snap/go/11227/src/runtime/proc.go:290"}
{"level":"info","ts":"2026-08-21T16:29:37.672+0430","caller":"scheduler/register.go:15","msg":"scheduler register start"}
{"level":"info","ts":"2026-08-21T16:29:37.673+0430","caller":"scheduler/register.go:48","msg":"job registered","job":"payment-verify","interval":60}
{"level":"info","ts":"2026-08-21T16:29:37.673+0430","caller":"scheduler/register.go:48","msg":"job registered","job":"order-fulfiller","interval":300}
{"level":"info","ts":"2026-08-21T16:29:37.673+0430","caller":"scheduler/register.go:48","msg":"job registered","job":"status-sync","interval":300}
{"level":"info","ts":"2026-08-21T16:29:37.673+0430","caller":"scheduler/register.go:48","msg":"job registered","job":"payment-expiry","interval":300}
{"level":"info","ts":"2026-08-21T16:29:37.673+0430","caller":"scheduler/register.go:48","msg":"job registered","job":"notification-dispatch","interval":300}
{"level":"info","ts":"2026-08-21T16:29:37.673+0430","caller":"scheduler/register.go:48","msg":"job registered","job":"smm-validation","interval":43200}
{"level":"info","ts":"2026-08-21T16:29:37.674+0430","caller":"httpserver/server.go:44","msg":"http server starting","port":8183}
{"level":"info","ts":"2026-08-21T16:29:37.674+0430","caller":"smmvalidationjob/run.go:24","msg":"SMM validation job started","job":"smm-validation"}
{"level":"info","ts":"2026-08-21T16:29:37.675+0430","caller":"statussyncJob/run.go:25","msg":"worker started","job":"status-sync"}
{"level":"info","ts":"2026-08-21T16:29:37.676+0430","caller":"paymentexpiryjob/run.go:27","msg":"worker started","job":"payment-expiry"}
{"level":"info","ts":"2026-08-21T16:29:37.676+0430","caller":"notificationdispatchjob/run.go:27","msg":"worker started","job":"notification-dispatch"}
{"level":"info","ts":"2026-08-21T16:29:37.676+0430","caller":"orderfulfillerjob/run.go:27","msg":"worker started","job":"order-fulfiller"}
{"level":"info","ts":"2026-08-21T16:29:37.681+0430","caller":"statussyncJob/run.go:39","msg":"processing orders fetched","job":"status-sync","count":0}
{"level":"info","ts":"2026-08-21T16:29:37.681+0430","caller":"statussyncJob/run.go:101","msg":"worker completed","job":"status-sync","duration":0.005303062}
{"level":"info","ts":"2026-08-21T16:29:37.685+0430","caller":"paymentverifyjob/run.go:37","msg":"worker pending payments fetched","job":"payment-verify","count":0}
{"level":"info","ts":"2026-08-21T16:29:37.685+0430","caller":"paymentverifyjob/run.go:119","msg":"worker completed","job":"payment-verify","duration":0.009583088}
{"level":"info","ts":"2026-08-21T16:29:37.688+0430","caller":"paymentexpiryjob/run.go:39","msg":"expired payments fetched","job":"payment-expiry","count":0}
{"level":"info","ts":"2026-08-21T16:29:37.688+0430","caller":"paymentexpiryjob/run.go:76","msg":"worker completed","job":"payment-expiry","duration":0.012437416}
{"level":"info","ts":"2026-08-21T16:29:38.017+0430","caller":"checkoutservice/processManualWalletRecharge.go:22","msg":"checkout manual recharge started","user_id":1,"amount":10000}
{"level":"error","ts":"2026-08-21T16:29:38.019+0430","caller":"checkoutservice/processManualWalletRecharge.go:42","msg":"checkout manual recharge failed","error":"idempotency already processing","user_id":1,"latency":0.002732018,"stacktrace":"telegram-service-platform/service/checkoutservice.(*Service).ProcessManualWalletRecharge\n\t/home/prince/bots/telegram-service-platform/service/checkoutservice/processManualWalletRecharge.go:42\ntelegram-service-platform/delivery/telegramserver/handler/adminhandler.(*Handler).Recharge\n\t/home/prince/bots/telegram-service-platform/delivery/telegramserver/handler/adminhandler/recharge.go:81\ntelegram-service-platform/delivery/telegramserver/handler/adminhandler.(*Handler).middlewares.AdminAuth.func1.1\n\t/home/prince/bots/telegram-service-platform/delivery/telegramserver/middleware/admin_auth.go:44\ntelegram-service-platform/delivery/telegramserver/handler/adminhandler.(*Handler).middlewares.Public.Recover.func3.1\n\t/home/prince/bots/telegram-service-platform/delivery/telegramserver/middleware/recover.go:49\ntelegram-service-platform/delivery/telegramserver/handler/adminhandler.(*Handler).middlewares.Public.Logger.func2.1\n\t/home/prince/bots/telegram-service-platform/delivery/telegramserver/middleware/logger.go:28"}
{"level":"error","ts":"2026-08-21T16:29:38.019+0430","caller":"adminhandler/recharge.go:89","msg":"recharge failed","op":"adminhandler.Recharge","user_id":1,"amount":10000,"error":"idempotency already processing","stacktrace":"telegram-service-platform/delivery/telegramserver/handler/adminhandler.(*Handler).Recharge\n\t/home/prince/bots/telegram-service-platform/delivery/telegramserver/handler/adminhandler/recharge.go:89\ntelegram-service-platform/delivery/telegramserver/handler/adminhandler.(*Handler).middlewares.AdminAuth.func1.1\n\t/home/prince/bots/telegram-service-platform/delivery/telegramserver/middleware/admin_auth.go:44\ntelegram-service-platform/delivery/telegramserver/handler/adminhandler.(*Handler).middlewares.Public.Recover.func3.1\n\t/home/prince/bots/telegram-service-platform/delivery/telegramserver/middleware/recover.go:49\ntelegram-service-platform/delivery/telegramserver/handler/adminhandler.(*Handler).middlewares.Public.Logger.func2.1\n\t/home/prince/bots/telegram-service-platform/delivery/telegramserver/middleware/logger.go:28"}
{"level":"info","ts":"2026-08-21T16:29:38.405+0430","caller":"middleware/logger.go:37","msg":"telegram update processed","update_type":"command","handler":"/recharge","telegram_id":775589639,"chat_id":775589639,"duration":0.390598486}
{"level":"warn","ts":"2026-08-21T16:29:39.453+0430","caller":"smmvalidationjob/run.go:58","msg":"SMM validation found missing services, admin notified","missing_count":8,"job":"smm-validation"}
{"level":"warn","ts":"2026-08-21T16:29:39.781+0430","caller":"notificationdispatchjob/run.go:73","msg":"send notification failed","notification_id":4,"error":"bad request, Bad Request: chat not found"}
{"level":"info","ts":"2026-08-21T16:29:42.896+0430","caller":"httpserver/server.go:56","msg":"http server shutting down"}
{"level":"error","ts":"2026-08-21T16:29:53.264+0430","caller":"app/lifecycle.go:48","msg":"scheduler server shutdown error","error":"gocron: timed out waiting for jobs to finish","stacktrace":"telegram-service-platform/app.(*App).Shutdown\n\t/home/prince/bots/telegram-service-platform/app/lifecycle.go:48\nmain.main\n\t/home/prince/bots/telegram-service-platform/cmd/bot/main.go:51\nruntime.main\n\t/snap/go/11227/src/runtime/proc.go:290"}
{"level":"info","ts":"2026-08-21T16:34:23.953+0430","caller":"scheduler/register.go:15","msg":"scheduler register start"}
{"level":"info","ts":"2026-08-21T16:34:23.953+0430","caller":"scheduler/register.go:48","msg":"job registered","job":"payment-verify","interval":60}
{"level":"info","ts":"2026-08-21T16:34:23.954+0430","caller":"scheduler/register.go:48","msg":"job registered","job":"order-fulfiller","interval":300}
{"level":"info","ts":"2026-08-21T16:34:23.954+0430","caller":"scheduler/register.go:48","msg":"job registered","job":"status-sync","interval":300}
{"level":"info","ts":"2026-08-21T16:34:23.954+0430","caller":"scheduler/register.go:48","msg":"job registered","job":"payment-expiry","interval":300}
{"level":"info","ts":"2026-08-21T16:34:23.954+0430","caller":"scheduler/register.go:48","msg":"job registered","job":"notification-dispatch","interval":300}
{"level":"info","ts":"2026-08-21T16:34:23.954+0430","caller":"scheduler/register.go:48","msg":"job registered","job":"smm-validation","interval":43200}
{"level":"info","ts":"2026-08-21T16:34:23.954+0430","caller":"httpserver/server.go:44","msg":"http server starting","port":8183}
{"level":"info","ts":"2026-08-21T16:34:23.954+0430","caller":"paymentexpiryjob/run.go:27","msg":"worker started","job":"payment-expiry"}
{"level":"info","ts":"2026-08-21T16:34:23.954+0430","caller":"orderfulfillerjob/run.go:27","msg":"worker started","job":"order-fulfiller"}
{"level":"info","ts":"2026-08-21T16:34:23.955+0430","caller":"notificationdispatchjob/run.go:27","msg":"worker started","job":"notification-dispatch"}
{"level":"info","ts":"2026-08-21T16:34:23.954+0430","caller":"statussyncJob/run.go:25","msg":"worker started","job":"status-sync"}
{"level":"info","ts":"2026-08-21T16:34:23.955+0430","caller":"smmvalidationjob/run.go:24","msg":"SMM validation job started","job":"smm-validation"}
{"level":"info","ts":"2026-08-21T16:34:23.958+0430","caller":"paymentexpiryjob/run.go:39","msg":"expired payments fetched","job":"payment-expiry","count":0}
{"level":"info","ts":"2026-08-21T16:34:23.959+0430","caller":"paymentexpiryjob/run.go:76","msg":"worker completed","job":"payment-expiry","duration":0.004407448}
{"level":"info","ts":"2026-08-21T16:34:23.962+0430","caller":"statussyncJob/run.go:39","msg":"processing orders fetched","job":"status-sync","count":0}
{"level":"info","ts":"2026-08-21T16:34:23.962+0430","caller":"statussyncJob/run.go:101","msg":"worker completed","job":"status-sync","duration":0.007356541}
{"level":"info","ts":"2026-08-21T16:34:23.962+0430","caller":"paymentverifyjob/run.go:37","msg":"worker pending payments fetched","job":"payment-verify","count":0}
{"level":"info","ts":"2026-08-21T16:34:23.962+0430","caller":"paymentverifyjob/run.go:119","msg":"worker completed","job":"payment-verify","duration":0.007502783}
{"level":"warn","ts":"2026-08-21T16:34:25.705+0430","caller":"smmvalidationjob/run.go:58","msg":"SMM validation found missing services, admin notified","missing_count":8,"job":"smm-validation"}
{"level":"warn","ts":"2026-08-21T16:34:26.159+0430","caller":"notificationdispatchjob/run.go:73","msg":"send notification failed","notification_id":5,"error":"bad request, Bad Request: chat not found"}
{"level":"info","ts":"2026-08-21T16:34:28.578+0430","caller":"checkoutservice/processManualWalletRecharge.go:22","msg":"checkout manual recharge started","user_id":1,"amount":10000}
{"level":"error","ts":"2026-08-21T16:34:28.580+0430","caller":"checkoutservice/processManualWalletRecharge.go:42","msg":"checkout manual recharge failed","error":"idempotency already processing","user_id":1,"latency":0.001495524,"stacktrace":"telegram-service-platform/service/checkoutservice.(*Service).ProcessManualWalletRecharge\n\t/home/prince/bots/telegram-service-platform/service/checkoutservice/processManualWalletRecharge.go:42\ntelegram-service-platform/delivery/telegramserver/handler/adminhandler.(*Handler).Recharge\n\t/home/prince/bots/telegram-service-platform/delivery/telegramserver/handler/adminhandler/recharge.go:81\ntelegram-service-platform/delivery/telegramserver/handler/adminhandler.(*Handler).middlewares.AdminAuth.func1.1\n\t/home/prince/bots/telegram-service-platform/delivery/telegramserver/middleware/admin_auth.go:44\ntelegram-service-platform/delivery/telegramserver/handler/adminhandler.(*Handler).middlewares.Public.Recover.func3.1\n\t/home/prince/bots/telegram-service-platform/delivery/telegramserver/middleware/recover.go:49\ntelegram-service-platform/delivery/telegramserver/handler/adminhandler.(*Handler).middlewares.Public.Logger.func2.1\n\t/home/prince/bots/telegram-service-platform/delivery/telegramserver/middleware/logger.go:28"}
{"level":"error","ts":"2026-08-21T16:34:28.580+0430","caller":"adminhandler/recharge.go:89","msg":"recharge failed","op":"adminhandler.Recharge","user_id":1,"amount":10000,"error":"idempotency already processing","stacktrace":"telegram-service-platform/delivery/telegramserver/handler/adminhandler.(*Handler).Recharge\n\t/home/prince/bots/telegram-service-platform/delivery/telegramserver/handler/adminhandler/recharge.go:89\ntelegram-service-platform/delivery/telegramserver/handler/adminhandler.(*Handler).middlewares.AdminAuth.func1.1\n\t/home/prince/bots/telegram-service-platform/delivery/telegramserver/middleware/admin_auth.go:44\ntelegram-service-platform/delivery/telegramserver/handler/adminhandler.(*Handler).middlewares.Public.Recover.func3.1\n\t/home/prince/bots/telegram-service-platform/delivery/telegramserver/middleware/recover.go:49\ntelegram-service-platform/delivery/telegramserver/handler/adminhandler.(*Handler).middlewares.Public.Logger.func2.1\n\t/home/prince/bots/telegram-service-platform/delivery/telegramserver/middleware/logger.go:28"}
{"level":"info","ts":"2026-08-21T16:34:28.891+0430","caller":"middleware/logger.go:37","msg":"telegram update processed","update_type":"command","handler":"/recharge","telegram_id":775589639,"chat_id":775589639,"duration":0.314638366}
{"level":"info","ts":"2026-08-21T16:35:23.958+0430","caller":"paymentverifyjob/run.go:37","msg":"worker pending payments fetched","job":"payment-verify","count":0}
{"level":"info","ts":"2026-08-21T16:35:23.958+0430","caller":"paymentverifyjob/run.go:119","msg":"worker completed","job":"payment-verify","duration":0.002046359}
{"level":"info","ts":"2026-08-21T16:36:23.956+0430","caller":"paymentverifyjob/run.go:37","msg":"worker pending payments fetched","job":"payment-verify","count":0}
{"level":"info","ts":"2026-08-21T16:36:23.957+0430","caller":"paymentverifyjob/run.go:119","msg":"worker completed","job":"payment-verify","duration":0.002534263}
{"level":"info","ts":"2026-08-21T16:36:48.379+0430","caller":"httpserver/server.go:56","msg":"http server shutting down"}
{"level":"error","ts":"2026-08-21T16:36:48.677+0430","caller":"app/lifecycle.go:42","msg":"telegram server shutdown error","error":"too many requests, Too Many Requests: retry after 455: retry_after 455","stacktrace":"telegram-service-platform/app.(*App).Shutdown\n\t/home/prince/bots/telegram-service-platform/app/lifecycle.go:42\nmain.main\n\t/home/prince/bots/telegram-service-platform/cmd/bot/main.go:51\nruntime.main\n\t/snap/go/11227/src/runtime/proc.go:290"}
{"level":"info","ts":"2026-08-21T16:36:57.609+0430","caller":"scheduler/register.go:15","msg":"scheduler register start"}
{"level":"info","ts":"2026-08-21T16:36:57.609+0430","caller":"scheduler/register.go:48","msg":"job registered","job":"payment-verify","interval":60}
{"level":"info","ts":"2026-08-21T16:36:57.610+0430","caller":"scheduler/register.go:48","msg":"job registered","job":"order-fulfiller","interval":300}
{"level":"info","ts":"2026-08-21T16:36:57.610+0430","caller":"scheduler/register.go:48","msg":"job registered","job":"status-sync","interval":300}
{"level":"info","ts":"2026-08-21T16:36:57.610+0430","caller":"scheduler/register.go:48","msg":"job registered","job":"payment-expiry","interval":300}
{"level":"info","ts":"2026-08-21T16:36:57.610+0430","caller":"scheduler/register.go:48","msg":"job registered","job":"notification-dispatch","interval":300}
{"level":"info","ts":"2026-08-21T16:36:57.610+0430","caller":"scheduler/register.go:48","msg":"job registered","job":"smm-validation","interval":43200}
{"level":"info","ts":"2026-08-21T16:36:57.610+0430","caller":"httpserver/server.go:44","msg":"http server starting","port":8183}
{"level":"info","ts":"2026-08-21T16:36:57.610+0430","caller":"paymentexpiryjob/run.go:27","msg":"worker started","job":"payment-expiry"}
{"level":"info","ts":"2026-08-21T16:36:57.611+0430","caller":"notificationdispatchjob/run.go:27","msg":"worker started","job":"notification-dispatch"}
{"level":"info","ts":"2026-08-21T16:36:57.611+0430","caller":"statussyncJob/run.go:25","msg":"worker started","job":"status-sync"}
{"level":"info","ts":"2026-08-21T16:36:57.611+0430","caller":"orderfulfillerjob/run.go:27","msg":"worker started","job":"order-fulfiller"}
{"level":"info","ts":"2026-08-21T16:36:57.611+0430","caller":"smmvalidationjob/run.go:24","msg":"SMM validation job started","job":"smm-validation"}
{"level":"info","ts":"2026-08-21T16:36:57.614+0430","caller":"paymentexpiryjob/run.go:39","msg":"expired payments fetched","job":"payment-expiry","count":0}
{"level":"info","ts":"2026-08-21T16:36:57.614+0430","caller":"paymentexpiryjob/run.go:76","msg":"worker completed","job":"payment-expiry","duration":0.003647915}
{"level":"info","ts":"2026-08-21T16:36:57.618+0430","caller":"paymentverifyjob/run.go:37","msg":"worker pending payments fetched","job":"payment-verify","count":0}
{"level":"info","ts":"2026-08-21T16:36:57.618+0430","caller":"paymentverifyjob/run.go:119","msg":"worker completed","job":"payment-verify","duration":0.007177303}
{"level":"info","ts":"2026-08-21T16:36:57.618+0430","caller":"statussyncJob/run.go:39","msg":"processing orders fetched","job":"status-sync","count":0}
{"level":"info","ts":"2026-08-21T16:36:57.618+0430","caller":"statussyncJob/run.go:101","msg":"worker completed","job":"status-sync","duration":0.007385292}
{"level":"info","ts":"2026-08-21T16:36:57.956+0430","caller":"checkoutservice/processManualWalletRecharge.go:22","msg":"checkout manual recharge started","user_id":1,"amount":10000}
{"level":"error","ts":"2026-08-21T16:36:57.959+0430","caller":"checkoutservice/processManualWalletRecharge.go:42","msg":"checkout manual recharge failed","error":"idempotency already processing","user_id":1,"latency":0.002980476,"stacktrace":"telegram-service-platform/service/checkoutservice.(*Service).ProcessManualWalletRecharge\n\t/home/prince/bots/telegram-service-platform/service/checkoutservice/processManualWalletRecharge.go:42\ntelegram-service-platform/delivery/telegramserver/handler/adminhandler.(*Handler).Recharge\n\t/home/prince/bots/telegram-service-platform/delivery/telegramserver/handler/adminhandler/recharge.go:81\ntelegram-service-platform/delivery/telegramserver/handler/adminhandler.(*Handler).middlewares.AdminAuth.func1.1\n\t/home/prince/bots/telegram-service-platform/delivery/telegramserver/middleware/admin_auth.go:44\ntelegram-service-platform/delivery/telegramserver/handler/adminhandler.(*Handler).middlewares.Public.Recover.func3.1\n\t/home/prince/bots/telegram-service-platform/delivery/telegramserver/middleware/recover.go:49\ntelegram-service-platform/delivery/telegramserver/handler/adminhandler.(*Handler).middlewares.Public.Logger.func2.1\n\t/home/prince/bots/telegram-service-platform/delivery/telegramserver/middleware/logger.go:28"}
{"level":"error","ts":"2026-08-21T16:36:57.959+0430","caller":"adminhandler/recharge.go:89","msg":"recharge failed","op":"adminhandler.Recharge","user_id":1,"amount":10000,"error":"idempotency already processing","stacktrace":"telegram-service-platform/delivery/telegramserver/handler/adminhandler.(*Handler).Recharge\n\t/home/prince/bots/telegram-service-platform/delivery/telegramserver/handler/adminhandler/recharge.go:89\ntelegram-service-platform/delivery/telegramserver/handler/adminhandler.(*Handler).middlewares.AdminAuth.func1.1\n\t/home/prince/bots/telegram-service-platform/delivery/telegramserver/middleware/admin_auth.go:44\ntelegram-service-platform/delivery/telegramserver/handler/adminhandler.(*Handler).middlewares.Public.Recover.func3.1\n\t/home/prince/bots/telegram-service-platform/delivery/telegramserver/middleware/recover.go:49\ntelegram-service-platform/delivery/telegramserver/handler/adminhandler.(*Handler).middlewares.Public.Logger.func2.1\n\t/home/prince/bots/telegram-service-platform/delivery/telegramserver/middleware/logger.go:28"}
{"level":"info","ts":"2026-08-21T16:36:58.269+0430","caller":"middleware/logger.go:37","msg":"telegram update processed","update_type":"command","handler":"/recharge","telegram_id":775589639,"chat_id":775589639,"duration":0.31476508}
{"level":"warn","ts":"2026-08-21T16:36:59.334+0430","caller":"smmvalidationjob/run.go:58","msg":"SMM validation found missing services, admin notified","missing_count":8,"job":"smm-validation"}
{"level":"warn","ts":"2026-08-21T16:36:59.529+0430","caller":"notificationdispatchjob/run.go:73","msg":"send notification failed","notification_id":6,"error":"bad request, Bad Request: chat not found"}
{"level":"info","ts":"2026-08-21T16:37:57.613+0430","caller":"paymentverifyjob/run.go:37","msg":"worker pending payments fetched","job":"payment-verify","count":0}
{"level":"info","ts":"2026-08-21T16:37:57.613+0430","caller":"paymentverifyjob/run.go:119","msg":"worker completed","job":"payment-verify","duration":0.0016182}
{"level":"info","ts":"2026-08-21T16:38:57.613+0430","caller":"paymentverifyjob/run.go:37","msg":"worker pending payments fetched","job":"payment-verify","count":0}
{"level":"info","ts":"2026-08-21T16:38:57.613+0430","caller":"paymentverifyjob/run.go:119","msg":"worker completed","job":"payment-verify","duration":0.002327367}
{"level":"info","ts":"2026-08-21T16:39:57.613+0430","caller":"paymentverifyjob/run.go:37","msg":"worker pending payments fetched","job":"payment-verify","count":0}
{"level":"info","ts":"2026-08-21T16:39:57.613+0430","caller":"paymentverifyjob/run.go:119","msg":"worker completed","job":"payment-verify","duration":0.001199697}
{"level":"info","ts":"2026-08-21T16:40:57.612+0430","caller":"paymentverifyjob/run.go:37","msg":"worker pending payments fetched","job":"payment-verify","count":0}
{"level":"info","ts":"2026-08-21T16:40:57.612+0430","caller":"paymentverifyjob/run.go:119","msg":"worker completed","job":"payment-verify","duration":0.001446917}
{"level":"info","ts":"2026-08-21T16:41:57.612+0430","caller":"notificationdispatchjob/run.go:27","msg":"worker started","job":"notification-dispatch"}
{"level":"info","ts":"2026-08-21T16:41:57.612+0430","caller":"paymentexpiryjob/run.go:27","msg":"worker started","job":"payment-expiry"}
{"level":"info","ts":"2026-08-21T16:41:57.612+0430","caller":"orderfulfillerjob/run.go:27","msg":"worker started","job":"order-fulfiller"}
{"level":"info","ts":"2026-08-21T16:41:57.612+0430","caller":"statussyncJob/run.go:25","msg":"worker started","job":"status-sync"}
{"level":"info","ts":"2026-08-21T16:41:57.613+0430","caller":"paymentexpiryjob/run.go:39","msg":"expired payments fetched","job":"payment-expiry","count":0}
{"level":"info","ts":"2026-08-21T16:41:57.613+0430","caller":"paymentexpiryjob/run.go:76","msg":"worker completed","job":"payment-expiry","duration":0.001768093}
{"level":"info","ts":"2026-08-21T16:41:57.614+0430","caller":"paymentverifyjob/run.go:37","msg":"worker pending payments fetched","job":"payment-verify","count":0}
{"level":"info","ts":"2026-08-21T16:41:57.614+0430","caller":"paymentverifyjob/run.go:119","msg":"worker completed","job":"payment-verify","duration":0.002354997}
{"level":"info","ts":"2026-08-21T16:41:57.614+0430","caller":"statussyncJob/run.go:39","msg":"processing orders fetched","job":"status-sync","count":0}
{"level":"info","ts":"2026-08-21T16:41:57.614+0430","caller":"statussyncJob/run.go:101","msg":"worker completed","job":"status-sync","duration":0.002180065}
{"level":"info","ts":"2026-08-21T16:42:14.269+0430","caller":"httpserver/server.go:56","msg":"http server shutting down"}
{"level":"error","ts":"2026-08-21T16:42:14.572+0430","caller":"app/lifecycle.go:42","msg":"telegram server shutdown error","error":"too many requests, Too Many Requests: retry after 129: retry_after 129","stacktrace":"telegram-service-platform/app.(*App).Shutdown\n\t/home/prince/bots/telegram-service-platform/app/lifecycle.go:42\nmain.main\n\t/home/prince/bots/telegram-service-platform/cmd/bot/main.go:51\nruntime.main\n\t/snap/go/11227/src/runtime/proc.go:290"}
{"level":"info","ts":"2026-08-21T16:42:18.032+0430","caller":"scheduler/register.go:15","msg":"scheduler register start"}
{"level":"info","ts":"2026-08-21T16:42:18.032+0430","caller":"scheduler/register.go:48","msg":"job registered","job":"payment-verify","interval":60}
{"level":"info","ts":"2026-08-21T16:42:18.032+0430","caller":"scheduler/register.go:48","msg":"job registered","job":"order-fulfiller","interval":300}
{"level":"info","ts":"2026-08-21T16:42:18.032+0430","caller":"scheduler/register.go:48","msg":"job registered","job":"status-sync","interval":300}
{"level":"info","ts":"2026-08-21T16:42:18.032+0430","caller":"scheduler/register.go:48","msg":"job registered","job":"payment-expiry","interval":300}
{"level":"info","ts":"2026-08-21T16:42:18.032+0430","caller":"scheduler/register.go:48","msg":"job registered","job":"notification-dispatch","interval":300}
{"level":"info","ts":"2026-08-21T16:42:18.032+0430","caller":"scheduler/register.go:48","msg":"job registered","job":"smm-validation","interval":43200}
{"level":"info","ts":"2026-08-21T16:42:18.032+0430","caller":"httpserver/server.go:44","msg":"http server starting","port":8183}
{"level":"info","ts":"2026-08-21T16:42:18.033+0430","caller":"smmvalidationjob/run.go:24","msg":"SMM validation job started","job":"smm-validation"}
{"level":"info","ts":"2026-08-21T16:42:18.033+0430","caller":"orderfulfillerjob/run.go:27","msg":"worker started","job":"order-fulfiller"}
{"level":"info","ts":"2026-08-21T16:42:18.033+0430","caller":"paymentexpiryjob/run.go:27","msg":"worker started","job":"payment-expiry"}
{"level":"info","ts":"2026-08-21T16:42:18.034+0430","caller":"statussyncJob/run.go:25","msg":"worker started","job":"status-sync"}
{"level":"info","ts":"2026-08-21T16:42:18.034+0430","caller":"notificationdispatchjob/run.go:27","msg":"worker started","job":"notification-dispatch"}
{"level":"info","ts":"2026-08-21T16:42:18.039+0430","caller":"paymentexpiryjob/run.go:39","msg":"expired payments fetched","job":"payment-expiry","count":0}
{"level":"info","ts":"2026-08-21T16:42:18.039+0430","caller":"paymentexpiryjob/run.go:76","msg":"worker completed","job":"payment-expiry","duration":0.00554866}
{"level":"info","ts":"2026-08-21T16:42:18.042+0430","caller":"statussyncJob/run.go:39","msg":"processing orders fetched","job":"status-sync","count":0}
{"level":"info","ts":"2026-08-21T16:42:18.042+0430","caller":"statussyncJob/run.go:101","msg":"worker completed","job":"status-sync","duration":0.008307129}
{"level":"info","ts":"2026-08-21T16:42:18.046+0430","caller":"paymentverifyjob/run.go:37","msg":"worker pending payments fetched","job":"payment-verify","count":0}
{"level":"info","ts":"2026-08-21T16:42:18.046+0430","caller":"paymentverifyjob/run.go:119","msg":"worker completed","job":"payment-verify","duration":0.012552392}
{"level":"warn","ts":"2026-08-21T16:42:19.636+0430","caller":"smmvalidationjob/run.go:58","msg":"SMM validation found missing services, admin notified","missing_count":8,"job":"smm-validation"}
{"level":"warn","ts":"2026-08-21T16:42:19.811+0430","caller":"notificationdispatchjob/run.go:73","msg":"send notification failed","notification_id":7,"error":"bad request, Bad Request: chat not found"}
{"level":"info","ts":"2026-08-21T16:42:23.643+0430","caller":"checkoutservice/processManualWalletRecharge.go:22","msg":"checkout manual recharge started","user_id":1,"amount":10000}
{"level":"error","ts":"2026-08-21T16:42:23.645+0430","caller":"middleware/recover.go:35","msg":"panic recovered in telegram handler","update_type":"command","handler":"/recharge","telegram_id":775589639,"chat_id":775589639,"panic_value":"runtime error: invalid memory address or nil pointer dereference","stack_trace":"goroutine 89 [running]:\nruntime/debug.Stack()\n\t/snap/go/11227/src/runtime/debug/stack.go:26 +0x5e\ntelegram-service-platform/delivery/telegramserver/handler/adminhandler.(*Handler).middlewares.Public.Recover.func3.1.1()\n\t/home/prince/bots/telegram-service-platform/delivery/telegramserver/middleware/recover.go:28 +0x105\npanic({0x102e740?, 0x1b7eb00?})\n\t/snap/go/11227/src/runtime/panic.go:860 +0x13a\ntelegram-service-platform/repository/redis/redisidempotency.DB.SetIfNotExists({0x11b69ea?}, {0x12147a0, 0x262fb8be180}, {0x262fbc72140, 0x40}, {0x11bb0f9?, 0x262fbe59490?}, 0x45d964b800)\n\t/home/prince/bots/telegram-service-platform/repository/redis/redisidempotency/setIfNotExists.go:20 +0xc1\ntelegram-service-platform/service/walletservice.(*Service).Credit(0x262fb940380, {0x12147a0, 0x262fb8be180}, {0x1, 0x2710, {0x262fbc74018, 0x16}, {0x262fbc72140, 0x40}})\n\t/home/prince/bots/telegram-service-platform/service/walletservice/credit.go:33 +0x429\ntelegram-service-platform/service/checkoutservice.(*Service).ProcessManualWalletRecharge(0x262fb980f50, {0x12147a0, 0x262fb8be180}, {0x2e3a8f07, 0x1, 0x2710, {0x11b7516, 0x5}})\n\t/home/prince/bots/telegram-service-platform/service/checkoutservice/processManualWalletRecharge.go:32 +0x48b\ntelegram-service-platform/delivery/telegramserver/handler/adminhandler.(*Handler).Recharge(0x262fb940600, {0x12147a0, 0x262fb8be180}, 0x10a9fc0?, 0x0?)\n\t/home/prince/bots/telegram-service-platform/delivery/telegramserver/handler/adminhandler/recharge.go:81 +0x74f\ntelegram-service-platform/delivery/telegramserver/handler/adminhandler.(*Handler).middlewares.AdminAuth.func1.1({0x12147a0, 0x262fb8be180}, 0x262fba14300, 0x262fbd6a0e0)\n\t/home/prince/bots/telegram-service-platform/delivery/telegramserver/middleware/admin_auth.go:44 +0x282\ntelegram-service-platform/delivery/telegramserver/handler/adminhandler.(*Handler).middlewares.Public.Recover.func3.1({0x12147a0?, 0x262fb8be180?}, 0x0?, 0x0?)\n\t/home/prince/bots/telegram-service-platform/delivery/telegramserver/middleware/recover.go:49 +0x5c\ntelegram-service-platform/delivery/telegramserver/handler/adminhandler.(*Handler).middlewares.Public.Logger.func2.1({0x12147a0, 0x262fb8be180}, 0x262fba14300, 0x262fbd6a0e0)\n\t/home/prince/bots/telegram-service-platform/delivery/telegramserver/middleware/logger.go:28 +0x10b\ncreated by github.com/go-telegram/bot.(*Bot).ProcessUpdate in goroutine 86\n\t/home/prince/go/pkg/mod/github.com/go-telegram/bot@v1.23.0/process_update.go:31 +0xde\n","stacktrace":"telegram-service-platform/delivery/telegramserver/handler/adminhandler.(*Handler).middlewares.Public.Recover.func3.1.1\n\t/home/prince/bots/telegram-service-platform/delivery/telegramserver/middleware/recover.go:35\nruntime.gopanic\n\t/snap/go/11227/src/runtime/panic.go:860\nruntime.panicmem\n\t/snap/go/11227/src/runtime/panic.go:336\nruntime.sigpanic\n\t/snap/go/11227/src/runtime/signal_unix.go:931\ntelegram-service-platform/repository/redis/redisidempotency.DB.SetIfNotExists\n\t/home/prince/bots/telegram-service-platform/repository/redis/redisidempotency/setIfNotExists.go:20\ntelegram-service-platform/service/walletservice.(*Service).Credit\n\t/home/prince/bots/telegram-service-platform/service/walletservice/credit.go:33\ntelegram-service-platform/service/checkoutservice.(*Service).ProcessManualWalletRecharge\n\t/home/prince/bots/telegram-service-platform/service/checkoutservice/processManualWalletRecharge.go:32\ntelegram-service-platform/delivery/telegramserver/handler/adminhandler.(*Handler).Recharge\n\t/home/prince/bots/telegram-service-platform/delivery/telegramserver/handler/adminhandler/recharge.go:81\ntelegram-service-platform/delivery/telegramserver/handler/adminhandler.(*Handler).middlewares.AdminAuth.func1.1\n\t/home/prince/bots/telegram-service-platform/delivery/telegramserver/middleware/admin_auth.go:44\ntelegram-service-platform/delivery/telegramserver/handler/adminhandler.(*Handler).middlewares.Public.Recover.func3.1\n\t/home/prince/bots/telegram-service-platform/delivery/telegramserver/middleware/recover.go:49\ntelegram-service-platform/delivery/telegramserver/handler/adminhandler.(*Handler).middlewares.Public.Logger.func2.1\n\t/home/prince/bots/telegram-service-platform/delivery/telegramserver/middleware/logger.go:28"}
{"level":"info","ts":"2026-08-21T16:42:23.946+0430","caller":"middleware/logger.go:37","msg":"telegram update processed","update_type":"command","handler":"/recharge","telegram_id":775589639,"chat_id":775589639,"duration":0.305800492}
{"level":"info","ts":"2026-08-21T16:43:18.035+0430","caller":"paymentverifyjob/run.go:37","msg":"worker pending payments fetched","job":"payment-verify","count":0}
{"level":"info","ts":"2026-08-21T16:43:18.036+0430","caller":"paymentverifyjob/run.go:119","msg":"worker completed","job":"payment-verify","duration":0.001368254}
{"level":"info","ts":"2026-08-21T16:44:18.036+0430","caller":"paymentverifyjob/run.go:37","msg":"worker pending payments fetched","job":"payment-verify","count":0}
{"level":"info","ts":"2026-08-21T16:44:18.036+0430","caller":"paymentverifyjob/run.go:119","msg":"worker completed","job":"payment-verify","duration":0.001735351}
{"level":"info","ts":"2026-08-21T16:45:18.035+0430","caller":"paymentverifyjob/run.go:37","msg":"worker pending payments fetched","job":"payment-verify","count":0}
{"level":"info","ts":"2026-08-21T16:45:18.035+0430","caller":"paymentverifyjob/run.go:119","msg":"worker completed","job":"payment-verify","duration":0.001607693}
{"level":"info","ts":"2026-08-21T16:46:18.035+0430","caller":"paymentverifyjob/run.go:37","msg":"worker pending payments fetched","job":"payment-verify","count":0}
{"level":"info","ts":"2026-08-21T16:46:18.035+0430","caller":"paymentverifyjob/run.go:119","msg":"worker completed","job":"payment-verify","duration":0.001439336}
{"level":"info","ts":"2026-08-21T16:47:18.033+0430","caller":"notificationdispatchjob/run.go:27","msg":"worker started","job":"notification-dispatch"}
{"level":"info","ts":"2026-08-21T16:47:18.033+0430","caller":"statussyncJob/run.go:25","msg":"worker started","job":"status-sync"}
{"level":"info","ts":"2026-08-21T16:47:18.033+0430","caller":"orderfulfillerjob/run.go:27","msg":"worker started","job":"order-fulfiller"}
{"level":"info","ts":"2026-08-21T16:47:18.034+0430","caller":"paymentexpiryjob/run.go:27","msg":"worker started","job":"payment-expiry"}
{"level":"info","ts":"2026-08-21T16:47:18.035+0430","caller":"paymentexpiryjob/run.go:39","msg":"expired payments fetched","job":"payment-expiry","count":0}
{"level":"info","ts":"2026-08-21T16:47:18.035+0430","caller":"paymentexpiryjob/run.go:76","msg":"worker completed","job":"payment-expiry","duration":0.001033463}
{"level":"info","ts":"2026-08-21T16:47:18.035+0430","caller":"paymentverifyjob/run.go:37","msg":"worker pending payments fetched","job":"payment-verify","count":0}
{"level":"info","ts":"2026-08-21T16:47:18.035+0430","caller":"paymentverifyjob/run.go:119","msg":"worker completed","job":"payment-verify","duration":0.001674129}
{"level":"info","ts":"2026-08-21T16:47:18.035+0430","caller":"statussyncJob/run.go:39","msg":"processing orders fetched","job":"status-sync","count":0}
{"level":"info","ts":"2026-08-21T16:47:18.035+0430","caller":"statussyncJob/run.go:101","msg":"worker completed","job":"status-sync","duration":0.001958036}
{"level":"info","ts":"2026-08-21T16:47:56.386+0430","caller":"httpserver/server.go:56","msg":"http server shutting down"}
{"level":"error","ts":"2026-08-21T16:48:06.792+0430","caller":"app/lifecycle.go:48","msg":"scheduler server shutdown error","error":"gocron: timed out waiting for jobs to finish","stacktrace":"telegram-service-platform/app.(*App).Shutdown\n\t/home/prince/bots/telegram-service-platform/app/lifecycle.go:48\nmain.main\n\t/home/prince/bots/telegram-service-platform/cmd/bot/main.go:51\nruntime.main\n\t/snap/go/11227/src/runtime/proc.go:290"}
{"level":"info","ts":"2026-08-21T16:48:13.678+0430","caller":"scheduler/register.go:15","msg":"scheduler register start"}
{"level":"info","ts":"2026-08-21T16:48:13.678+0430","caller":"scheduler/register.go:48","msg":"job registered","job":"payment-verify","interval":60}
{"level":"info","ts":"2026-08-21T16:48:13.678+0430","caller":"scheduler/register.go:48","msg":"job registered","job":"order-fulfiller","interval":300}
{"level":"info","ts":"2026-08-21T16:48:13.679+0430","caller":"scheduler/register.go:48","msg":"job registered","job":"status-sync","interval":300}
{"level":"info","ts":"2026-08-21T16:48:13.679+0430","caller":"scheduler/register.go:48","msg":"job registered","job":"payment-expiry","interval":300}
{"level":"info","ts":"2026-08-21T16:48:13.679+0430","caller":"scheduler/register.go:48","msg":"job registered","job":"notification-dispatch","interval":300}
{"level":"info","ts":"2026-08-21T16:48:13.679+0430","caller":"scheduler/register.go:48","msg":"job registered","job":"smm-validation","interval":43200}
{"level":"info","ts":"2026-08-21T16:48:13.679+0430","caller":"httpserver/server.go:44","msg":"http server starting","port":8183}
{"level":"info","ts":"2026-08-21T16:48:13.679+0430","caller":"orderfulfillerjob/run.go:27","msg":"worker started","job":"order-fulfiller"}
{"level":"info","ts":"2026-08-21T16:48:13.679+0430","caller":"statussyncJob/run.go:25","msg":"worker started","job":"status-sync"}
{"level":"info","ts":"2026-08-21T16:48:13.679+0430","caller":"smmvalidationjob/run.go:24","msg":"SMM validation job started","job":"smm-validation"}
{"level":"info","ts":"2026-08-21T16:48:13.679+0430","caller":"notificationdispatchjob/run.go:27","msg":"worker started","job":"notification-dispatch"}
{"level":"info","ts":"2026-08-21T16:48:13.680+0430","caller":"paymentexpiryjob/run.go:27","msg":"worker started","job":"payment-expiry"}
{"level":"info","ts":"2026-08-21T16:48:13.683+0430","caller":"statussyncJob/run.go:39","msg":"processing orders fetched","job":"status-sync","count":0}
{"level":"info","ts":"2026-08-21T16:48:13.683+0430","caller":"statussyncJob/run.go:101","msg":"worker completed","job":"status-sync","duration":0.003629786}
{"level":"info","ts":"2026-08-21T16:48:13.687+0430","caller":"paymentverifyjob/run.go:37","msg":"worker pending payments fetched","job":"payment-verify","count":0}
{"level":"info","ts":"2026-08-21T16:48:13.687+0430","caller":"paymentverifyjob/run.go:119","msg":"worker completed","job":"payment-verify","duration":0.007247132}
{"level":"info","ts":"2026-08-21T16:48:13.687+0430","caller":"paymentexpiryjob/run.go:39","msg":"expired payments fetched","job":"payment-expiry","count":0}
{"level":"info","ts":"2026-08-21T16:48:13.687+0430","caller":"paymentexpiryjob/run.go:76","msg":"worker completed","job":"payment-expiry","duration":0.007578617}
{"level":"info","ts":"2026-08-21T16:48:13.969+0430","caller":"checkoutservice/processManualWalletRecharge.go:29","msg":"checkout manual recharge started","user_id":1,"amount":10000,"nonce":"94c74159-fe8c-4a26-9682-ea865c331230","idempotency_key":"7cb0dd17ef95ae6f..."}
{"level":"error","ts":"2026-08-21T16:48:13.972+0430","caller":"redisidempotency/setIfNotExists.go:27","msg":"SetIfNotExists failed","op":"redisidempotency.SetIfNotExists","key":"7cb0dd17ef95ae6f...","error":"redis: can't marshal entity.IdempotencyStatus (implement encoding.BinaryMarshaler)","stacktrace":"telegram-service-platform/repository/redis/redisidempotency.DB.SetIfNotExists\n\t/home/prince/bots/telegram-service-platform/repository/redis/redisidempotency/setIfNotExists.go:27\ntelegram-service-platform/service/walletservice.(*Service).Credit\n\t/home/prince/bots/telegram-service-platform/service/walletservice/credit.go:33\ntelegram-service-platform/service/checkoutservice.(*Service).ProcessManualWalletRecharge\n\t/home/prince/bots/telegram-service-platform/service/checkoutservice/processManualWalletRecharge.go:36\ntelegram-service-platform/delivery/telegramserver/handler/adminhandler.(*Handler).Recharge\n\t/home/prince/bots/telegram-service-platform/delivery/telegramserver/handler/adminhandler/recharge.go:81\ntelegram-service-platform/delivery/telegramserver/handler/adminhandler.(*Handler).middlewares.AdminAuth.func1.1\n\t/home/prince/bots/telegram-service-platform/delivery/telegramserver/middleware/admin_auth.go:44\ntelegram-service-platform/delivery/telegramserver/handler/adminhandler.(*Handler).middlewares.Public.Recover.func3.1\n\t/home/prince/bots/telegram-service-platform/delivery/telegramserver/middleware/recover.go:49\ntelegram-service-platform/delivery/telegramserver/handler/adminhandler.(*Handler).middlewares.Public.Logger.func2.1\n\t/home/prince/bots/telegram-service-platform/delivery/telegramserver/middleware/logger.go:28"}
{"level":"error","ts":"2026-08-21T16:48:13.973+0430","caller":"checkoutservice/processManualWalletRecharge.go:46","msg":"checkout manual recharge failed","error":"idempotency already processing","user_id":1,"idempotency_key":"7cb0dd17ef95ae6f...","latency":0.00326054,"stacktrace":"telegram-service-platform/service/checkoutservice.(*Service).ProcessManualWalletRecharge\n\t/home/prince/bots/telegram-service-platform/service/checkoutservice/processManualWalletRecharge.go:46\ntelegram-service-platform/delivery/telegramserver/handler/adminhandler.(*Handler).Recharge\n\t/home/prince/bots/telegram-service-platform/delivery/telegramserver/handler/adminhandler/recharge.go:81\ntelegram-service-platform/delivery/telegramserver/handler/adminhandler.(*Handler).middlewares.AdminAuth.func1.1\n\t/home/prince/bots/telegram-service-platform/delivery/telegramserver/middleware/admin_auth.go:44\ntelegram-service-platform/delivery/telegramserver/handler/adminhandler.(*Handler).middlewares.Public.Recover.func3.1\n\t/home/prince/bots/telegram-service-platform/delivery/telegramserver/middleware/recover.go:49\ntelegram-service-platform/delivery/telegramserver/handler/adminhandler.(*Handler).middlewares.Public.Logger.func2.1\n\t/home/prince/bots/telegram-service-platform/delivery/telegramserver/middleware/logger.go:28"}
{"level":"error","ts":"2026-08-21T16:48:13.973+0430","caller":"adminhandler/recharge.go:89","msg":"recharge failed","op":"adminhandler.Recharge","user_id":1,"amount":10000,"error":"idempotency already processing","stacktrace":"telegram-service-platform/delivery/telegramserver/handler/adminhandler.(*Handler).Recharge\n\t/home/prince/bots/telegram-service-platform/delivery/telegramserver/handler/adminhandler/recharge.go:89\ntelegram-service-platform/delivery/telegramserver/handler/adminhandler.(*Handler).middlewares.AdminAuth.func1.1\n\t/home/prince/bots/telegram-service-platform/delivery/telegramserver/middleware/admin_auth.go:44\ntelegram-service-platform/delivery/telegramserver/handler/adminhandler.(*Handler).middlewares.Public.Recover.func3.1\n\t/home/prince/bots/telegram-service-platform/delivery/telegramserver/middleware/recover.go:49\ntelegram-service-platform/delivery/telegramserver/handler/adminhandler.(*Handler).middlewares.Public.Logger.func2.1\n\t/home/prince/bots/telegram-service-platform/delivery/telegramserver/middleware/logger.go:28"}
{"level":"info","ts":"2026-08-21T16:48:14.357+0430","caller":"middleware/logger.go:37","msg":"telegram update processed","update_type":"command","handler":"/recharge","telegram_id":775589639,"chat_id":775589639,"duration":0.389939244}
{"level":"warn","ts":"2026-08-21T16:48:15.415+0430","caller":"smmvalidationjob/run.go:58","msg":"SMM validation found missing services, admin notified","missing_count":8,"job":"smm-validation"}
{"level":"warn","ts":"2026-08-21T16:48:15.631+0430","caller":"notificationdispatchjob/run.go:73","msg":"send notification failed","notification_id":8,"error":"bad request, Bad Request: chat not found"}
{"level":"info","ts":"2026-08-21T16:49:13.681+0430","caller":"paymentverifyjob/run.go:37","msg":"worker pending payments fetched","job":"payment-verify","count":0}
{"level":"info","ts":"2026-08-21T16:49:13.681+0430","caller":"paymentverifyjob/run.go:119","msg":"worker completed","job":"payment-verify","duration":0.00158076}
{"level":"info","ts":"2026-08-21T16:50:13.681+0430","caller":"paymentverifyjob/run.go:37","msg":"worker pending payments fetched","job":"payment-verify","count":0}
{"level":"info","ts":"2026-08-21T16:50:13.681+0430","caller":"paymentverifyjob/run.go:119","msg":"worker completed","job":"payment-verify","duration":0.001241543}
{"level":"info","ts":"2026-08-21T16:51:13.682+0430","caller":"paymentverifyjob/run.go:37","msg":"worker pending payments fetched","job":"payment-verify","count":0}
{"level":"info","ts":"2026-08-21T16:51:13.682+0430","caller":"paymentverifyjob/run.go:119","msg":"worker completed","job":"payment-verify","duration":0.002227906}
{"level":"info","ts":"2026-08-21T16:51:49.386+0430","caller":"httpserver/server.go:56","msg":"http server shutting down"}
{"level":"error","ts":"2026-08-21T16:51:49.729+0430","caller":"app/lifecycle.go:42","msg":"telegram server shutdown error","error":"too many requests, Too Many Requests: retry after 383: retry_after 383","stacktrace":"telegram-service-platform/app.(*App).Shutdown\n\t/home/prince/bots/telegram-service-platform/app/lifecycle.go:42\nmain.main\n\t/home/prince/bots/telegram-service-platform/cmd/bot/main.go:51\nruntime.main\n\t/snap/go/11227/src/runtime/proc.go:290"}
{"level":"info","ts":"2026-08-21T16:52:04.637+0430","caller":"scheduler/register.go:15","msg":"scheduler register start"}
{"level":"info","ts":"2026-08-21T16:52:04.637+0430","caller":"scheduler/register.go:48","msg":"job registered","job":"payment-verify","interval":60}
{"level":"info","ts":"2026-08-21T16:52:04.637+0430","caller":"scheduler/register.go:48","msg":"job registered","job":"order-fulfiller","interval":300}
{"level":"info","ts":"2026-08-21T16:52:04.637+0430","caller":"scheduler/register.go:48","msg":"job registered","job":"status-sync","interval":300}
{"level":"info","ts":"2026-08-21T16:52:04.637+0430","caller":"scheduler/register.go:48","msg":"job registered","job":"payment-expiry","interval":300}
{"level":"info","ts":"2026-08-21T16:52:04.637+0430","caller":"scheduler/register.go:48","msg":"job registered","job":"notification-dispatch","interval":300}
{"level":"info","ts":"2026-08-21T16:52:04.637+0430","caller":"scheduler/register.go:48","msg":"job registered","job":"smm-validation","interval":43200}
{"level":"info","ts":"2026-08-21T16:52:04.637+0430","caller":"httpserver/server.go:44","msg":"http server starting","port":8183}
{"level":"info","ts":"2026-08-21T16:52:04.637+0430","caller":"paymentexpiryjob/run.go:27","msg":"worker started","job":"payment-expiry"}
{"level":"info","ts":"2026-08-21T16:52:04.638+0430","caller":"statussyncJob/run.go:25","msg":"worker started","job":"status-sync"}
{"level":"info","ts":"2026-08-21T16:52:04.638+0430","caller":"orderfulfillerjob/run.go:27","msg":"worker started","job":"order-fulfiller"}
{"level":"info","ts":"2026-08-21T16:52:04.638+0430","caller":"notificationdispatchjob/run.go:27","msg":"worker started","job":"notification-dispatch"}
{"level":"info","ts":"2026-08-21T16:52:04.638+0430","caller":"smmvalidationjob/run.go:24","msg":"SMM validation job started","job":"smm-validation"}
{"level":"info","ts":"2026-08-21T16:52:04.640+0430","caller":"paymentexpiryjob/run.go:39","msg":"expired payments fetched","job":"payment-expiry","count":0}
{"level":"info","ts":"2026-08-21T16:52:04.640+0430","caller":"paymentexpiryjob/run.go:76","msg":"worker completed","job":"payment-expiry","duration":0.002819086}
{"level":"info","ts":"2026-08-21T16:52:04.646+0430","caller":"paymentverifyjob/run.go:37","msg":"worker pending payments fetched","job":"payment-verify","count":0}
{"level":"info","ts":"2026-08-21T16:52:04.646+0430","caller":"statussyncJob/run.go:39","msg":"processing orders fetched","job":"status-sync","count":0}
{"level":"info","ts":"2026-08-21T16:52:04.646+0430","caller":"paymentverifyjob/run.go:119","msg":"worker completed","job":"payment-verify","duration":0.007716687}
{"level":"info","ts":"2026-08-21T16:52:04.646+0430","caller":"statussyncJob/run.go:101","msg":"worker completed","job":"status-sync","duration":0.008387036}
{"level":"info","ts":"2026-08-21T16:52:04.961+0430","caller":"checkoutservice/processManualWalletRecharge.go:29","msg":"checkout manual recharge started","user_id":1,"amount":10000,"nonce":"7cf7bc1a-ff69-433c-80f6-61a48be591d7","idempotency_key":"c2ec99568c86a734..."}
{"level":"info","ts":"2026-08-21T16:52:04.975+0430","caller":"checkoutservice/processManualWalletRecharge.go:58","msg":"checkout manual recharge completed","wallet_tx_id":1,"idempotency_key":"c2ec99568c86a734...","latency":0.014153192}
{"level":"error","ts":"2026-08-21T16:52:04.975+0430","caller":"middleware/recover.go:35","msg":"panic recovered in telegram handler","update_type":"command","handler":"/recharge","telegram_id":775589639,"chat_id":775589639,"panic_value":"runtime error: invalid memory address or nil pointer dereference","stack_trace":"goroutine 32 [running]:\nruntime/debug.Stack()\n\t/snap/go/11227/src/runtime/debug/stack.go:26 +0x5e\ntelegram-service-platform/delivery/telegramserver/handler/adminhandler.(*Handler).middlewares.Public.Recover.func3.1.1()\n\t/home/prince/bots/telegram-service-platform/delivery/telegramserver/middleware/recover.go:28 +0x105\npanic({0x102f740?, 0x1b7fb00?})\n\t/snap/go/11227/src/runtime/panic.go:860 +0x13a\ntelegram-service-platform/service/checkoutservice.(*Service).ProcessManualWalletRecharge(0x55dd9012070, {0x1215820, 0x55dd8c9e040}, {0x2e3a8f07, 0x1, 0x2710, {0x11b8516, 0x5}})\n\t/home/prince/bots/telegram-service-platform/service/checkoutservice/processManualWalletRecharge.go:64 +0xf0d\ntelegram-service-platform/delivery/telegramserver/handler/adminhandler.(*Handler).Recharge(0x55dd8fac200, {0x1215820, 0x55dd8c9e040}, 0x10aafc0?, 0x0?)\n\t/home/prince/bots/telegram-service-platform/delivery/telegramserver/handler/adminhandler/recharge.go:81 +0x74f\ntelegram-service-platform/delivery/telegramserver/handler/adminhandler.(*Handler).middlewares.AdminAuth.func1.1({0x1215820, 0x55dd8c9e040}, 0x55dd8a73900, 0x55dd8d9a2a0)\n\t/home/prince/bots/telegram-service-platform/delivery/telegramserver/middleware/admin_auth.go:44 +0x282\ntelegram-service-platform/delivery/telegramserver/handler/adminhandler.(*Handler).middlewares.Public.Recover.func3.1({0x1215820?, 0x55dd8c9e040?}, 0x0?, 0x0?)\n\t/home/prince/bots/telegram-service-platform/delivery/telegramserver/middleware/recover.go:49 +0x5c\ntelegram-service-platform/delivery/telegramserver/handler/adminhandler.(*Handler).middlewares.Public.Logger.func2.1({0x1215820, 0x55dd8c9e040}, 0x55dd8a73900, 0x55dd8d9a2a0)\n\t/home/prince/bots/telegram-service-platform/delivery/telegramserver/middleware/logger.go:28 +0x10b\ncreated by github.com/go-telegram/bot.(*Bot).ProcessUpdate in goroutine 86\n\t/home/prince/go/pkg/mod/github.com/go-telegram/bot@v1.23.0/process_update.go:31 +0xde\n","stacktrace":"telegram-service-platform/delivery/telegramserver/handler/adminhandler.(*Handler).middlewares.Public.Recover.func3.1.1\n\t/home/prince/bots/telegram-service-platform/delivery/telegramserver/middleware/recover.go:35\nruntime.gopanic\n\t/snap/go/11227/src/runtime/panic.go:860\nruntime.panicmem\n\t/snap/go/11227/src/runtime/panic.go:336\nruntime.sigpanic\n\t/snap/go/11227/src/runtime/signal_unix.go:931\ntelegram-service-platform/service/checkoutservice.(*Service).ProcessManualWalletRecharge\n\t/home/prince/bots/telegram-service-platform/service/checkoutservice/processManualWalletRecharge.go:64\ntelegram-service-platform/delivery/telegramserver/handler/adminhandler.(*Handler).Recharge\n\t/home/prince/bots/telegram-service-platform/delivery/telegramserver/handler/adminhandler/recharge.go:81\ntelegram-service-platform/delivery/telegramserver/handler/adminhandler.(*Handler).middlewares.AdminAuth.func1.1\n\t/home/prince/bots/telegram-service-platform/delivery/telegramserver/middleware/admin_auth.go:44\ntelegram-service-platform/delivery/telegramserver/handler/adminhandler.(*Handler).middlewares.Public.Recover.func3.1\n\t/home/prince/bots/telegram-service-platform/delivery/telegramserver/middleware/recover.go:49\ntelegram-service-platform/delivery/telegramserver/handler/adminhandler.(*Handler).middlewares.Public.Logger.func2.1\n\t/home/prince/bots/telegram-service-platform/delivery/telegramserver/middleware/logger.go:28"}
{"level":"info","ts":"2026-08-21T16:52:05.178+0430","caller":"middleware/logger.go:37","msg":"telegram update processed","update_type":"command","handler":"/recharge","telegram_id":775589639,"chat_id":775589639,"duration":0.219512576}
{"level":"warn","ts":"2026-08-21T16:52:06.273+0430","caller":"smmvalidationjob/run.go:58","msg":"SMM validation found missing services, admin notified","missing_count":8,"job":"smm-validation"}
{"level":"warn","ts":"2026-08-21T16:52:06.475+0430","caller":"notificationdispatchjob/run.go:73","msg":"send notification failed","notification_id":9,"error":"bad request, Bad Request: chat not found"}
{"level":"info","ts":"2026-08-21T16:53:04.639+0430","caller":"paymentverifyjob/run.go:37","msg":"worker pending payments fetched","job":"payment-verify","count":0}
{"level":"info","ts":"2026-08-21T16:53:04.639+0430","caller":"paymentverifyjob/run.go:119","msg":"worker completed","job":"payment-verify","duration":0.001149237}
{"level":"info","ts":"2026-08-21T16:54:04.640+0430","caller":"paymentverifyjob/run.go:37","msg":"worker pending payments fetched","job":"payment-verify","count":0}
{"level":"info","ts":"2026-08-21T16:54:04.640+0430","caller":"paymentverifyjob/run.go:119","msg":"worker completed","job":"payment-verify","duration":0.001961767}
{"level":"info","ts":"2026-08-21T16:55:04.640+0430","caller":"paymentverifyjob/run.go:37","msg":"worker pending payments fetched","job":"payment-verify","count":0}
{"level":"info","ts":"2026-08-21T16:55:04.640+0430","caller":"paymentverifyjob/run.go:119","msg":"worker completed","job":"payment-verify","duration":0.002206529}
{"level":"info","ts":"2026-08-21T16:55:07.013+0430","caller":"checkoutservice/processManualWalletRecharge.go:29","msg":"checkout manual recharge started","user_id":1,"amount":10000,"nonce":"670a875d-ea49-4d02-86dc-cef8626c9fc7","idempotency_key":"d5bda1a06af53005..."}
{"level":"info","ts":"2026-08-21T16:55:07.021+0430","caller":"checkoutservice/processManualWalletRecharge.go:58","msg":"checkout manual recharge completed","wallet_tx_id":2,"idempotency_key":"d5bda1a06af53005...","latency":0.008286516}
{"level":"error","ts":"2026-08-21T16:55:07.021+0430","caller":"middleware/recover.go:35","msg":"panic recovered in telegram handler","update_type":"command","handler":"/recharge","telegram_id":775589639,"chat_id":775589639,"panic_value":"runtime error: invalid memory address or nil pointer dereference","stack_trace":"goroutine 104 [running]:\nruntime/debug.Stack()\n\t/snap/go/11227/src/runtime/debug/stack.go:26 +0x5e\ntelegram-service-platform/delivery/telegramserver/handler/adminhandler.(*Handler).middlewares.Public.Recover.func3.1.1()\n\t/home/prince/bots/telegram-service-platform/delivery/telegramserver/middleware/recover.go:28 +0x105\npanic({0x102f740?, 0x1b7fb00?})\n\t/snap/go/11227/src/runtime/panic.go:860 +0x13a\ntelegram-service-platform/service/checkoutservice.(*Service).ProcessManualWalletRecharge(0x55dd9012070, {0x1215820, 0x55dd8c9e040}, {0x2e3a8f07, 0x1, 0x2710, {0x11b8516, 0x5}})\n\t/home/prince/bots/telegram-service-platform/service/checkoutservice/processManualWalletRecharge.go:64 +0xf0d\ntelegram-service-platform/delivery/telegramserver/handler/adminhandler.(*Handler).Recharge(0x55dd8fac200, {0x1215820, 0x55dd8c9e040}, 0x2?, 0x0?)\n\t/home/prince/bots/telegram-service-platform/delivery/telegramserver/handler/adminhandler/recharge.go:81 +0x74f\ntelegram-service-platform/delivery/telegramserver/handler/adminhandler.(*Handler).middlewares.AdminAuth.func1.1({0x1215820, 0x55dd8c9e040}, 0x55dd8a73900, 0x55dd8eaa0e0)\n\t/home/prince/bots/telegram-service-platform/delivery/telegramserver/middleware/admin_auth.go:44 +0x282\ntelegram-service-platform/delivery/telegramserver/handler/adminhandler.(*Handler).middlewares.Public.Recover.func3.1({0x1215820?, 0x55dd8c9e040?}, 0x0?, 0x1bc7001?)\n\t/home/prince/bots/telegram-service-platform/delivery/telegramserver/middleware/recover.go:49 +0x5c\ntelegram-service-platform/delivery/telegramserver/handler/adminhandler.(*Handler).middlewares.Public.Logger.func2.1({0x1215820, 0x55dd8c9e040}, 0x55dd8a73900, 0x55dd8eaa0e0)\n\t/home/prince/bots/telegram-service-platform/delivery/telegramserver/middleware/logger.go:28 +0x10b\ncreated by github.com/go-telegram/bot.(*Bot).ProcessUpdate in goroutine 86\n\t/home/prince/go/pkg/mod/github.com/go-telegram/bot@v1.23.0/process_update.go:31 +0xde\n","stacktrace":"telegram-service-platform/delivery/telegramserver/handler/adminhandler.(*Handler).middlewares.Public.Recover.func3.1.1\n\t/home/prince/bots/telegram-service-platform/delivery/telegramserver/middleware/recover.go:35\nruntime.gopanic\n\t/snap/go/11227/src/runtime/panic.go:860\nruntime.panicmem\n\t/snap/go/11227/src/runtime/panic.go:336\nruntime.sigpanic\n\t/snap/go/11227/src/runtime/signal_unix.go:931\ntelegram-service-platform/service/checkoutservice.(*Service).ProcessManualWalletRecharge\n\t/home/prince/bots/telegram-service-platform/service/checkoutservice/processManualWalletRecharge.go:64\ntelegram-service-platform/delivery/telegramserver/handler/adminhandler.(*Handler).Recharge\n\t/home/prince/bots/telegram-service-platform/delivery/telegramserver/handler/adminhandler/recharge.go:81\ntelegram-service-platform/delivery/telegramserver/handler/adminhandler.(*Handler).middlewares.AdminAuth.func1.1\n\t/home/prince/bots/telegram-service-platform/delivery/telegramserver/middleware/admin_auth.go:44\ntelegram-service-platform/delivery/telegramserver/handler/adminhandler.(*Handler).middlewares.Public.Recover.func3.1\n\t/home/prince/bots/telegram-service-platform/delivery/telegramserver/middleware/recover.go:49\ntelegram-service-platform/delivery/telegramserver/handler/adminhandler.(*Handler).middlewares.Public.Logger.func2.1\n\t/home/prince/bots/telegram-service-platform/delivery/telegramserver/middleware/logger.go:28"}
{"level":"info","ts":"2026-08-21T16:55:07.319+0430","caller":"middleware/logger.go:37","msg":"telegram update processed","update_type":"command","handler":"/recharge","telegram_id":775589639,"chat_id":775589639,"duration":0.308893918}
{"level":"info","ts":"2026-08-21T16:56:04.639+0430","caller":"paymentverifyjob/run.go:37","msg":"worker pending payments fetched","job":"payment-verify","count":0}
{"level":"info","ts":"2026-08-21T16:56:04.639+0430","caller":"paymentverifyjob/run.go:119","msg":"worker completed","job":"payment-verify","duration":0.001150556}
{"level":"info","ts":"2026-08-21T16:56:26.694+0430","caller":"middleware/logger.go:37","msg":"telegram update processed","update_type":"command","handler":"/start","telegram_id":2053084840,"chat_id":2053084840,"duration":0.362317637}
{"level":"info","ts":"2026-08-21T16:57:04.639+0430","caller":"notificationdispatchjob/run.go:27","msg":"worker started","job":"notification-dispatch"}
{"level":"info","ts":"2026-08-21T16:57:04.639+0430","caller":"paymentexpiryjob/run.go:27","msg":"worker started","job":"payment-expiry"}
{"level":"info","ts":"2026-08-21T16:57:04.639+0430","caller":"statussyncJob/run.go:25","msg":"worker started","job":"status-sync"}
{"level":"info","ts":"2026-08-21T16:57:04.639+0430","caller":"orderfulfillerjob/run.go:27","msg":"worker started","job":"order-fulfiller"}
{"level":"info","ts":"2026-08-21T16:57:04.641+0430","caller":"paymentexpiryjob/run.go:39","msg":"expired payments fetched","job":"payment-expiry","count":0}
{"level":"info","ts":"2026-08-21T16:57:04.641+0430","caller":"paymentverifyjob/run.go:37","msg":"worker pending payments fetched","job":"payment-verify","count":0}
{"level":"info","ts":"2026-08-21T16:57:04.641+0430","caller":"paymentexpiryjob/run.go:76","msg":"worker completed","job":"payment-expiry","duration":0.001586203}
{"level":"info","ts":"2026-08-21T16:57:04.641+0430","caller":"paymentverifyjob/run.go:119","msg":"worker completed","job":"payment-verify","duration":0.001531822}
{"level":"info","ts":"2026-08-21T16:57:04.641+0430","caller":"statussyncJob/run.go:39","msg":"processing orders fetched","job":"status-sync","count":0}
{"level":"info","ts":"2026-08-21T16:57:04.641+0430","caller":"statussyncJob/run.go:101","msg":"worker completed","job":"status-sync","duration":0.0019397}
{"level":"info","ts":"2026-08-21T16:58:04.639+0430","caller":"paymentverifyjob/run.go:37","msg":"worker pending payments fetched","job":"payment-verify","count":0}
{"level":"info","ts":"2026-08-21T16:58:04.639+0430","caller":"paymentverifyjob/run.go:119","msg":"worker completed","job":"payment-verify","duration":0.001010982}
{"level":"info","ts":"2026-08-21T16:59:04.641+0430","caller":"paymentverifyjob/run.go:37","msg":"worker pending payments fetched","job":"payment-verify","count":0}
{"level":"info","ts":"2026-08-21T16:59:04.641+0430","caller":"paymentverifyjob/run.go:119","msg":"worker completed","job":"payment-verify","duration":0.002459852}
{"level":"info","ts":"2026-08-21T17:00:04.640+0430","caller":"paymentverifyjob/run.go:37","msg":"worker pending payments fetched","job":"payment-verify","count":0}
{"level":"info","ts":"2026-08-21T17:00:04.640+0430","caller":"paymentverifyjob/run.go:119","msg":"worker completed","job":"payment-verify","duration":0.002144329}
{"level":"info","ts":"2026-08-21T17:01:04.639+0430","caller":"paymentverifyjob/run.go:37","msg":"worker pending payments fetched","job":"payment-verify","count":0}
{"level":"info","ts":"2026-08-21T17:01:04.639+0430","caller":"paymentverifyjob/run.go:119","msg":"worker completed","job":"payment-verify","duration":0.001190407}
{"level":"info","ts":"2026-08-21T17:02:04.637+0430","caller":"notificationdispatchjob/run.go:27","msg":"worker started","job":"notification-dispatch"}
{"level":"info","ts":"2026-08-21T17:02:04.638+0430","caller":"paymentexpiryjob/run.go:27","msg":"worker started","job":"payment-expiry"}
{"level":"info","ts":"2026-08-21T17:02:04.638+0430","caller":"statussyncJob/run.go:25","msg":"worker started","job":"status-sync"}
{"level":"info","ts":"2026-08-21T17:02:04.638+0430","caller":"orderfulfillerjob/run.go:27","msg":"worker started","job":"order-fulfiller"}
{"level":"info","ts":"2026-08-21T17:02:04.640+0430","caller":"paymentexpiryjob/run.go:39","msg":"expired payments fetched","job":"payment-expiry","count":0}
{"level":"info","ts":"2026-08-21T17:02:04.640+0430","caller":"paymentexpiryjob/run.go:76","msg":"worker completed","job":"payment-expiry","duration":0.001677373}
{"level":"info","ts":"2026-08-21T17:02:04.640+0430","caller":"statussyncJob/run.go:39","msg":"processing orders fetched","job":"status-sync","count":0}
{"level":"info","ts":"2026-08-21T17:02:04.640+0430","caller":"paymentverifyjob/run.go:37","msg":"worker pending payments fetched","job":"payment-verify","count":0}
{"level":"info","ts":"2026-08-21T17:02:04.640+0430","caller":"statussyncJob/run.go:101","msg":"worker completed","job":"status-sync","duration":0.001661882}
{"level":"info","ts":"2026-08-21T17:02:04.640+0430","caller":"paymentverifyjob/run.go:119","msg":"worker completed","job":"payment-verify","duration":0.002058747}
{"level":"warn","ts":"2026-08-21T17:02:04.977+0430","caller":"notificationdispatchjob/run.go:73","msg":"send notification failed","notification_id":3,"error":"bad request, Bad Request: chat not found"}
{"level":"info","ts":"2026-08-21T17:03:04.639+0430","caller":"paymentverifyjob/run.go:37","msg":"worker pending payments fetched","job":"payment-verify","count":0}
{"level":"info","ts":"2026-08-21T17:03:04.639+0430","caller":"paymentverifyjob/run.go:119","msg":"worker completed","job":"payment-verify","duration":0.001487447}
{"level":"info","ts":"2026-08-21T17:04:04.640+0430","caller":"paymentverifyjob/run.go:37","msg":"worker pending payments fetched","job":"payment-verify","count":0}
{"level":"info","ts":"2026-08-21T17:04:04.640+0430","caller":"paymentverifyjob/run.go:119","msg":"worker completed","job":"payment-verify","duration":0.001635105}
{"level":"info","ts":"2026-08-21T17:05:04.641+0430","caller":"paymentverifyjob/run.go:37","msg":"worker pending payments fetched","job":"payment-verify","count":0}
{"level":"info","ts":"2026-08-21T17:05:04.641+0430","caller":"paymentverifyjob/run.go:119","msg":"worker completed","job":"payment-verify","duration":0.00237067}
{"level":"info","ts":"2026-08-21T17:06:04.638+0430","caller":"paymentverifyjob/run.go:37","msg":"worker pending payments fetched","job":"payment-verify","count":0}
{"level":"info","ts":"2026-08-21T17:06:04.639+0430","caller":"paymentverifyjob/run.go:119","msg":"worker completed","job":"payment-verify","duration":0.000983736}
{"level":"info","ts":"2026-08-21T17:07:04.638+0430","caller":"paymentexpiryjob/run.go:27","msg":"worker started","job":"payment-expiry"}
{"level":"info","ts":"2026-08-21T17:07:04.638+0430","caller":"statussyncJob/run.go:25","msg":"worker started","job":"status-sync"}
{"level":"info","ts":"2026-08-21T17:07:04.638+0430","caller":"orderfulfillerjob/run.go:27","msg":"worker started","job":"order-fulfiller"}
{"level":"info","ts":"2026-08-21T17:07:04.638+0430","caller":"notificationdispatchjob/run.go:27","msg":"worker started","job":"notification-dispatch"}
{"level":"info","ts":"2026-08-21T17:07:04.639+0430","caller":"paymentverifyjob/run.go:37","msg":"worker pending payments fetched","job":"payment-verify","count":0}
{"level":"info","ts":"2026-08-21T17:07:04.639+0430","caller":"paymentverifyjob/run.go:119","msg":"worker completed","job":"payment-verify","duration":0.001254428}
{"level":"info","ts":"2026-08-21T17:07:04.639+0430","caller":"paymentexpiryjob/run.go:39","msg":"expired payments fetched","job":"payment-expiry","count":0}
{"level":"info","ts":"2026-08-21T17:07:04.639+0430","caller":"paymentexpiryjob/run.go:76","msg":"worker completed","job":"payment-expiry","duration":0.001748617}
{"level":"info","ts":"2026-08-21T17:07:04.640+0430","caller":"statussyncJob/run.go:39","msg":"processing orders fetched","job":"status-sync","count":0}
{"level":"info","ts":"2026-08-21T17:07:04.640+0430","caller":"statussyncJob/run.go:101","msg":"worker completed","job":"status-sync","duration":0.002369122}
{"level":"warn","ts":"2026-08-21T17:07:05.409+0430","caller":"notificationdispatchjob/run.go:73","msg":"send notification failed","notification_id":3,"error":"bad request, Bad Request: chat not found"}
{"level":"info","ts":"2026-08-21T17:08:04.639+0430","caller":"paymentverifyjob/run.go:37","msg":"worker pending payments fetched","job":"payment-verify","count":0}
{"level":"info","ts":"2026-08-21T17:08:04.639+0430","caller":"paymentverifyjob/run.go:119","msg":"worker completed","job":"payment-verify","duration":0.001227643}
{"level":"info","ts":"2026-08-21T17:09:04.640+0430","caller":"paymentverifyjob/run.go:37","msg":"worker pending payments fetched","job":"payment-verify","count":0}
{"level":"info","ts":"2026-08-21T17:09:04.641+0430","caller":"paymentverifyjob/run.go:119","msg":"worker completed","job":"payment-verify","duration":0.002172383}
{"level":"info","ts":"2026-08-21T17:10:04.639+0430","caller":"paymentverifyjob/run.go:37","msg":"worker pending payments fetched","job":"payment-verify","count":0}
{"level":"info","ts":"2026-08-21T17:10:04.639+0430","caller":"paymentverifyjob/run.go:119","msg":"worker completed","job":"payment-verify","duration":0.001068749}
{"level":"info","ts":"2026-08-21T17:11:04.639+0430","caller":"paymentverifyjob/run.go:37","msg":"worker pending payments fetched","job":"payment-verify","count":0}
{"level":"info","ts":"2026-08-21T17:11:04.639+0430","caller":"paymentverifyjob/run.go:119","msg":"worker completed","job":"payment-verify","duration":0.001022761}
{"level":"info","ts":"2026-08-21T17:12:04.638+0430","caller":"notificationdispatchjob/run.go:27","msg":"worker started","job":"notification-dispatch"}
{"level":"info","ts":"2026-08-21T17:12:04.638+0430","caller":"statussyncJob/run.go:25","msg":"worker started","job":"status-sync"}
{"level":"info","ts":"2026-08-21T17:12:04.638+0430","caller":"orderfulfillerjob/run.go:27","msg":"worker started","job":"order-fulfiller"}
{"level":"info","ts":"2026-08-21T17:12:04.638+0430","caller":"paymentexpiryjob/run.go:27","msg":"worker started","job":"payment-expiry"}
{"level":"info","ts":"2026-08-21T17:12:04.639+0430","caller":"paymentverifyjob/run.go:37","msg":"worker pending payments fetched","job":"payment-verify","count":0}
{"level":"info","ts":"2026-08-21T17:12:04.639+0430","caller":"paymentverifyjob/run.go:119","msg":"worker completed","job":"payment-verify","duration":0.001019056}
{"level":"info","ts":"2026-08-21T17:12:04.639+0430","caller":"paymentexpiryjob/run.go:39","msg":"expired payments fetched","job":"payment-expiry","count":0}
{"level":"info","ts":"2026-08-21T17:12:04.639+0430","caller":"paymentexpiryjob/run.go:76","msg":"worker completed","job":"payment-expiry","duration":0.001058921}
{"level":"info","ts":"2026-08-21T17:12:04.639+0430","caller":"statussyncJob/run.go:39","msg":"processing orders fetched","job":"status-sync","count":0}
{"level":"info","ts":"2026-08-21T17:12:04.639+0430","caller":"statussyncJob/run.go:101","msg":"worker completed","job":"status-sync","duration":0.001612478}
{"level":"warn","ts":"2026-08-21T17:12:05.639+0430","caller":"notificationdispatchjob/run.go:73","msg":"send notification failed","notification_id":4,"error":"bad request, Bad Request: chat not found"}
{"level":"info","ts":"2026-08-21T17:13:04.640+0430","caller":"paymentverifyjob/run.go:37","msg":"worker pending payments fetched","job":"payment-verify","count":0}
{"level":"info","ts":"2026-08-21T17:13:04.640+0430","caller":"paymentverifyjob/run.go:119","msg":"worker completed","job":"payment-verify","duration":0.001259217}
{"level":"info","ts":"2026-08-21T17:14:04.639+0430","caller":"paymentverifyjob/run.go:37","msg":"worker pending payments fetched","job":"payment-verify","count":0}
{"level":"info","ts":"2026-08-21T17:14:04.639+0430","caller":"paymentverifyjob/run.go:119","msg":"worker completed","job":"payment-verify","duration":0.000922023}
{"level":"info","ts":"2026-08-21T17:15:04.641+0430","caller":"paymentverifyjob/run.go:37","msg":"worker pending payments fetched","job":"payment-verify","count":0}
{"level":"info","ts":"2026-08-21T17:15:04.641+0430","caller":"paymentverifyjob/run.go:119","msg":"worker completed","job":"payment-verify","duration":0.00321757}
{"level":"info","ts":"2026-08-21T17:15:17.204+0430","caller":"httpserver/server.go:56","msg":"http server shutting down"}
{"level":"error","ts":"2026-08-21T17:15:27.524+0430","caller":"app/lifecycle.go:48","msg":"scheduler server shutdown error","error":"gocron: timed out waiting for jobs to finish","stacktrace":"telegram-service-platform/app.(*App).Shutdown\n\t/home/prince/bots/telegram-service-platform/app/lifecycle.go:48\nmain.main\n\t/home/prince/bots/telegram-service-platform/cmd/bot/main.go:51\nruntime.main\n\t/snap/go/11227/src/runtime/proc.go:290"}
{"level":"info","ts":"2026-08-21T17:19:47.739+0430","caller":"scheduler/register.go:15","msg":"scheduler register start"}
{"level":"info","ts":"2026-08-21T17:19:47.739+0430","caller":"scheduler/register.go:48","msg":"job registered","job":"payment-verify","interval":60}
{"level":"info","ts":"2026-08-21T17:19:47.739+0430","caller":"scheduler/register.go:48","msg":"job registered","job":"order-fulfiller","interval":300}
{"level":"info","ts":"2026-08-21T17:19:47.739+0430","caller":"scheduler/register.go:48","msg":"job registered","job":"status-sync","interval":300}
{"level":"info","ts":"2026-08-21T17:19:47.739+0430","caller":"scheduler/register.go:48","msg":"job registered","job":"payment-expiry","interval":300}
{"level":"info","ts":"2026-08-21T17:19:47.739+0430","caller":"scheduler/register.go:48","msg":"job registered","job":"notification-dispatch","interval":300}
{"level":"info","ts":"2026-08-21T17:19:47.739+0430","caller":"scheduler/register.go:48","msg":"job registered","job":"smm-validation","interval":43200}
{"level":"info","ts":"2026-08-21T17:19:47.739+0430","caller":"httpserver/server.go:44","msg":"http server starting","port":8183}
{"level":"info","ts":"2026-08-21T17:19:47.740+0430","caller":"statussyncJob/run.go:25","msg":"worker started","job":"status-sync"}
{"level":"info","ts":"2026-08-21T17:19:47.740+0430","caller":"orderfulfillerjob/run.go:27","msg":"worker started","job":"order-fulfiller"}
{"level":"info","ts":"2026-08-21T17:19:47.740+0430","caller":"smmvalidationjob/run.go:24","msg":"SMM validation job started","job":"smm-validation"}
{"level":"info","ts":"2026-08-21T17:19:47.740+0430","caller":"paymentexpiryjob/run.go:27","msg":"worker started","job":"payment-expiry"}
{"level":"info","ts":"2026-08-21T17:19:47.740+0430","caller":"notificationdispatchjob/run.go:27","msg":"worker started","job":"notification-dispatch"}
{"level":"info","ts":"2026-08-21T17:19:47.742+0430","caller":"paymentverifyjob/run.go:37","msg":"worker pending payments fetched","job":"payment-verify","count":0}
{"level":"info","ts":"2026-08-21T17:19:47.742+0430","caller":"paymentverifyjob/run.go:119","msg":"worker completed","job":"payment-verify","duration":0.002228771}
{"level":"info","ts":"2026-08-21T17:19:47.747+0430","caller":"statussyncJob/run.go:39","msg":"processing orders fetched","job":"status-sync","count":0}
{"level":"info","ts":"2026-08-21T17:19:47.747+0430","caller":"paymentexpiryjob/run.go:39","msg":"expired payments fetched","job":"payment-expiry","count":0}
{"level":"info","ts":"2026-08-21T17:19:47.747+0430","caller":"statussyncJob/run.go:101","msg":"worker completed","job":"status-sync","duration":0.007061277}
{"level":"info","ts":"2026-08-21T17:19:47.747+0430","caller":"paymentexpiryjob/run.go:76","msg":"worker completed","job":"payment-expiry","duration":0.006834597}
{"level":"info","ts":"2026-08-21T17:19:48.072+0430","caller":"checkoutservice/processManualWalletRecharge.go:30","msg":"checkout manual recharge started","user_id":1,"amount":15000,"nonce":"319f1519-634f-4551-87fa-6deeb78d261b","idempotency_key":"c6cd1c2d6b3ed06d..."}
{"level":"info","ts":"2026-08-21T17:19:48.087+0430","caller":"checkoutservice/processManualWalletRecharge.go:59","msg":"checkout manual recharge completed","wallet_tx_id":3,"idempotency_key":"c6cd1c2d6b3ed06d...","latency":0.014563467}
{"level":"info","ts":"2026-08-21T17:19:49.267+0430","caller":"middleware/logger.go:37","msg":"telegram update processed","update_type":"command","handler":"/recharge","telegram_id":775589639,"chat_id":775589639,"duration":1.196625074}
{"level":"warn","ts":"2026-08-21T17:19:49.404+0430","caller":"smmvalidationjob/run.go:58","msg":"SMM validation found missing services, admin notified","missing_count":8,"job":"smm-validation"}
{"level":"warn","ts":"2026-08-21T17:19:49.604+0430","caller":"notificationdispatchjob/run.go:73","msg":"send notification failed","notification_id":10,"error":"bad request, Bad Request: chat not found"}
{"level":"info","ts":"2026-08-21T17:20:47.741+0430","caller":"paymentverifyjob/run.go:37","msg":"worker pending payments fetched","job":"payment-verify","count":0}
{"level":"info","ts":"2026-08-21T17:20:47.741+0430","caller":"paymentverifyjob/run.go:119","msg":"worker completed","job":"payment-verify","duration":0.001183616}
{"level":"info","ts":"2026-08-21T17:21:47.748+0430","caller":"paymentverifyjob/run.go:37","msg":"worker pending payments fetched","job":"payment-verify","count":0}
{"level":"info","ts":"2026-08-21T17:21:47.749+0430","caller":"paymentverifyjob/run.go:119","msg":"worker completed","job":"payment-verify","duration":0.001045322}
{"level":"info","ts":"2026-08-21T17:22:15.256+0430","caller":"httpserver/server.go:56","msg":"http server shutting down"}
{"level":"error","ts":"2026-08-21T17:22:15.564+0430","caller":"app/lifecycle.go:42","msg":"telegram server shutdown error","error":"too many requests, Too Many Requests: retry after 452: retry_after 452","stacktrace":"telegram-service-platform/app.(*App).Shutdown\n\t/home/prince/bots/telegram-service-platform/app/lifecycle.go:42\nmain.main\n\t/home/prince/bots/telegram-service-platform/cmd/bot/main.go:51\nruntime.main\n\t/snap/go/11227/src/runtime/proc.go:290"}
{"level":"info","ts":"2026-08-21T17:22:27.974+0430","caller":"scheduler/register.go:15","msg":"scheduler register start"}
{"level":"info","ts":"2026-08-21T17:22:27.974+0430","caller":"scheduler/register.go:48","msg":"job registered","job":"payment-verify","interval":60}
{"level":"info","ts":"2026-08-21T17:22:27.974+0430","caller":"scheduler/register.go:48","msg":"job registered","job":"order-fulfiller","interval":300}
{"level":"info","ts":"2026-08-21T17:22:27.975+0430","caller":"scheduler/register.go:48","msg":"job registered","job":"status-sync","interval":300}
{"level":"info","ts":"2026-08-21T17:22:27.975+0430","caller":"scheduler/register.go:48","msg":"job registered","job":"payment-expiry","interval":300}
{"level":"info","ts":"2026-08-21T17:22:27.975+0430","caller":"scheduler/register.go:48","msg":"job registered","job":"notification-dispatch","interval":300}
{"level":"info","ts":"2026-08-21T17:22:27.975+0430","caller":"scheduler/register.go:48","msg":"job registered","job":"smm-validation","interval":43200}
{"level":"info","ts":"2026-08-21T17:22:27.975+0430","caller":"httpserver/server.go:44","msg":"http server starting","port":8183}
{"level":"info","ts":"2026-08-21T17:22:27.975+0430","caller":"orderfulfillerjob/run.go:27","msg":"worker started","job":"order-fulfiller"}
{"level":"info","ts":"2026-08-21T17:22:27.975+0430","caller":"statussyncJob/run.go:25","msg":"worker started","job":"status-sync"}
{"level":"info","ts":"2026-08-21T17:22:27.975+0430","caller":"notificationdispatchjob/run.go:27","msg":"worker started","job":"notification-dispatch"}
{"level":"info","ts":"2026-08-21T17:22:27.975+0430","caller":"smmvalidationjob/run.go:24","msg":"SMM validation job started","job":"smm-validation"}
{"level":"info","ts":"2026-08-21T17:22:27.976+0430","caller":"paymentexpiryjob/run.go:27","msg":"worker started","job":"payment-expiry"}
{"level":"info","ts":"2026-08-21T17:22:27.978+0430","caller":"paymentverifyjob/run.go:37","msg":"worker pending payments fetched","job":"payment-verify","count":0}
{"level":"info","ts":"2026-08-21T17:22:27.978+0430","caller":"paymentverifyjob/run.go:119","msg":"worker completed","job":"payment-verify","duration":0.00259849}
{"level":"info","ts":"2026-08-21T17:22:27.983+0430","caller":"paymentexpiryjob/run.go:39","msg":"expired payments fetched","job":"payment-expiry","count":0}
{"level":"info","ts":"2026-08-21T17:22:27.983+0430","caller":"statussyncJob/run.go:39","msg":"processing orders fetched","job":"status-sync","count":0}
{"level":"info","ts":"2026-08-21T17:22:27.984+0430","caller":"paymentexpiryjob/run.go:76","msg":"worker completed","job":"payment-expiry","duration":0.008102825}
{"level":"info","ts":"2026-08-21T17:22:27.984+0430","caller":"statussyncJob/run.go:101","msg":"worker completed","job":"status-sync","duration":0.008844297}
{"level":"warn","ts":"2026-08-21T17:22:29.599+0430","caller":"smmvalidationjob/run.go:58","msg":"SMM validation found missing services, admin notified","missing_count":8,"job":"smm-validation"}
{"level":"warn","ts":"2026-08-21T17:22:29.813+0430","caller":"notificationdispatchjob/run.go:73","msg":"send notification failed","notification_id":11,"error":"bad request, Bad Request: chat not found"}
{"level":"info","ts":"2026-08-21T17:22:40.888+0430","caller":"checkoutservice/processManualWalletRecharge.go:30","msg":"checkout manual recharge started","user_id":1,"amount":15000,"nonce":"29b9d471-0ae0-46f9-adea-a11e7f84bba8","idempotency_key":"7df51fb43c797801..."}
{"level":"info","ts":"2026-08-21T17:22:40.897+0430","caller":"checkoutservice/processManualWalletRecharge.go:59","msg":"checkout manual recharge completed","wallet_tx_id":4,"idempotency_key":"7df51fb43c797801...","latency":0.009134737}
{"level":"info","ts":"2026-08-21T17:22:41.868+0430","caller":"middleware/logger.go:37","msg":"telegram update processed","update_type":"command","handler":"/recharge","telegram_id":775589639,"chat_id":775589639,"duration":0.98231321}
{"level":"info","ts":"2026-08-21T17:23:28.009+0430","caller":"paymentverifyjob/run.go:37","msg":"worker pending payments fetched","job":"payment-verify","count":0}
{"level":"info","ts":"2026-08-21T17:23:28.009+0430","caller":"paymentverifyjob/run.go:119","msg":"worker completed","job":"payment-verify","duration":0.001592487}
{"level":"info","ts":"2026-08-21T17:24:27.977+0430","caller":"paymentverifyjob/run.go:37","msg":"worker pending payments fetched","job":"payment-verify","count":0}
{"level":"info","ts":"2026-08-21T17:24:27.978+0430","caller":"paymentverifyjob/run.go:119","msg":"worker completed","job":"payment-verify","duration":0.002387817}
{"level":"info","ts":"2026-08-21T17:25:27.981+0430","caller":"paymentverifyjob/run.go:37","msg":"worker pending payments fetched","job":"payment-verify","count":0}
{"level":"info","ts":"2026-08-21T17:25:27.981+0430","caller":"paymentverifyjob/run.go:119","msg":"worker completed","job":"payment-verify","duration":0.001352814}
{"level":"info","ts":"2026-08-21T17:26:00.360+0430","caller":"httpserver/server.go:56","msg":"http server shutting down"}
{"level":"error","ts":"2026-08-21T17:26:00.642+0430","caller":"app/lifecycle.go:42","msg":"telegram server shutdown error","error":"too many requests, Too Many Requests: retry after 227: retry_after 227","stacktrace":"telegram-service-platform/app.(*App).Shutdown\n\t/home/prince/bots/telegram-service-platform/app/lifecycle.go:42\nmain.main\n\t/home/prince/bots/telegram-service-platform/cmd/bot/main.go:51\nruntime.main\n\t/snap/go/11227/src/runtime/proc.go:290"}
{"level":"info","ts":"2026-08-21T17:26:04.472+0430","caller":"scheduler/register.go:15","msg":"scheduler register start"}
{"level":"info","ts":"2026-08-21T17:26:04.472+0430","caller":"scheduler/register.go:48","msg":"job registered","job":"payment-verify","interval":60}
{"level":"info","ts":"2026-08-21T17:26:04.472+0430","caller":"scheduler/register.go:48","msg":"job registered","job":"order-fulfiller","interval":300}
{"level":"info","ts":"2026-08-21T17:26:04.472+0430","caller":"scheduler/register.go:48","msg":"job registered","job":"status-sync","interval":300}
{"level":"info","ts":"2026-08-21T17:26:04.472+0430","caller":"scheduler/register.go:48","msg":"job registered","job":"payment-expiry","interval":300}
{"level":"info","ts":"2026-08-21T17:26:04.472+0430","caller":"scheduler/register.go:48","msg":"job registered","job":"notification-dispatch","interval":300}
{"level":"info","ts":"2026-08-21T17:26:04.472+0430","caller":"scheduler/register.go:48","msg":"job registered","job":"smm-validation","interval":43200}
{"level":"info","ts":"2026-08-21T17:26:04.472+0430","caller":"httpserver/server.go:44","msg":"http server starting","port":8183}
{"level":"info","ts":"2026-08-21T17:26:04.473+0430","caller":"paymentexpiryjob/run.go:27","msg":"worker started","job":"payment-expiry"}
{"level":"info","ts":"2026-08-21T17:26:04.473+0430","caller":"smmvalidationjob/run.go:24","msg":"SMM validation job started","job":"smm-validation"}
{"level":"info","ts":"2026-08-21T17:26:04.473+0430","caller":"notificationdispatchjob/run.go:27","msg":"worker started","job":"notification-dispatch"}
{"level":"info","ts":"2026-08-21T17:26:04.473+0430","caller":"statussyncJob/run.go:25","msg":"worker started","job":"status-sync"}
{"level":"info","ts":"2026-08-21T17:26:04.473+0430","caller":"orderfulfillerjob/run.go:27","msg":"worker started","job":"order-fulfiller"}
{"level":"info","ts":"2026-08-21T17:26:04.477+0430","caller":"paymentexpiryjob/run.go:39","msg":"expired payments fetched","job":"payment-expiry","count":0}
{"level":"info","ts":"2026-08-21T17:26:04.477+0430","caller":"paymentexpiryjob/run.go:76","msg":"worker completed","job":"payment-expiry","duration":0.00409115}
{"level":"info","ts":"2026-08-21T17:26:04.479+0430","caller":"paymentverifyjob/run.go:37","msg":"worker pending payments fetched","job":"payment-verify","count":0}
{"level":"info","ts":"2026-08-21T17:26:04.479+0430","caller":"paymentverifyjob/run.go:119","msg":"worker completed","job":"payment-verify","duration":0.006333036}
{"level":"info","ts":"2026-08-21T17:26:04.480+0430","caller":"statussyncJob/run.go:39","msg":"processing orders fetched","job":"status-sync","count":0}
{"level":"info","ts":"2026-08-21T17:26:04.480+0430","caller":"statussyncJob/run.go:101","msg":"worker completed","job":"status-sync","duration":0.007098142}
{"level":"warn","ts":"2026-08-21T17:26:06.112+0430","caller":"smmvalidationjob/run.go:58","msg":"SMM validation found missing services, admin notified","missing_count":8,"job":"smm-validation"}
{"level":"warn","ts":"2026-08-21T17:26:06.454+0430","caller":"notificationdispatchjob/run.go:73","msg":"send notification failed","notification_id":12,"error":"bad request, Bad Request: chat not found"}
{"level":"info","ts":"2026-08-21T17:26:19.095+0430","caller":"checkoutservice/processManualWalletRecharge.go:30","msg":"checkout manual recharge started","user_id":1,"amount":15000,"nonce":"e9bafcf5-b5ad-4ace-860f-6a544505f9ff","idempotency_key":"af580c6b6cf3e711..."}
{"level":"info","ts":"2026-08-21T17:26:19.103+0430","caller":"checkoutservice/processManualWalletRecharge.go:59","msg":"checkout manual recharge completed","wallet_tx_id":5,"idempotency_key":"af580c6b6cf3e711...","latency":0.007694305}
{"level":"info","ts":"2026-08-21T17:26:20.367+0430","caller":"middleware/logger.go:37","msg":"telegram update processed","update_type":"command","handler":"/recharge","telegram_id":775589639,"chat_id":775589639,"duration":1.273783315}
{"level":"info","ts":"2026-08-21T17:27:04.501+0430","caller":"paymentverifyjob/run.go:37","msg":"worker pending payments fetched","job":"payment-verify","count":0}
{"level":"info","ts":"2026-08-21T17:27:04.501+0430","caller":"paymentverifyjob/run.go:119","msg":"worker completed","job":"payment-verify","duration":0.002284291}
{"level":"info","ts":"2026-08-21T17:27:32.873+0430","caller":"httpserver/server.go:56","msg":"http server shutting down"}
{"level":"error","ts":"2026-08-21T17:27:33.219+0430","caller":"app/lifecycle.go:42","msg":"telegram server shutdown error","error":"too many requests, Too Many Requests: retry after 134: retry_after 134","stacktrace":"telegram-service-platform/app.(*App).Shutdown\n\t/home/prince/bots/telegram-service-platform/app/lifecycle.go:42\nmain.main\n\t/home/prince/bots/telegram-service-platform/cmd/bot/main.go:51\nruntime.main\n\t/snap/go/11227/src/runtime/proc.go:290"}
{"level":"info","ts":"2026-08-21T18:16:26.437+0430","caller":"scheduler/register.go:15","msg":"scheduler register start"}
{"level":"info","ts":"2026-08-21T18:16:26.439+0430","caller":"scheduler/register.go:48","msg":"job registered","job":"payment-verify","interval":60}
{"level":"info","ts":"2026-08-21T18:16:26.439+0430","caller":"scheduler/register.go:48","msg":"job registered","job":"order-fulfiller","interval":300}
{"level":"info","ts":"2026-08-21T18:16:26.439+0430","caller":"scheduler/register.go:48","msg":"job registered","job":"status-sync","interval":300}
{"level":"info","ts":"2026-08-21T18:16:26.439+0430","caller":"scheduler/register.go:48","msg":"job registered","job":"payment-expiry","interval":300}
{"level":"info","ts":"2026-08-21T18:16:26.439+0430","caller":"scheduler/register.go:48","msg":"job registered","job":"notification-dispatch","interval":300}
{"level":"info","ts":"2026-08-21T18:16:26.439+0430","caller":"scheduler/register.go:48","msg":"job registered","job":"smm-validation","interval":43200}
{"level":"info","ts":"2026-08-21T18:16:26.440+0430","caller":"httpserver/server.go:44","msg":"http server starting","port":8183}
{"level":"info","ts":"2026-08-21T18:16:26.441+0430","caller":"smmvalidationjob/run.go:24","msg":"SMM validation job started","job":"smm-validation"}
{"level":"info","ts":"2026-08-21T18:16:26.441+0430","caller":"statussyncJob/run.go:25","msg":"worker started","job":"status-sync"}
{"level":"info","ts":"2026-08-21T18:16:26.441+0430","caller":"paymentexpiryjob/run.go:27","msg":"worker started","job":"payment-expiry"}
{"level":"info","ts":"2026-08-21T18:16:26.441+0430","caller":"orderfulfillerjob/run.go:27","msg":"worker started","job":"order-fulfiller"}
{"level":"info","ts":"2026-08-21T18:16:26.441+0430","caller":"notificationdispatchjob/run.go:27","msg":"worker started","job":"notification-dispatch"}
{"level":"info","ts":"2026-08-21T18:16:26.501+0430","caller":"paymentverifyjob/run.go:37","msg":"worker pending payments fetched","job":"payment-verify","count":0}
{"level":"info","ts":"2026-08-21T18:16:26.501+0430","caller":"paymentverifyjob/run.go:119","msg":"worker completed","job":"payment-verify","duration":0.060724673}
{"level":"info","ts":"2026-08-21T18:16:26.501+0430","caller":"paymentexpiryjob/run.go:39","msg":"expired payments fetched","job":"payment-expiry","count":0}
{"level":"info","ts":"2026-08-21T18:16:26.501+0430","caller":"paymentexpiryjob/run.go:76","msg":"worker completed","job":"payment-expiry","duration":0.060215789}
{"level":"info","ts":"2026-08-21T18:16:26.501+0430","caller":"statussyncJob/run.go:39","msg":"processing orders fetched","job":"status-sync","count":0}
{"level":"info","ts":"2026-08-21T18:16:26.501+0430","caller":"statussyncJob/run.go:101","msg":"worker completed","job":"status-sync","duration":0.060471059}
{"level":"warn","ts":"2026-08-21T18:16:28.144+0430","caller":"smmvalidationjob/run.go:58","msg":"SMM validation found missing services, admin notified","missing_count":8,"job":"smm-validation"}
{"level":"warn","ts":"2026-08-21T18:16:28.345+0430","caller":"notificationdispatchjob/run.go:73","msg":"send notification failed","notification_id":13,"error":"bad request, Bad Request: chat not found"}
{"level":"info","ts":"2026-08-21T18:16:41.069+0430","caller":"checkoutservice/processManualWalletRecharge.go:30","msg":"checkout manual recharge started","user_id":1,"amount":20000,"nonce":"2f56ff60-de19-4e56-9076-2941a2f56f32","idempotency_key":"345f098cdbe71605..."}
{"level":"info","ts":"2026-08-21T18:16:41.098+0430","caller":"checkoutservice/processManualWalletRecharge.go:59","msg":"checkout manual recharge completed","wallet_tx_id":6,"idempotency_key":"345f098cdbe71605...","latency":0.029586667}
{"level":"info","ts":"2026-08-21T18:16:42.106+0430","caller":"middleware/logger.go:37","msg":"telegram update processed","update_type":"command","handler":"/recharge","telegram_id":775589639,"chat_id":775589639,"duration":1.044825116}
{"level":"info","ts":"2026-08-21T18:17:22.034+0430","caller":"httpserver/server.go:56","msg":"http server shutting down"}
{"level":"error","ts":"2026-08-21T18:17:32.392+0430","caller":"app/lifecycle.go:48","msg":"scheduler server shutdown error","error":"gocron: timed out waiting for jobs to finish","stacktrace":"telegram-service-platform/app.(*App).Shutdown\n\t/home/prince/bots/telegram-service-platform/app/lifecycle.go:48\nmain.main\n\t/home/prince/bots/telegram-service-platform/cmd/bot/main.go:51\nruntime.main\n\t/snap/go/11227/src/runtime/proc.go:290"}
{"level":"info","ts":"2026-08-22T14:07:08.234+0430","caller":"scheduler/register.go:15","msg":"scheduler register start"}
{"level":"info","ts":"2026-08-22T14:07:08.235+0430","caller":"scheduler/register.go:48","msg":"job registered","job":"payment-verify","interval":60}
{"level":"info","ts":"2026-08-22T14:07:08.235+0430","caller":"scheduler/register.go:48","msg":"job registered","job":"order-fulfiller","interval":300}
{"level":"info","ts":"2026-08-22T14:07:08.235+0430","caller":"scheduler/register.go:48","msg":"job registered","job":"status-sync","interval":300}
{"level":"info","ts":"2026-08-22T14:07:08.235+0430","caller":"scheduler/register.go:48","msg":"job registered","job":"payment-expiry","interval":300}
{"level":"info","ts":"2026-08-22T14:07:08.235+0430","caller":"scheduler/register.go:48","msg":"job registered","job":"notification-dispatch","interval":300}
{"level":"info","ts":"2026-08-22T14:07:08.235+0430","caller":"scheduler/register.go:48","msg":"job registered","job":"smm-validation","interval":43200}
{"level":"info","ts":"2026-08-22T14:07:08.235+0430","caller":"httpserver/server.go:44","msg":"http server starting","port":8183}
{"level":"info","ts":"2026-08-22T14:07:08.236+0430","caller":"notificationdispatchjob/run.go:27","msg":"worker started","job":"notification-dispatch"}
{"level":"info","ts":"2026-08-22T14:07:08.237+0430","caller":"statussyncJob/run.go:25","msg":"worker started","job":"status-sync"}
{"level":"info","ts":"2026-08-22T14:07:08.237+0430","caller":"paymentexpiryjob/run.go:27","msg":"worker started","job":"payment-expiry"}
{"level":"info","ts":"2026-08-22T14:07:08.237+0430","caller":"orderfulfillerjob/run.go:27","msg":"worker started","job":"order-fulfiller"}
{"level":"info","ts":"2026-08-22T14:07:08.237+0430","caller":"smmvalidationjob/run.go:24","msg":"SMM validation job started","job":"smm-validation"}
{"level":"info","ts":"2026-08-22T14:07:08.272+0430","caller":"statussyncJob/run.go:39","msg":"processing orders fetched","job":"status-sync","count":0}
{"level":"info","ts":"2026-08-22T14:07:08.273+0430","caller":"statussyncJob/run.go:101","msg":"worker completed","job":"status-sync","duration":0.035893109}
{"level":"info","ts":"2026-08-22T14:07:08.272+0430","caller":"paymentverifyjob/run.go:37","msg":"worker pending payments fetched","job":"payment-verify","count":0}
{"level":"info","ts":"2026-08-22T14:07:08.273+0430","caller":"paymentverifyjob/run.go:119","msg":"worker completed","job":"payment-verify","duration":0.03571313}
{"level":"info","ts":"2026-08-22T14:07:08.272+0430","caller":"paymentexpiryjob/run.go:39","msg":"expired payments fetched","job":"payment-expiry","count":0}
{"level":"info","ts":"2026-08-22T14:07:08.273+0430","caller":"paymentexpiryjob/run.go:76","msg":"worker completed","job":"payment-expiry","duration":0.035870934}
{"level":"warn","ts":"2026-08-22T14:07:10.211+0430","caller":"smmvalidationjob/run.go:58","msg":"SMM validation found missing services, admin notified","missing_count":16,"job":"smm-validation"}
{"level":"warn","ts":"2026-08-22T14:07:10.624+0430","caller":"notificationdispatchjob/run.go:73","msg":"send notification failed","notification_id":1,"error":"bad request, Bad Request: chat not found"}
{"level":"info","ts":"2026-08-22T14:07:23.819+0430","caller":"middleware/logger.go:37","msg":"telegram update processed","update_type":"command","handler":"/start","telegram_id":2053084840,"chat_id":2053084840,"duration":0.002229517}
{"level":"info","ts":"2026-08-22T14:07:39.149+0430","caller":"middleware/logger.go:37","msg":"telegram update processed","update_type":"command","handler":"/start","telegram_id":2053084840,"chat_id":2053084840,"duration":0.003348647}
{"level":"info","ts":"2026-08-22T14:08:08.242+0430","caller":"paymentverifyjob/run.go:37","msg":"worker pending payments fetched","job":"payment-verify","count":0}
{"level":"info","ts":"2026-08-22T14:08:08.242+0430","caller":"paymentverifyjob/run.go:119","msg":"worker completed","job":"payment-verify","duration":0.004685436}
{"level":"info","ts":"2026-08-22T14:08:21.534+0430","caller":"httpserver/server.go:56","msg":"http server shutting down"}
{"level":"error","ts":"2026-08-22T14:08:21.851+0430","caller":"app/lifecycle.go:42","msg":"telegram server shutdown error","error":"too many requests, Too Many Requests: retry after 526: retry_after 526","stacktrace":"telegram-service-platform/app.(*App).Shutdown\n\t/home/prince/bots/telegram-service-platform/app/lifecycle.go:42\nmain.main\n\t/home/prince/bots/telegram-service-platform/cmd/bot/main.go:51\nruntime.main\n\t/snap/go/11227/src/runtime/proc.go:290"}
{"level":"info","ts":"2026-08-22T14:52:22.807+0430","caller":"scheduler/register.go:15","msg":"scheduler register start"}
{"level":"info","ts":"2026-08-22T14:52:22.808+0430","caller":"scheduler/register.go:48","msg":"job registered","job":"payment-verify","interval":60}
{"level":"info","ts":"2026-08-22T14:52:22.808+0430","caller":"scheduler/register.go:48","msg":"job registered","job":"order-fulfiller","interval":300}
{"level":"info","ts":"2026-08-22T14:52:22.808+0430","caller":"scheduler/register.go:48","msg":"job registered","job":"status-sync","interval":300}
{"level":"info","ts":"2026-08-22T14:52:22.808+0430","caller":"scheduler/register.go:48","msg":"job registered","job":"payment-expiry","interval":300}
{"level":"info","ts":"2026-08-22T14:52:22.808+0430","caller":"scheduler/register.go:48","msg":"job registered","job":"notification-dispatch","interval":300}
{"level":"info","ts":"2026-08-22T14:52:22.808+0430","caller":"scheduler/register.go:48","msg":"job registered","job":"smm-validation","interval":43200}
{"level":"info","ts":"2026-08-22T14:52:22.808+0430","caller":"httpserver/server.go:44","msg":"http server starting","port":8183}
{"level":"info","ts":"2026-08-22T14:52:22.809+0430","caller":"orderfulfillerjob/run.go:27","msg":"worker started","job":"order-fulfiller"}
{"level":"info","ts":"2026-08-22T14:52:22.809+0430","caller":"smmvalidationjob/run.go:24","msg":"SMM validation job started","job":"smm-validation"}
{"level":"info","ts":"2026-08-22T14:52:22.809+0430","caller":"notificationdispatchjob/run.go:27","msg":"worker started","job":"notification-dispatch"}
{"level":"info","ts":"2026-08-22T14:52:22.809+0430","caller":"statussyncJob/run.go:25","msg":"worker started","job":"status-sync"}
{"level":"info","ts":"2026-08-22T14:52:22.811+0430","caller":"paymentexpiryjob/run.go:27","msg":"worker started","job":"payment-expiry"}
{"level":"info","ts":"2026-08-22T14:52:22.841+0430","caller":"statussyncJob/run.go:39","msg":"processing orders fetched","job":"status-sync","count":0}
{"level":"info","ts":"2026-08-22T14:52:22.841+0430","caller":"statussyncJob/run.go:101","msg":"worker completed","job":"status-sync","duration":0.031831864}
{"level":"info","ts":"2026-08-22T14:52:22.841+0430","caller":"paymentverifyjob/run.go:37","msg":"worker pending payments fetched","job":"payment-verify","count":0}
{"level":"info","ts":"2026-08-22T14:52:22.841+0430","caller":"paymentexpiryjob/run.go:39","msg":"expired payments fetched","job":"payment-expiry","count":0}
{"level":"info","ts":"2026-08-22T14:52:22.841+0430","caller":"paymentverifyjob/run.go:119","msg":"worker completed","job":"payment-verify","duration":0.031759141}
{"level":"info","ts":"2026-08-22T14:52:22.841+0430","caller":"paymentexpiryjob/run.go:76","msg":"worker completed","job":"payment-expiry","duration":0.030220715}
{"level":"warn","ts":"2026-08-22T14:52:24.729+0430","caller":"smmvalidationjob/run.go:58","msg":"SMM validation found missing services, admin notified","missing_count":16,"job":"smm-validation"}
{"level":"warn","ts":"2026-08-22T14:52:25.098+0430","caller":"notificationdispatchjob/run.go:73","msg":"send notification failed","notification_id":2,"error":"bad request, Bad Request: chat not found"}
{"level":"info","ts":"2026-08-22T14:52:31.027+0430","caller":"middleware/logger.go:37","msg":"telegram update processed","update_type":"command","handler":"/start","telegram_id":2053084840,"chat_id":2053084840,"duration":0.002114529}
{"level":"info","ts":"2026-08-22T14:52:41.352+0430","caller":"middleware/logger.go:37","msg":"telegram update processed","update_type":"command","handler":"/start","telegram_id":2053084840,"chat_id":2053084840,"duration":0.001800307}
{"level":"info","ts":"2026-08-22T14:52:43.726+0430","caller":"httpserver/server.go:56","msg":"http server shutting down"}
{"level":"error","ts":"2026-08-22T14:52:54.044+0430","caller":"app/lifecycle.go:48","msg":"scheduler server shutdown error","error":"gocron: timed out waiting for jobs to finish","stacktrace":"telegram-service-platform/app.(*App).Shutdown\n\t/home/prince/bots/telegram-service-platform/app/lifecycle.go:48\nmain.main\n\t/home/prince/bots/telegram-service-platform/cmd/bot/main.go:51\nruntime.main\n\t/snap/go/11227/src/runtime/proc.go:290"}
{"level":"info","ts":"2026-08-22T14:54:30.463+0430","caller":"scheduler/register.go:15","msg":"scheduler register start"}
{"level":"info","ts":"2026-08-22T14:54:30.463+0430","caller":"scheduler/register.go:48","msg":"job registered","job":"payment-verify","interval":60}
{"level":"info","ts":"2026-08-22T14:54:30.463+0430","caller":"scheduler/register.go:48","msg":"job registered","job":"order-fulfiller","interval":300}
{"level":"info","ts":"2026-08-22T14:54:30.463+0430","caller":"scheduler/register.go:48","msg":"job registered","job":"status-sync","interval":300}
{"level":"info","ts":"2026-08-22T14:54:30.463+0430","caller":"scheduler/register.go:48","msg":"job registered","job":"payment-expiry","interval":300}
{"level":"info","ts":"2026-08-22T14:54:30.463+0430","caller":"scheduler/register.go:48","msg":"job registered","job":"notification-dispatch","interval":300}
{"level":"info","ts":"2026-08-22T14:54:30.463+0430","caller":"scheduler/register.go:48","msg":"job registered","job":"smm-validation","interval":43200}
{"level":"info","ts":"2026-08-22T14:54:30.463+0430","caller":"httpserver/server.go:44","msg":"http server starting","port":8183}
{"level":"info","ts":"2026-08-22T14:54:30.464+0430","caller":"statussyncJob/run.go:25","msg":"worker started","job":"status-sync"}
{"level":"info","ts":"2026-08-22T14:54:30.464+0430","caller":"paymentexpiryjob/run.go:27","msg":"worker started","job":"payment-expiry"}
{"level":"info","ts":"2026-08-22T14:54:30.464+0430","caller":"notificationdispatchjob/run.go:27","msg":"worker started","job":"notification-dispatch"}
{"level":"info","ts":"2026-08-22T14:54:30.465+0430","caller":"smmvalidationjob/run.go:24","msg":"SMM validation job started","job":"smm-validation"}
{"level":"info","ts":"2026-08-22T14:54:30.465+0430","caller":"orderfulfillerjob/run.go:27","msg":"worker started","job":"order-fulfiller"}
{"level":"info","ts":"2026-08-22T14:54:30.467+0430","caller":"paymentverifyjob/run.go:37","msg":"worker pending payments fetched","job":"payment-verify","count":0}
{"level":"info","ts":"2026-08-22T14:54:30.468+0430","caller":"paymentverifyjob/run.go:119","msg":"worker completed","job":"payment-verify","duration":0.004181073}
{"level":"info","ts":"2026-08-22T14:54:30.474+0430","caller":"paymentexpiryjob/run.go:39","msg":"expired payments fetched","job":"payment-expiry","count":0}
{"level":"info","ts":"2026-08-22T14:54:30.474+0430","caller":"statussyncJob/run.go:39","msg":"processing orders fetched","job":"status-sync","count":0}
{"level":"info","ts":"2026-08-22T14:54:30.474+0430","caller":"paymentexpiryjob/run.go:76","msg":"worker completed","job":"payment-expiry","duration":0.009667438}
{"level":"info","ts":"2026-08-22T14:54:30.474+0430","caller":"statussyncJob/run.go:101","msg":"worker completed","job":"status-sync","duration":0.009956344}
{"level":"warn","ts":"2026-08-22T14:54:32.130+0430","caller":"smmvalidationjob/run.go:58","msg":"SMM validation found missing services, admin notified","missing_count":16,"job":"smm-validation"}
{"level":"warn","ts":"2026-08-22T14:54:32.998+0430","caller":"notificationdispatchjob/run.go:73","msg":"send notification failed","notification_id":3,"error":"bad request, Bad Request: chat not found"}
{"level":"info","ts":"2026-08-22T14:54:36.080+0430","caller":"middleware/logger.go:37","msg":"telegram update processed","update_type":"command","handler":"/start","telegram_id":2053084840,"chat_id":2053084840,"duration":0.766722674}
{"level":"info","ts":"2026-08-22T14:54:40.696+0430","caller":"middleware/logger.go:37","msg":"telegram update processed","update_type":"command","handler":"/start","telegram_id":2053084840,"chat_id":2053084840,"duration":0.342939409}
{"level":"info","ts":"2026-08-22T14:54:48.662+0430","caller":"middleware/logger.go:37","msg":"telegram update processed","update_type":"callback","handler":"smm:category","telegram_id":2053084840,"chat_id":2053084840,"duration":0.219048645}
{"level":"error","ts":"2026-08-22T14:54:52.356+0430","caller":"mainhandler/selectService.go:75","msg":"failed to send service details","error":"bad request, Bad Request: chat not found","op":"mainhandler.selectService","stacktrace":"telegram-service-platform/delivery/telegramserver/handler/mainhandler.(*Handler).selectService\n\t/home/prince/bots/telegram-service-platform/delivery/telegramserver/handler/mainhandler/selectService.go:75\ntelegram-service-platform/delivery/telegramserver/handler/mainhandler.(*Handler).RegisterRoutes.(*Handler).middlewares.ActivityTracking.func5.1\n\t/home/prince/bots/telegram-service-platform/delivery/telegramserver/middleware/activity_tracking.go:39\ntelegram-service-platform/delivery/telegramserver/handler/mainhandler.(*Handler).RegisterRoutes.(*Handler).middlewares.Public.Recover.func15.1\n\t/home/prince/bots/telegram-service-platform/delivery/telegramserver/middleware/recover.go:49\ntelegram-service-platform/delivery/telegramserver/handler/mainhandler.(*Handler).RegisterRoutes.(*Handler).middlewares.Public.Logger.func14.1\n\t/home/prince/bots/telegram-service-platform/delivery/telegramserver/middleware/logger.go:28"}
{"level":"info","ts":"2026-08-22T14:54:52.357+0430","caller":"middleware/logger.go:37","msg":"telegram update processed","update_type":"callback","handler":"smm:service","telegram_id":2053084840,"chat_id":2053084840,"duration":0.358997239}
{"level":"info","ts":"2026-08-22T14:55:30.490+0430","caller":"paymentverifyjob/run.go:37","msg":"worker pending payments fetched","job":"payment-verify","count":0}
{"level":"info","ts":"2026-08-22T14:55:30.490+0430","caller":"paymentverifyjob/run.go:119","msg":"worker completed","job":"payment-verify","duration":0.001430305}
{"level":"info","ts":"2026-08-22T14:56:30.485+0430","caller":"paymentverifyjob/run.go:37","msg":"worker pending payments fetched","job":"payment-verify","count":0}
{"level":"info","ts":"2026-08-22T14:56:30.485+0430","caller":"paymentverifyjob/run.go:119","msg":"worker completed","job":"payment-verify","duration":0.001693875}
{"level":"info","ts":"2026-08-22T14:56:47.289+0430","caller":"httpserver/server.go:56","msg":"http server shutting down"}
{"level":"error","ts":"2026-08-22T14:56:47.620+0430","caller":"app/lifecycle.go:42","msg":"telegram server shutdown error","error":"too many requests, Too Many Requests: retry after 462: retry_after 462","stacktrace":"telegram-service-platform/app.(*App).Shutdown\n\t/home/prince/bots/telegram-service-platform/app/lifecycle.go:42\nmain.main\n\t/home/prince/bots/telegram-service-platform/cmd/bot/main.go:51\nruntime.main\n\t/snap/go/11227/src/runtime/proc.go:290"}
{"level":"info","ts":"2026-08-22T15:03:30.033+0430","caller":"scheduler/register.go:15","msg":"scheduler register start"}
{"level":"info","ts":"2026-08-22T15:03:30.033+0430","caller":"scheduler/register.go:48","msg":"job registered","job":"payment-verify","interval":60}
{"level":"info","ts":"2026-08-22T15:03:30.033+0430","caller":"scheduler/register.go:48","msg":"job registered","job":"order-fulfiller","interval":300}
{"level":"info","ts":"2026-08-22T15:03:30.033+0430","caller":"scheduler/register.go:48","msg":"job registered","job":"status-sync","interval":300}
{"level":"info","ts":"2026-08-22T15:03:30.033+0430","caller":"scheduler/register.go:48","msg":"job registered","job":"payment-expiry","interval":300}
{"level":"info","ts":"2026-08-22T15:03:30.033+0430","caller":"scheduler/register.go:48","msg":"job registered","job":"notification-dispatch","interval":300}
{"level":"info","ts":"2026-08-22T15:03:30.033+0430","caller":"scheduler/register.go:48","msg":"job registered","job":"smm-validation","interval":43200}
{"level":"info","ts":"2026-08-22T15:03:30.033+0430","caller":"httpserver/server.go:44","msg":"http server starting","port":8183}
{"level":"info","ts":"2026-08-22T15:03:30.034+0430","caller":"orderfulfillerjob/run.go:27","msg":"worker started","job":"order-fulfiller"}
{"level":"info","ts":"2026-08-22T15:03:30.034+0430","caller":"paymentexpiryjob/run.go:27","msg":"worker started","job":"payment-expiry"}
{"level":"info","ts":"2026-08-22T15:03:30.034+0430","caller":"notificationdispatchjob/run.go:27","msg":"worker started","job":"notification-dispatch"}
{"level":"info","ts":"2026-08-22T15:03:30.035+0430","caller":"statussyncJob/run.go:25","msg":"worker started","job":"status-sync"}
{"level":"info","ts":"2026-08-22T15:03:30.035+0430","caller":"smmvalidationjob/run.go:24","msg":"SMM validation job started","job":"smm-validation"}
{"level":"info","ts":"2026-08-22T15:03:30.039+0430","caller":"statussyncJob/run.go:39","msg":"processing orders fetched","job":"status-sync","count":0}
{"level":"info","ts":"2026-08-22T15:03:30.039+0430","caller":"statussyncJob/run.go:101","msg":"worker completed","job":"status-sync","duration":0.004083441}
{"level":"info","ts":"2026-08-22T15:03:30.043+0430","caller":"paymentexpiryjob/run.go:39","msg":"expired payments fetched","job":"payment-expiry","count":0}
{"level":"info","ts":"2026-08-22T15:03:30.043+0430","caller":"paymentexpiryjob/run.go:76","msg":"worker completed","job":"payment-expiry","duration":0.008611001}
{"level":"info","ts":"2026-08-22T15:03:30.044+0430","caller":"paymentverifyjob/run.go:37","msg":"worker pending payments fetched","job":"payment-verify","count":0}
{"level":"info","ts":"2026-08-22T15:03:30.044+0430","caller":"paymentverifyjob/run.go:119","msg":"worker completed","job":"payment-verify","duration":0.00839944}
{"level":"warn","ts":"2026-08-22T15:03:31.959+0430","caller":"smmvalidationjob/run.go:58","msg":"SMM validation found missing services, admin notified","missing_count":16,"job":"smm-validation"}
{"level":"warn","ts":"2026-08-22T15:03:32.352+0430","caller":"notificationdispatchjob/run.go:73","msg":"send notification failed","notification_id":4,"error":"bad request, Bad Request: chat not found"}
{"level":"info","ts":"2026-08-22T15:03:51.974+0430","caller":"middleware/logger.go:37","msg":"telegram update processed","update_type":"command","handler":"/start","telegram_id":2053084840,"chat_id":2053084840,"duration":0.368499152}
{"level":"info","ts":"2026-08-22T15:03:54.697+0430","caller":"middleware/logger.go:37","msg":"telegram update processed","update_type":"callback","handler":"smm:category","telegram_id":2053084840,"chat_id":2053084840,"duration":0.24413114}
{"level":"info","ts":"2026-08-22T15:03:56.567+0430","caller":"middleware/logger.go:37","msg":"telegram update processed","update_type":"callback","handler":"smm:service","telegram_id":2053084840,"chat_id":2053084840,"duration":0.227822127}
{"level":"info","ts":"2026-08-22T15:04:03.215+0430","caller":"middleware/logger.go:37","msg":"telegram update processed","update_type":"message","handler":"text","telegram_id":2053084840,"chat_id":2053084840,"duration":0.000866451}
{"level":"info","ts":"2026-08-22T15:04:09.075+0430","caller":"middleware/logger.go:37","msg":"telegram update processed","update_type":"message","handler":"text","telegram_id":2053084840,"chat_id":2053084840,"duration":0.0011309}
{"level":"info","ts":"2026-08-22T15:04:30.049+0430","caller":"paymentverifyjob/run.go:37","msg":"worker pending payments fetched","job":"payment-verify","count":0}
{"level":"info","ts":"2026-08-22T15:04:30.049+0430","caller":"paymentverifyjob/run.go:119","msg":"worker completed","job":"payment-verify","duration":0.00205709}
{"level":"info","ts":"2026-08-22T15:04:36.226+0430","caller":"httpserver/server.go:56","msg":"http server shutting down"}
{"level":"error","ts":"2026-08-22T15:04:46.556+0430","caller":"app/lifecycle.go:48","msg":"scheduler server shutdown error","error":"gocron: timed out waiting for jobs to finish","stacktrace":"telegram-service-platform/app.(*App).Shutdown\n\t/home/prince/bots/telegram-service-platform/app/lifecycle.go:48\nmain.main\n\t/home/prince/bots/telegram-service-platform/cmd/bot/main.go:51\nruntime.main\n\t/snap/go/11227/src/runtime/proc.go:290"}
